share_permanent,share_track_res,q0_per_review,q_fp_uplift,q_res_work0,q_res_work_uplift,q_res_to_fp0,q_res_to_fp_reduction,res_expiry_to_fp,relapse_per_year,p_employment,p_fleksjob,p_other_benefit,net_cost_employment,net_cost_fleksjob,net_cost_other,program_cost_per_participant,folkepension_age,flat_discount,mean_saving
0.4557858718400307,0.45389053881778496,0.0021457269079007578,0.012208584345785764,0.15360724107952836,0.08104515927975606,0.15772528827998014,0.047425973973005395,0.5754746570578538,0.03999776339073539,0.1067581264930964,0.6513338936553781,0.24190797985152562,-62391.05377592238,91956.3357088751,131685.76537634124,12836.800436390731,69,0.04431586144267387,44637.32571642948
0.48158545896078114,0.5383949135420495,0.0037704675224754353,0.008506712248482982,0.12653451830388684,0.018779851953468034,0.06448606141780486,0.004227360697949711,0.4914855974668798,0.06749150237578751,0.15090164902669415,0.509884868858435,0.3392134821148708,-23818.68850548856,136483.1289631419,167807.12494809984,1334.497606898376,68,0.025717409453760987,595.0197299179649
0.5493789649412342,0.4179330292085136,0.0002980170509441981,0.025225199542831485,0.1123474323534278,0.058202114270418756,0.12925170564952754,0.028089115947165306,0.7039228430860821,0.058789328566156956,0.25074025387254983,0.3329627556773479,0.4162969904501022,-25384.689958088053,131840.612795445,181292.14224607497,14964.23927515646,67,0.035820611572380714,18825.557854481354
0.6733510111929919,0.44107577653384333,0.0018488635289344456,0.028562453873813044,0.04966870345121619,0.06485849621618306,0.11138287402743474,0.03532722626747932,0.49234574440869794,0.040477303512586,0.4215262150902397,0.3941389432223277,0.18433484168743278,-104725.11030126632,125547.28139580385,132428.91933516326,2532.386362320772,70,0.043005192893977036,118758.23228597186
0.5970534417341553,0.47915530325625366,0.021473928891265145,0.011731664498316223,0.19558289359961414,0.03108453363128435,0.1718374431542673,0.021237573411167606,0.6464921784575096,0.14834351851186015,0.22246594844474993,0.3114013162129019,0.46613273534234806,-102356.29134316414,107435.01460003109,149797.99600695874,7647.95911926621,68,0.02494920007972782,13419.127549387127
0.6446482870328527,0.5176388340561058,0.02017003824342937,0.00947159756456918,0.1072388420754945,0.04776407971749384,0.09152126283460768,0.0021221629122559482,0.6828722556992283,0.04056681590298432,0.21684889988221395,0.4585896930733432,0.32456140704444275,-50710.62931581385,123927.66439090953,110265.88097539218,12310.35902461683,69,0.03299230060254234,18670.379889661068
0.48750702792593575,0.5397028205085754,0.03034590328337794,0.019462500583914764,0.11887807176200449,0.026532643236656463,0.13619851025540375,0.0003342129936245275,0.6989272074910167,0.04754294904354431,0.10916112498716848,0.3585883481434858,0.5322505268693457,-71635.7529417377,103968.3492655559,123575.02119746372,4720.105876761869,70,0.02564066762442844,37015.76514035559
0.5290394158491318,0.5201442342769447,0.01864495025595694,0.02299341031294877,0.06776461290330371,0.0701731834563297,0.10422384197334755,0.01439338517593667,0.47489252884314415,0.05016986223080192,0.30934104891370207,0.2871761042861823,0.40348284680011565,-62322.58327687581,60708.66745606116,136410.27233539615,10874.882592931248,70,0.031100843580461158,81469.57119678569
0.5668843116200508,0.3904715808088027,0.010292864364767337,0.008843416227520032,0.055053301675136626,0.0884004395846566,0.09336877558630068,0.039616155580326266,0.5389977577049395,0.03406344153592378,0.1503413662232068,0.6157873803697747,0.2338712534070186,-81835.50425234795,138347.7628678181,146062.01100274685,14459.144672275004,71,0.02592927965485773,25456.65120497282
0.6146996192518259,0.5343821873522459,0.019812439618200856,0.021213862505709054,0.041325036311817026,0.014934816576868305,0.08791380909228054,0.02213245346857359,0.6936826913658443,0.03222410993354728,0.06924874646280131,0.6146714528947324,0.3160798006424664,-52726.7187356698,127073.7972156894,191181.10681270176,7945.719175144412,68,0.04647983826236939,-2703.8357856049142
0.6186136735335775,0.48261506323984216,0.01318803443967129,0.019510251234039835,0.07904266821091571,0.029971744528083006,0.1705391797767427,0.018209096045408858,0.5650504591618257,0.046317008026756576,0.23258182528182272,0.30303063055518703,0.46438754416299033,-87218.14813185392,142565.92999821308,119509.10841180747,11273.011832299104,70,0.039656094959204004,28856.25401011346
0.6194378553307277,0.5595421478072424,0.013373384831323661,0.009659796582395776,0.13460311739453326,0.03889150947260971,0.13544611631618356,0.04950516718225487,0.5452446138498436,0.08822814965485061,0.1889015899229605,0.35047941849319353,0.460618991583846,-108924.75882988062,120930.83895651472,157928.39467794952,15544.816184109894,68,0.03509208935402984,9173.522827761319
0.4444222861134723,0.3804009760752924,0.01172643926173099,0.01589649263542402,0.0723102356991394,0.0267167312691526,0.1791626600489529,0.018163759518633887,0.4910360804354791,0.02241753551115692,0.16977495950625648,0.43414172286293645,0.3960833176308069,-123520.3344019069,186609.73233504812,157916.3797771669,8994.887886624785,70,0.02913659146878521,26822.142268066753
0.5766356946339817,0.593087539259104,0.015658599555237483,0.01788532190360801,0.06508217451165667,0.02466258077976714,0.12632663049442383,0.0006411859056102587,0.6118736074400802,0.06767371053024675,0.22231243079646235,0.3836416373354336,0.394045931868104,-31769.76316446983,145757.59389353875,132571.10053229769,11719.409922269237,67,0.022360397444649245,18475.94804601434
0.47463798162239895,0.4968655751978364,0.031053544730214586,0.009525843632115803,0.07339128924596913,0.012283581446797136,0.08989936906141556,0.003168320577054146,0.6525060993165771,0.02123047216027389,0.23551307494791424,0.4395681983563653,0.3249187266957205,-14771.093969316877,104512.16078036527,160473.50867728566,11161.68417791552,69,0.03669249859591533,2971.42818342764
0.43776062105294483,0.6039607245621326,0.013026309719686694,0.024865317611635896,0.09048636645405128,0.05391103469597511,0.09481064797369533,0.0402468286632306,0.7072087342484017,0.025161460125398636,0.1468566327268145,0.32962091616013356,0.523522451113052,-125773.17812302106,142154.42345308085,136586.65182615025,12029.261959751566,71,0.03664047055960057,62913.91065780494
0.4741536135071912,0.5611925583548105,0.02630259983516156,0.014919552481774748,0.07680828663627894,0.010527697849296632,0.07836454949391802,0.02581421088377292,0.38516797733918895,0.03231498950688843,0.29452739385463095,0.4549020537413742,0.25057055240399473,-18450.205860646034,114737.79369373781,135753.18665419865,15483.275667170581,70,0.020192860355090627,36545.20910121406
0.6669744919893537,0.4643453724038871,0.01147030111432783,0.010625632115759183,0.04867589568826511,0.028362411058101583,0.0625196476684002,0.0013847820469275463,0.6998407092855743,0.025160128536505927,0.09439921582313374,0.5260295854641782,0.3795711987126882,-59494.586137606886,121887.86114601122,156663.78694400718,20226.447312979377,69,0.049205136295890524,-9146.171096638587
0.682103587563177,0.5426413902536058,0.008241547857021537,0.015881019064131873,0.11021105011459209,0.03390652990382141,0.09757485500176023,0.04487975563001559,0.5488567659810829,0.05748537761972875,0.15712376913066523,0.5099759079874572,0.3329003228818778,-97321.50230783876,117087.51486127505,149549.53285651008,11708.392073504783,67,0.026504467814508655,29502.98871192301
0.5747309175647763,0.6559460540681535,0.02157538427118096,0.01963200466024876,0.10265883688698714,0.07830936481952264,0.11666675957908805,0.023191247874778775,0.6296279468550456,0.04981215504945286,0.07491150228285608,0.4858385237835283,0.43924997393361565,-83434.32552777277,114695.24612575068,141847.0067054496,4553.689305936752,69,0.020075074521180857,30510.14774933249
0.6452095573083786,0.5368623630188492,0.0219975770804745,0.01648690215891185,0.05939229785711841,0.06503751302123971,0.0656104845084994,0.035864228112039494,0.6751780949003839,0.04788604588357715,0.17939799415270483,0.5114006599485791,0.3092013458987161,-84674.38334809711,135717.08854476528,134980.9917938204,13404.27560899105,67,0.022158285476124126,48156.771750671425
0.5064116850804328,0.4634994178885503,0.03977539852926238,0.022717395543591146,0.11195455703193509,0.042867904999262955,0.13592325900859634,0.011145016344773828,0.6559241182968674,0.014922977631224611,0.16498921208390893,0.4279156596780134,0.40709512823807764,-67004.47066991175,129680.54200180003,176046.2552070226,6457.785732561938,67,0.025040848231997558,21863.55895197727
0.49326277721728473,0.47661789585973113,0.024243391661136322,0.02250603013189376,0.0863925846227445,0.07331917267541313,0.1280759887930958,0.01965417599748856,0.4434593936615231,0.04170997591077796,0.1607408679090009,0.5356816022030336,0.30357752988796544,-69608.31994861992,103201.22714443036,164987.30286758114,2864.3049362145844,72,0.03543769727481375,69895.63829207332
0.45266867798536425,0.5927514240294602,0.017106751150085753,0.008539634595332258,0.07066430184251325,0.04447374560159363,0.0732197120794751,0.04713403940863958,0.7753587178153919,0.01770094442519066,0.1999649133150503,0.4982688863062564,0.30176620037869323,-39030.01514961131,113574.55553036423,156781.95172669116,9947.433799841878,72,0.03649289899088578,46582.48219012234
0.49072464660363235,0.643151353532473,0.0223231321226852,0.00521299704556135,0.10346169934439375,0.08507242618033627,0.08163503668524606,0.01042778340593894,0.7488781297322953,0.02360776138702491,0.19053834313402515,0.42466359203495163,0.38479806483102336,-78044.80282274108,120606.64243152307,148720.94940644747,10867.414322585048,68,0.02889309980345252,58657.7701203596
0.3840009146815864,0.5673016774498252,0.02497176224970226,0.024343540535287894,0.12448025932229259,0.015333469876928225,0.09295406726279724,0.045194450287073085,0.8655292604817436,0.037723897334575485,0.2948933374738564,0.39165918689797574,0.313447475628168,-43315.28284376815,104441.67801168717,135431.2305094963,9517.403437855424,67,0.037492184876077285,57277.111871724715
0.5277354560637214,0.5437385937617398,0.01085242254762007,0.01400361885170985,0.10795113824438829,0.0511956163425751,0.084050970099166,0.0016333235235320154,0.7509973110634394,0.06932719084446379,0.16654620934100967,0.4900907663948843,0.3433630242641059,-78310.21697923644,87508.07399514607,122125.10309448658,7116.925797089529,69,0.03142124499930169,31128.72849663221
0.5542454116961245,0.4220156216203945,0.0077654362526470965,0.009149809827902937,0.10304371790265536,0.03691230538370273,0.0468584754526072,0.03625134961405274,0.6526970072217222,0.05361522812295636,0.17672205486042214,0.4160812071146682,0.40719673802490963,-26685.228376644176,79751.51388770758,177144.69445541943,7036.912628649961,70,0.02291227718318569,27811.26248770967
0.599752698713582,0.48156624239514256,0.0062037977875314355,0.026818411431709634,0.05925704023036726,0.01572903903699216,0.09319293026313442,0.046699114583317054,0.6035975788511734,0.011077453107630437,0.40430084388944126,0.3905529439065122,0.20514621220404658,-43728.11150916007,123899.59484180587,166773.85450121306,6854.216482438887,69,0.04255465177465805,72659.08763480872
0.513776345670927,0.5280037299194436,0.026865917917239922,0.027365933283461246,0.09431456896394116,0.029012783820202684,0.13400180235627668,0.005983285325785365,0.6919477585306351,0.022615554387960864,0.10664526924057502,0.3816447780781224,0.5117099526813025,-88383.54316715416,88116.61370498568,160407.76017189713,12081.725595919743,68,0.043601300434348324,25333.131006618416
0.5579091246397874,0.6915436330658422,0.008254463007465636,0.00553711046687342,0.08129452345518916,0.05061622206524248,0.15574591285535924,0.024780810321208255,0.5067369370223372,0.024603123823210206,0.24077911422728035,0.4792399048225652,0.27998098095015445,-53522.71002397139,163261.7477928902,133243.53321889244,14708.537250774416,67,0.03226874390472499,27716.605075218402
0.4417477540801184,0.5452603743535542,0.021512909374436506,0.024348711477177633,0.24783638917733328,0.05484183952948507,0.12154927729584879,0.041449676950452416,0.5055973055409828,0.051715831869243174,0.2862661035724928,0.2676350724710395,0.44609882395646777,-93964.90802693396,113683.01407813349,107030.39087720001,6904.639157676736,69,0.025461478330503603,118622.08778409455
0.5342481269691415,0.606865953101959,0.005193532392788616,0.0231971409075521,0.1819612257525116,0.06388830364613342,0.05228175932012433,0.007126204634870792,0.585685752481042,0.03767946970231563,0.17893722270105536,0.3659812215429788,0.4550815557559657,-66393.92738840262,105828.22754949126,127160.20370133605,10695.765867720445,71,0.04654211325177117,37384.68388524493
0.5889270741852237,0.5504685519210465,0.0032245049759416617,0.0150342370105849,0.15410185968579393,0.06692766979530741,0.08212640082706549,0.0028312321082328675,0.7196009130713479,0.04524364596901404,0.1339341230679765,0.4715401503301498,0.39452572660187385,-77687.60899993851,154999.60522431726,163345.64280948805,9671.442041767099,70,0.04335994751237652,-2169.86508245669
0.5524564895691335,0.37754200675247057,0.009261779018452763,0.005023313292408423,0.05390125192016545,0.041402000871868724,0.10086069645926496,0.01951884014810942,0.6498020421689304,0.04201513562744639,0.20529008934225657,0.5706529105947046,0.22405700006303902,-27796.078810007744,135504.0676510036,169542.8441250716,20601.29584603322,70,0.03786112290929364,-5505.501406596209
0.7977579371445528,0.510591332127944,0.026401505457257637,0.01982795077401405,0.11835014531153423,0.08330729813564335,0.061604346744191366,0.022578550552407352,0.5061012478139745,0.022714156299762416,0.2213795439896393,0.5028656753750732,0.27575478063528763,-72208.4393865984,117873.78883329079,136764.60944908718,1000.0,69,0.03406230337281989,51156.725015733355
0.45472192720527244,0.43672425151624183,0.02662312107931495,0.02781335231159663,0.12406551230843578,0.031202776446716794,0.09781718029456504,0.020596907392875976,0.4674693236965676,0.04264756454890067,0.3400404717675775,0.3965170265023961,0.26344250173002637,-48258.990534905424,80393.27327497784,111542.84817954269,12796.32685668731,72,0.04346509617092965,76825.93438863382
0.5875524945954018,0.35845458501214955,0.05346109465512816,0.021559506479683826,0.05929596640754243,0.08215845472171603,0.03379607682289701,0.0008175073594776039,0.5677500834152708,0.02757685137839964,0.04904312089953932,0.45732993605761935,0.4936269430428413,-70336.51422873582,221352.2343368102,164069.58844275627,14329.385687127147,67,0.04405507222997012,-50149.79054249822
0.652367583342968,0.5031799678194061,0.031044314347828585,0.016931336043366392,0.05886926738525765,0.06457686772640304,0.08167142887210917,0.03903518603872619,0.5670764463613274,0.04130966035667857,0.2644164450340488,0.5125364914225927,0.22304706354335838,-49841.7143477736,105861.85085371288,146086.40434371153,15392.905649895121,70,0.041467728185120095,47018.223980305374
0.6470706870005608,0.4229878978807103,0.009023718067746158,0.011011926646364526,0.0361028472513125,0.0288929103685909,0.03779815513378359,0.03688801184974968,0.60990984589205,0.023798815847905313,0.2556098189049039,0.36449836346381004,0.379891817631286,-35419.52972724506,154029.57274876727,190847.89052308025,8345.991443061315,71,0.043098916322062815,12073.60093699744
0.6148933341438576,0.45250755353607175,0.0271836587386456,0.02545381380817197,0.1151910220959295,0.042761351950492923,0.1944540924550641,0.041054873685139104,0.8370636061910312,0.019344720163424464,0.13274714183737185,0.4459188126360608,0.4213340455265674,-75739.55076221057,164743.60848307906,121300.6744541752,7817.759639515482,71,0.030692605853761438,33186.602663023885
0.6007633089274531,0.6092856494708426,0.010509374781269792,0.02403973287167945,0.061916589095237264,0.05059573316727705,0.09076770077683458,0.032078415818489074,0.7040893447664665,0.01383650165958682,0.18607431147599487,0.3404491753223662,0.473476513201639,-61763.17156976988,89669.99570777359,131003.39871467566,5219.1292167307465,69,0.04961077917206905,78635.18208561954
0.4851673712533656,0.4974980699994136,0.02843485069765551,0.01396878723248071,0.09074598283689608,0.013816499771935442,0.06844527109008271,0.00792041141581854,0.653102555334594,0.06297275135492396,0.18918595372898017,0.3078135168587153,0.5030005294123047,-71528.1841667313,161949.88530877393,155752.1560910476,16120.259263984566,71,0.03581209080386616,-7390.141718752674
0.5880824179880767,0.36795930799716287,0.03970045660942424,0.015676856648939873,0.06876430342311882,0.017594793150362723,0.127979402597266,0.011853062158184014,0.7027906019720096,0.055694825824855576,0.2117505177354426,0.47258976875650255,0.31565971350805494,-52135.35230749601,139753.08409348718,157719.96758123345,10293.146792616571,68,0.020564767798739034,9789.995737680063
0.5262652911082873,0.4387701239973747,0.022770129082052375,0.005398823308743995,0.05816170416453181,0.04268166713388076,0.09652563455507909,0.045626868942577274,0.701635546170796,0.0182818847834747,0.10059927398218961,0.44663500333596384,0.4527657226818465,-107485.71918398813,138364.44905601366,141906.75051594706,5919.027907200875,67,0.031737488737468685,18946.052212693987
0.41648367686591375,0.462607609967063,0.03238610372294453,0.018907608085385948,0.06720897866500826,0.08617669035291742,0.1359654901790277,0.01543339975698409,0.6804830540551795,0.09802144216253865,0.18895203649842118,0.4269992333612833,0.3840487301402955,6449.094372524251,104492.09079201003,143330.10735607985,11475.705256200086,68,0.02561885427128542,29210.13992867298
0.609379083376684,0.4140068860209874,0.009521345403842276,0.016567690727099953,0.12594783850187413,0.07347318482425115,0.11162156395923527,0.03356490754049334,0.5481202152338668,0.008316250220766333,0.11501424351399056,0.37043058273749624,0.5145551737485132,-100930.01699402466,116265.35234391186,131277.3244140224,8985.73245947963,68,0.030857282659598962,36713.89478644723
0.6715392443260108,0.5296683502058854,0.02460082909707266,0.02681921753222642,0.1409990945760767,0.03407629907309415,0.04975423878475056,0.029793761769151807,0.5132747331863994,0.08071706788749432,0.12388047075051978,0.4201449928217051,0.45597453642777497,-65580.80115369646,92781.80157745437,108269.81504213811,1000.0,70,0.047229969441322996,30121.676440515705
0.5455041876807084,0.5795110873871695,0.01876164275478079,0.026567703606189465,0.10672587282259267,0.05643345679503095,0.11749396551841028,0.022742683001589766,0.6045446691807231,0.022636796839490242,0.11953461944425813,0.49187972297721694,0.3885856575785248,-92442.37927955236,94260.72274313866,171132.31707679539,16235.913560754625,71,0.042068811927047194,42926.65600750058
0.5442236030768259,0.4629986618759281,0.024037778528105177,0.010680095615048799,0.09276237886180075,0.07410946240469699,0.0633029618895409,0.014115210710190219,0.5085013963408723,0.03897656266843032,0.237552562378553,0.47827182004373325,0.28417561757771376,-63674.728872064225,122738.67637862728,129162.53917125048,7906.84457981498,67,0.03317071944624013,45077.491322286936
0.48482097081643005,0.5837105664797534,0.02174377660376213,0.018433994848797874,0.10361532543253257,0.052617711926493324,0.09063099108098957,0.025404968637123566,0.6516424929162411,0.03418856127691964,0.2261140228626468,0.4571606761175571,0.316725301019796,-78214.27015218734,141554.00330200727,183208.68949487555,11016.378694563038,72,0.03942661249782959,44985.76616765983
0.42442274032679544,0.5366778444508638,0.005723988915209455,0.025614399771009336,0.09675451839415106,0.08314100895378242,0.042092567384577485,0.02663063183577462,0.610829535712328,0.04949422919786185,0.14455107233669712,0.37425389654280405,0.4811950311204988,-28436.419821952048,138119.58233554114,150200.21815893942,20915.34898565467,70,0.020994357662180867,19512.150960612995
0.7198028282589274,0.5611467444092936,0.016959121581241784,0.01091907810932718,0.05847284671542749,0.07262547704699303,0.14283970246795577,0.03201137243723457,0.5327389437389518,0.008883897113500716,0.12892077608536445,0.5064299389156967,0.364649284998939,-66794.6564841989,131806.2497968061,160300.28733231183,16173.441392467821,70,0.0314139968078944,28712.439939206364
0.5296602386403294,0.3807766037754379,0.0029192540794583314,0.027888242377317733,0.08340703303140833,0.06527888534557849,0.06463407063718943,0.04253637152662496,0.46907060568566883,0.02188771921967991,0.13492471626036842,0.5538408113541334,0.3112344723854981,-92954.97478440021,72252.9688393117,163951.0844581448,7429.0325568612425,70,0.021410513791344402,133234.0551184343
0.5637050750247531,0.5025155912284146,0.029159993122724083,0.008485840306743058,0.050971068131881556,0.0820393759349398,0.07309376360168607,0.03983372287070819,0.6878684139601913,0.16093962888672544,0.2500723788360045,0.3542587549017751,0.39566886626222036,-46073.608660966886,129203.70506407185,144589.29068334037,15691.126447405064,72,0.043250448288477995,-113.93653455187706
0.6025912067342702,0.5404336319991727,0.004681347772565483,0.009746730128687068,0.08565017121780319,0.03442680480210556,0.18964781179089577,0.04335052102854628,0.5395765134175634,0.035605491453407676,0.28507085589793135,0.3925645376405207,0.3223646064615479,-22531.149257889047,54432.18168396709,154236.70218701064,12120.710352927998,68,0.027792017430461557,58334.51257884121
0.7290579168443332,0.6072538911278841,0.009627117743182369,0.029428335065207964,0.12519804675856272,0.026965261577313493,0.07941069936423177,0.04604760278162962,0.6827112420512297,0.05054944894255871,0.19319996466032605,0.42151761684217326,0.3852824184975007,-10833.436785047017,95565.70843735417,128048.2090238484,21882.58815946519,72,0.03427856275730937,26164.532916419193
0.3800490943979473,0.37174972521969624,0.014002039874352145,0.021302144080727555,0.039048014325984086,0.01154296392208007,0.1928773324313132,0.005602699313490634,0.7449107652943265,0.044610948436218274,0.21277717333090368,0.3496278040377785,0.4375950226313179,-48027.147153146594,96462.41955357886,148171.01428175395,6539.394884723094,72,0.046066472467754464,30763.80289359646
0.5371328725070342,0.3912482709747353,0.01190345468700567,0.02609687535092037,0.1264000476913986,0.06673757735671595,0.07524407701518904,0.026964293949923897,0.7175750166967965,0.006701306694770477,0.16582920914112576,0.477100369997976,0.35707042086089835,-77039.75616784616,101016.55405024368,131853.3269548449,9687.340218323841,69,0.04934842007163342,74576.70962406001
0.6207820002190315,0.5752816678386476,0.004580151454077106,0.014211981730791032,0.05437128796216257,0.08175586698159155,0.0510598449295789,0.03820887305722101,0.4910885769145674,0.04125109381624477,0.12124424755680083,0.5493406524454255,0.3294150999977736,-50502.44634093957,104747.5917682479,130197.15022263669,13815.272236252411,70,0.045225105868943634,31218.512409917734
0.593020079749155,0.4166966182561918,0.01927740119603442,0.006864467206116207,0.09494368188583843,0.0359167428251744,0.12167861465401801,0.013099140656382863,0.7734765753167947,0.030096562278639463,0.15673049483978468,0.5278925399137963,0.3153769652464191,-53326.152966546906,163496.7741679443,142626.58973553652,12042.111615701255,71,0.027247299980362093,281.8020111067388
0.48343663427459893,0.6380059848465259,0.0026596362864564826,0.005646496863394469,0.18092584423146152,0.04657981767682527,0.08524784490862365,0.008426359039220671,0.6735823109651266,0.04483614377871091,0.0878345589577917,0.42403244411740754,0.4881329969248007,-81517.95769684414,112427.08807416073,156732.20232703426,3387.8458990922,68,0.047065371507351024,6884.5281440012495
0.6321526848026963,0.48038113194998,0.018649761101663165,0.014481260943829797,0.056512801978949215,0.015817007547064065,0.16311263773278445,0.04443565993853648,0.774266636149186,0.04886287956148009,0.057777055959317765,0.38212486447799315,0.5600980795626891,-63644.66209700844,141521.02967592882,143364.94351049012,4052.630444724854,71,0.03456251661165889,4443.7541041791455
0.5540266318861349,0.4542228030438389,0.011300291927262077,0.02602737484360537,0.08266199730963548,0.045907325942881765,0.10142193154980655,0.032089216967939864,0.5955143007226799,0.04467392508826783,0.2626917225183769,0.32886106346091687,0.4084472140207062,-35153.49650202376,147586.5913062127,121925.63989974456,12613.75503593394,69,0.038723722290882556,41655.71596782325
0.49948285514823776,0.43008642645836503,0.012664973327098702,0.029735438702614372,0.03872215110456677,0.06215626458081454,0.1126091062510775,0.00981667416111875,0.5468228685583851,0.10757877698140318,0.23791276768027403,0.3324269498014852,0.4296602825182409,-62177.89758833988,96848.33387016649,137171.25261313416,4908.22685763962,68,0.034626191199333294,43757.66441497177
0.6247071036284554,0.6101836835818416,0.0035300731433984003,0.005495712646292871,0.11065696247464973,0.07440614920284007,0.12960812708443625,0.028500259440247436,0.6854318563020263,0.06527761632176748,0.11074853949844371,0.5473290298192214,0.34192243068233474,-94389.56229105873,96329.99051335547,172654.16610050225,8776.899529424027,70,0.02125391622247708,21256.963482449442
0.5226543022393191,0.389198196036898,0.0038169141848177993,0.01817438644249942,0.05207757981278687,0.019943096357759867,0.06512939398200028,0.043984844926837546,0.5306827551270201,0.04143571144851643,0.26092655316544383,0.4421922870958978,0.29688115973865836,-36949.24204961799,128023.94862827247,135421.21315957065,8324.805721023895,67,0.04429495785697475,34940.48730173984
0.5309267246816947,0.6775456804071585,0.0042082719056379565,0.0253731640861446,0.09474075377022668,0.01624131622831853,0.09833428785013432,0.008776679568033614,0.612629312191437,0.059985341431995395,0.12830599420253236,0.625865365538667,0.2458286402588006,-68852.48259854011,145016.49829772284,151147.52401027674,16242.242747066723,71,0.03935321145621247,-1626.9828609075835
0.4675703210564464,0.5034002797247518,0.028557530745246258,0.01826256397451829,0.10842237875352992,0.026819949088386946,0.09814075713081677,0.037142673880236336,0.6349582592620154,0.03503169007615655,0.1820782713154214,0.42279558858120825,0.39512614010337027,-45204.654793796995,142101.366923828,158914.51609950725,15929.980617679292,68,0.029890308599233365,8582.871864143044
0.43215832071292676,0.46759844875364837,0.015468657645315005,0.025798431890943687,0.15699281386520159,0.06859600200304043,0.19948241595950697,0.016637624816210974,0.8713155923773328,0.06920229040630953,0.12649265594838546,0.4466635265479223,0.42684381750369227,-49344.90509939179,95772.58905443522,155048.26033470224,9266.934928101338,72,0.04606853771639816,26068.09089303151
0.6260902508811879,0.4681286835405782,0.015927299244448394,0.014352117958103386,0.033210660155078855,0.08229384927240972,0.07398327057772996,0.04566011259476399,0.435898058740182,0.03771388421715084,0.24267566133504237,0.47581298004507555,0.2815113586198821,-82422.39731186951,133573.27849072195,163604.36129229752,12520.104662618725,70,0.037278503731912854,56821.02679008606
0.606995680284986,0.454901463549089,0.020193218319724676,0.010355438323976155,0.13178804819641374,0.07885369522972102,0.11809970554542017,0.04217215218153321,0.6916954067816736,0.0382653339372857,0.1435081050351448,0.5309268446287054,0.3255650503361498,-78848.17655159211,94480.54304248613,153568.27430444176,13441.100634599772,69,0.03274621460384285,44555.96253213635
0.5973916681713598,0.507669712014806,0.008382684322115811,0.00546677322282451,0.07138486252573963,0.06380507584570033,0.12634812082143154,0.0221947649841924,0.7302093749773922,0.031171036749378978,0.22969874600757986,0.3744962966718632,0.3958049573205569,-66703.05273096633,87659.26277049193,141558.55286228118,18120.30797549602,69,0.021588500957925985,68878.97979202846
0.5042179092076071,0.39547382389479513,0.01618285636702066,0.024266284005753754,0.0692440058973873,0.0286171574465226,0.11380023666623072,0.004889525719383192,0.6565989016856606,0.08645937305402532,0.12224834227781904,0.44422819083530685,0.4335234668868742,-51019.000714502065,114941.31022723057,130633.61539266698,8036.011994107533,72,0.0332503896768323,20787.39991321547
0.7495697291513804,0.47590702415382985,0.03596209109217871,0.013064817232907098,0.1346561440598479,0.07811355943834061,0.0984734018682385,0.04822630167460346,0.7826895557201095,0.06588218026493288,0.27725054685645095,0.3430228214667362,0.379726631676813,-75774.5743330139,112410.9463998011,173150.9113164384,12721.401630541788,70,0.02621295531053461,44669.28023521377
0.4683062223424729,0.5576566180519407,0.012181656193291798,0.022245489417591146,0.07236690161730444,0.04802224379681684,0.059753808836914536,0.028707441689603836,0.5867669599327691,0.023893140069613544,0.30384274637273984,0.480946684413735,0.2152105692135252,-65435.558555438394,95183.16516182692,110184.73681373028,1000.0,69,0.04682517476258159,107101.01641246781
0.6223110366823774,0.37736217372712705,0.00888242145557298,0.012280892449991221,0.11093376578560178,0.026297425775851844,0.07535409852540648,0.025028228244711948,0.5759442281184954,0.03547034999162296,0.21080673869902664,0.33557512393444205,0.45361813736653134,-87873.31713472042,144515.9493313089,116719.47641106595,6840.068294033502,70,0.032265840901239976,19613.444844590627
0.4987429891874274,0.47674100035055017,0.01047905846972944,0.01474857747817082,0.08239704073913975,0.07645529230435887,0.1508684510737339,0.03475603034549089,0.7514841659548568,0.052538120919196546,0.24482288568947558,0.5632900410646136,0.19188707324591076,-49927.492292018236,112374.08070252504,146277.96400210966,12221.176492138275,71,0.04024281261556272,50468.11087867124
0.45651009684360566,0.6645272115416818,0.02629344869088523,0.029175587945990837,0.09070255430148152,0.08673215772528091,0.09192658561387551,0.024719438444514904,0.7006885564879191,0.018934101609699546,0.15255453323713505,0.3723710776113123,0.47507438915155265,-31295.491713176398,62924.28523188383,126323.20751605259,13572.440090230159,70,0.04042821179949774,116572.49227578101
0.7075599510307515,0.5416517861839931,0.013300636888591809,0.02434329983220409,0.09288192433376194,0.08784001221369833,0.14790885649942567,0.0193779672857273,0.6489775898976414,0.039490162896096886,0.29343894911860907,0.38209180369700324,0.32446924718438763,-50970.68776918379,101229.95610252596,136238.3848425166,10712.209130077954,68,0.04463104972895923,64912.834710956915
0.4315254194170582,0.4497899840868601,0.008218060384749412,0.010385140514458387,0.07372457851442701,0.02848743070933858,0.09454375693812185,0.021328832057953176,0.6520061647598053,0.027779232282482982,0.18463759704510263,0.4735359968858504,0.341826406069047,-83295.31306946045,102939.20255509071,154402.3409404144,5484.7124681655905,70,0.03882880352467441,38634.54455095052
0.584854961149214,0.5841874597922796,0.005982237661865707,0.00874185552295795,0.10612447984844436,0.066135554457086,0.1463706533313951,0.011609460457284226,0.6562558614036956,0.02981438739422409,0.2538252336333935,0.4628319764203122,0.2833427899462943,-84593.88146971914,136578.62622959042,169590.9255545915,17173.57994448352,72,0.02034309424184851,55845.70719946624
0.6746177566188203,0.5110287015801463,0.02431818729917599,0.020900404011003643,0.08042732295953627,0.05523074928296182,0.11687351942273001,0.04499673353501629,0.4920934564458517,0.011485844470090106,0.1577209129405271,0.41148382328401256,0.4307952637754604,-86309.81789918631,144750.10168180312,134996.28359564993,6959.241437684725,69,0.048612855745435786,19572.87174913419
0.5520712807818733,0.5940772406509726,0.007365233844760508,0.02671947502822342,0.06306278648543935,0.0450656586488115,0.11960179843527935,0.0013800065622335544,0.739054930922608,0.03345931480460363,0.2354651711795175,0.3248420140411029,0.4396928147793796,-53250.20625500881,133711.0668208067,167191.4287328213,11235.418156610212,72,0.03879187351755438,40874.61972610749
0.7085151361972707,0.4433786292736365,0.0024234473210008925,0.018951015151021273,0.12447134795839945,0.07836377682174071,0.09476037469904378,0.018100625471723787,0.5105300937625624,0.03284180728374727,0.20643034118299738,0.407217715077744,0.3863519437392586,-93837.84446816865,116879.1310103091,162245.4859055921,15659.963423938218,69,0.03267129503227888,47396.30425511458
0.5951027116378429,0.38603649228525205,0.011354965783293529,0.015138983821056315,0.11684955508255905,0.014799850157331039,0.13466386918580794,0.02021845728548277,0.5954667174657052,0.019937175708000583,0.2497367979031721,0.5209962254419375,0.2292669766548905,-108516.35951371709,157534.3256294995,152853.8017728175,10605.487421829841,68,0.04260168938746017,21784.643461183077
0.5658874804716542,0.4695328040860284,0.01975628964885505,0.017704698224268966,0.11860857229796196,0.06532300627544774,0.0664306660309678,0.02247370452802748,0.6146247604528935,0.03207431071510271,0.1192590650718574,0.640913580266631,0.2398273546615115,-42326.12560677478,141497.0192838378,143342.78566308445,11513.249611981046,69,0.04096559389852547,7163.527704140054
0.529985065893488,0.45765560378044084,0.02967405119379572,0.029380080323679506,0.07151528062331294,0.06044281687726727,0.05215912809060572,0.025280859051049098,0.49137552053473077,0.012290316391097992,0.22881633240481603,0.5694266613738346,0.20175700622134937,-56523.65940208485,144880.50986180102,174018.32260015616,1247.0230639215351,67,0.02414364272475914,70168.86864728434
0.5628346511552657,0.6012234222088289,0.012418515163359983,0.02478382952745504,0.08173936450588987,0.0657766609303239,0.052699585037062256,0.005455441197202382,0.5625955919219737,0.07248685149314796,0.2121520083870262,0.4426234074931469,0.3452245841198269,-82291.36126010981,140856.90823295584,153642.0932760187,8843.843390326629,68,0.046593647219683114,14877.692766261616
0.5582517727385283,0.4795901688564832,0.010355914166034123,0.025788183241981653,0.07267185009816886,0.0780138593940561,0.16221558263250216,0.048428689528842044,0.5568334668592686,0.029002621512727988,0.14407385218762778,0.515848501349792,0.34007764646258015,-65318.59691637079,122406.11003374752,180692.17114793087,11391.201339649137,70,0.039401249313776934,37329.874170419745
0.6891035461683674,0.3879236452591662,0.030488100188424842,0.023776154125300934,0.18538917564656354,0.03194176264504102,0.06193806000467241,0.023964014551219177,0.6892094389578319,0.04262261589746628,0.2904905572088527,0.4577120842321288,0.2517973585590187,-83840.97463925804,119982.11465166637,173559.95523861886,3030.1194013736676,70,0.04446417660508296,38150.21436364576
0.6772556970878835,0.6175652332795493,0.005990333902121543,0.01910158593481465,0.08594591249826862,0.039062714284998384,0.09214705625000921,0.005783477764436474,0.49374315289760257,0.07284438444626916,0.12898355735837125,0.4362181028855013,0.4347983397561274,-39916.00278259589,121196.41488515587,136208.65267742632,10743.05262560188,70,0.02870075093124074,10549.961961023793
0.6663864114694755,0.4774950392742714,0.005311742799709267,0.006784342923616763,0.2565496482804463,0.015541659804998798,0.05944529627861169,0.0388315545776565,0.6900341323094776,0.018673979464366244,0.38799120368841455,0.31077909711500423,0.3012296991965811,-84213.1435411606,83984.73728241413,186820.73280214728,13053.261698115635,67,0.025683161241044614,58103.38463918357
0.6223585882838255,0.5800425395027201,0.03099684299835585,0.009905127367147321,0.09952791668836908,0.03233747856677712,0.056215174488571225,0.007851553283120583,0.6175445174395404,0.02748616973756791,0.2525632000030246,0.3811688984290472,0.366267901567928,-86869.87691919459,123137.22962379224,126320.23677766642,1546.5302717971729,69,0.0352292062610809,33052.976592727355
0.5127871864438147,0.4664329032286801,0.020159278696216244,0.02604359158839969,0.0512846396431782,0.08184517074710784,0.1230859610011096,0.0096017273157396,0.578594950586271,0.07840342133759216,0.12016013023871522,0.5740722625597233,0.3057676072015616,-87818.83259328829,157370.40528167647,157606.22234966105,18025.004900427353,71,0.04471302390671697,-15820.080776870474
0.7428016637262276,0.5848013610026465,0.02747054601368251,0.023060719849989857,0.14059713458945258,0.07035808425655313,0.13751903790634767,0.00568885695670639,0.4875376704723916,0.11451951718467919,0.09857682934053888,0.5815993031751768,0.3198238674842844,-41403.395034571404,141401.97046667192,151381.41271374212,5327.883510636603,68,0.027855661046312676,482.1721971983786
0.535890553960188,0.6083491728419211,0.016005064004767935,0.0061408941734141,0.05920701612937207,0.0815595675251047,0.09155614630718853,0.033877677421409756,0.6535947318780393,0.027426910380682467,0.09017094454248333,0.5233849056337124,0.38644414982380415,-78361.42884665492,100200.88260954028,152314.21758100227,9665.508209858017,72,0.03257397272495311,53548.678226903095
0.36007433334649114,0.5223443324724224,0.007070639040125047,0.02779349222721014,0.16804587179102645,0.08687241418485807,0.08255924645897252,0.008258305021370616,0.5736147030968127,0.009826685780544565,0.03670408078956024,0.5222029240872099,0.44109299512322986,-88000.43419869617,117893.69506691273,152639.1166864982,10693.386884425054,70,0.047112429887487886,19755.75433966809
0.4327119793434562,0.5156885224843147,0.008989452320545403,0.012927996260417674,0.057093312567091895,0.018376322693609445,0.09359799365964712,0.023458924760868617,0.8175464262471388,0.025211763793937254,0.18116333679973506,0.5466071100615936,0.2722295531386713,-88029.62172729151,70137.31701727655,155336.75189092313,16096.475482951097,70,0.024333772048002498,80463.93323568499
0.7130626657140174,0.52183755569144,0.004337092867534683,0.018597356606846388,0.11609961673219059,0.06948508162808104,0.03729504750657186,0.008841404563631295,0.4789849745163265,0.01101032198322892,0.20600710394612637,0.43253400793370417,0.3614588881201693,-32252.677543390484,127171.15298777634,140742.23027132993,15973.043824761775,72,0.03627233796709717,24402.628004362956
0.6523441829012965,0.5014931513027774,0.002263246551515666,0.01184792230736573,0.07026295910204748,0.08568292978505808,0.14652225717811893,0.01063165633535167,0.5038993443376477,0.04005662425223062,0.10658847721287226,0.5772941008247386,0.31611742196238907,-69420.418030283,105630.14956887702,145169.01312682944,9848.515625375387,67,0.0479492051306758,22873.578062698303
0.6328361613006204,0.4624612131046146,0.011082281648885054,0.020970943331000712,0.08943799243314636,0.07084820032995535,0.07281592079448589,0.030967587253051106,0.8030248204517686,0.036426723986288635,0.13957143795601182,0.3860199529358448,0.47440860910814325,-66325.84681249243,111994.12938369605,174850.2689555785,14294.246215390574,68,0.038381504341562976,10771.025882495796
0.6010082875019916,0.473172901962357,0.009061692380616793,0.010234530570713322,0.07331443331263919,0.07699243614518125,0.11338552256533019,0.029799093602710033,0.5286870094668433,0.06841112077520232,0.12059866461602367,0.7009862383749073,0.17841509700906902,-102600.24584653582,97698.26512901523,122977.25142243555,2210.706055503273,71,0.0365104307959933,42933.085347661065
0.4964770746025336,0.4473452533012555,0.006629571936443729,0.023396346491011227,0.06755673032978743,0.020230276264249926,0.14296151375299726,0.02217106747109834,0.6359472174692633,0.08469677120424528,0.20385471717159662,0.40041001141055677,0.39573527141784665,-46673.12430643167,117492.90390484474,116622.91584115688,13877.87206866338,70,0.0445306871709527,17628.472907035328
0.44340768842264017,0.5609208084342373,0.026593399504164714,0.02458498927130785,0.034161267851563294,0.07596971911450416,0.07624138200743974,0.019562998144318302,0.5895163986579958,0.02824284013598211,0.23660630766966873,0.3869127737895413,0.37648091854078997,-76234.07357267098,64113.13131077725,163529.47774298335,15568.687760489924,68,0.026982082145984725,128583.05737338545
0.4494426632505903,0.48449681714277326,0.03239926179763824,0.028511743502599673,0.0972581608202764,0.07946451461099817,0.09531474149780042,0.027105505191142937,0.7397163213676542,0.03841879496380122,0.3102865828077734,0.34857900528820573,0.34113441190402083,-18196.015355324016,95036.92255247674,170747.20351725756,13354.22096133677,68,0.036184413926750446,72032.83075534519
0.4274856265982972,0.4588091855216515,0.011076917052710432,0.019080358479692618,0.037156033482929625,0.02681167980105762,0.15199466070500472,0.033571245819523,0.758774296789665,0.0171745248144153,0.2632462326507959,0.30955984727199853,0.4271939200772057,-36095.38697725685,113210.72021625571,165641.81836380344,4184.803905356281,72,0.02552878218777349,68709.85210385424
0.4052734392411547,0.6309527009689477,0.0018090871923815061,0.012849396343907747,0.1367059765107704,0.08586230488255642,0.10745507076221686,0.023393755223480108,0.6084860652870184,0.03403626739995691,0.15073991542612025,0.4628290080299506,0.3864310765439292,-110723.39012012538,117324.61050544528,157116.88545462867,4706.078266472471,70,0.034201274330814435,58949.60290784226
0.5102923289128937,0.5263194702461979,0.005117307030444039,0.01738385654479895,0.16325555414674867,0.036926907784814327,0.10453430478650788,0.006047643588903601,0.6811704535431428,0.04749428840438228,0.23874464591253883,0.4672928911143427,0.2939624629731184,-82148.41182997129,147262.3500945493,143627.123979369,4590.279131063885,69,0.03537525644095892,39468.58678684174
0.5678368447377745,0.6369448905439331,0.010293536651148818,0.008161303072811425,0.14012147174118791,0.01971624135657838,0.08465398824841167,0.027954095721344375,0.6155617688216181,0.04275010466132751,0.10142253449793906,0.5880603469284889,0.310517118573572,-85656.30768260991,159168.6774636474,117856.78734624894,13207.210830900156,67,0.047359373954972805,-3756.8720802465627
0.6025836174007724,0.579359554865731,0.004658107892571269,0.005498873686482914,0.08948354243370946,0.03025970005245785,0.10185291454073925,0.034383120482973054,0.6677498847855439,0.034175077458945984,0.12786976616119736,0.5283557894351142,0.3437744444036886,-61760.233808111334,122340.08457492714,175124.5437399777,4873.509703075246,72,0.03246274367759097,14452.318212774571
0.6455976389589548,0.43965710528024854,0.011223632280135058,0.012652826448543786,0.16057658713759554,0.08043801521581043,0.04957055316346789,0.00370606736092996,0.4967724385290482,0.07630596224714493,0.26443885380390697,0.367020524377085,0.36854062181900815,-80860.62248894105,137990.61133631392,141355.06411829733,11347.421982258278,72,0.03210045144391714,16101.608167065357
0.6326561165802338,0.4251913315050919,0.007616160139010648,0.028532836286844356,0.06883784577887625,0.05457226854201631,0.06716246929085407,0.04166824889233365,0.637606079133605,0.0712277193097708,0.10889648655527254,0.5081697168705392,0.3829337965741884,-63755.21636390994,159082.0302508305,179029.79638231586,4227.156172831096,69,0.039878217130171804,-6332.665133146019
0.638451444915738,0.6075397400862778,0.01701035506301495,0.015370276378961217,0.06147086002987622,0.0822185428535994,0.14208049934745143,0.013172289412156585,0.4564091917218171,0.039343421652312305,0.21905838766178018,0.30938157370812724,0.47156003863009266,-50435.309942839,177340.85668841103,130403.14107208404,13989.644040134053,69,0.020742082565013992,39391.58764618628
0.7634022628519234,0.599323370458164,0.0039915689924350795,0.0249919338726157,0.05216912276680122,0.02667799561692078,0.09577865164698482,0.020702223518836445,0.7261011979841213,0.055398073625339606,0.06925520711128544,0.61547875950151,0.31526603338720455,-62060.00460604343,105907.49314587662,145651.37377133267,20843.785195508004,72,0.0428033574068471,2763.3213465573026
0.5787063385304246,0.4727045614394614,0.014434345873882728,0.027030442033297634,0.11822926618303795,0.06508135730391294,0.12546022889375635,0.004282410143484222,0.5285569371269051,0.01701537711853182,0.18425901435418968,0.5942929678766299,0.2214480177691805,-74421.71731272498,113942.97934615934,148980.220375125,11627.869563998021,68,0.03283420895044609,60089.770221969506
0.6936190402663361,0.3227812397177702,0.018349875605283682,0.029683412584708614,0.0708669834391992,0.08456225284283676,0.11863943305484792,0.019456075541056207,0.5256012946356362,0.028072197119241072,0.2327427064802866,0.46074895465438703,0.30650833886532625,-107072.80372502554,175408.55675579424,176752.0371587614,7147.861549975142,69,0.025516103434645665,21828.195651913047
0.4522336327567996,0.3985875843586289,0.002871513274155094,0.01823056523228388,0.0738144519458605,0.04994108103641415,0.08890184197729126,0.04449603587327632,0.5119225284580261,0.037321157021164376,0.2805614176058608,0.4144496624588766,0.30498891993526267,-57262.46323304251,86953.94776437468,160159.19224549993,14766.168982384466,69,0.025045718858292265,82114.6549079903
0.5404697091322854,0.5440263342585387,0.0015228169893285932,0.005327418397296475,0.048226366748064936,0.06234421170631791,0.11199202085420588,0.002369589867996086,0.4920040055150872,0.03698747044330337,0.2947332836056542,0.2758848286811941,0.42938188771315156,-57114.082757541495,91583.47183651698,115298.34197234416,3624.6573262875527,70,0.04713559471347112,49709.21128886038
0.47826922801653793,0.5249785776434279,0.010028099343642372,0.026412047436887055,0.17244417719339186,0.07411682684873987,0.10062552962779289,0.019464724491433973,0.48440656109512775,0.010741080989352572,0.1620969742878275,0.3812332693908316,0.4566697563213409,-96509.05195863917,109989.23600955126,140941.37475088844,10588.790974151903,71,0.04053650197850242,65678.89977332053
0.6921726747862326,0.4561204561542146,0.0028660057703221212,0.026470900416069313,0.08822756289279053,0.051570029270341,0.04631888703950255,0.03462619775467661,0.606212243604305,0.023363380530852854,0.16979128787486952,0.4821349360232138,0.3480737761019167,-100098.9547263083,102367.2050495786,94393.29488586923,8082.249764326195,70,0.02383395688673089,95966.25265055218
0.7170913182977385,0.3616582810278401,0.02317934281604801,0.011722955253452814,0.07086763501282471,0.0159804704552527,0.08354234602929758,0.03959907763271648,0.601149536116297,0.024376389144637835,0.3550539161258241,0.41400523242693854,0.23094085144723742,-103051.04333685561,92782.3354827219,140956.5173077711,12779.233680672252,71,0.04648809251813475,38188.816498387845
0.6162456884361089,0.6422124068599124,0.003746305699414324,0.0236665057250027,0.08777197241969588,0.047493308745397866,0.08138740559937767,0.038202239364118984,0.7960263253704327,0.050271227698565124,0.15899437602130526,0.4045627742609882,0.43644284971770647,-37824.133041441884,134045.88156260224,167444.31772351614,7013.4404973670635,67,0.04753915319260722,11816.625285691916
0.7460370564817436,0.45573077069934964,0.005024668051091435,0.008494568777532331,0.07461628780956008,0.07510118305964346,0.12327120999593055,0.036262171876277303,0.4859963132701539,0.026219146985794927,0.24358139056077135,0.43254781236812057,0.32387079707110816,-101957.59201385586,148064.08002848868,184710.53954432544,10632.032502859933,69,0.023895857112560058,40783.73938091955
0.5811227209378922,0.557933649880476,0.01112269877767545,0.02739275506773559,0.10058099994034116,0.04140843792486457,0.10377079953890055,0.024785434950744586,0.5409336955622388,0.04770538519183681,0.12789215159306738,0.3928148464538997,0.47929300195303287,-44284.09001103096,155059.64854808486,157546.62625005314,3734.82542267899,72,0.04965300883481613,3278.795787097958
0.4273663752489557,0.43152069808777355,0.010859066433610525,0.024578286408910178,0.09652095388078655,0.08769610200373941,0.06534649572197936,0.03716531163427829,0.5267755867336349,0.03994138691990929,0.23099238379990497,0.5360513116285727,0.23295630457152233,-95167.46620077889,129933.29325485497,136824.50014602972,7095.447231490196,68,0.02053623542213153,127435.56963254319
0.6745495319483041,0.5105240578065131,0.02612647746067291,0.02710433428426601,0.10496752813604535,0.019153639751653104,0.14079845798375165,0.025927520378715426,0.458716827096932,0.030351473650432434,0.18784917851869098,0.46039624773772586,0.35175457374358315,-45750.063770859466,103743.19676381777,153502.2624706296,7803.776748958436,70,0.04539806732292774,22337.197873912453
0.4827464822477113,0.5843609935469938,0.01880295105689025,0.02332475556793885,0.07229040175541465,0.055244024425276476,0.06384284979931333,0.0391383246398426,0.5685981106215501,0.044687589446478555,0.22189904324754012,0.5086638809215577,0.2694370758309022,-59026.77496152577,125343.4468414197,136880.16690125896,19254.174177089433,68,0.0400421645913543,37702.52253858653
0.5790106014702533,0.4495616025613687,0.012008670975153079,0.012001900875994835,0.04766542961951098,0.06486497886869493,0.026971010415603364,0.0011968282213799587,0.6664565221383653,0.04312767161022658,0.21930091449945913,0.4107802861608473,0.3699187993396937,-100467.12133305271,135358.0502066848,206482.08685980056,5343.977944146155,69,0.03516217359352507,17895.13341817245
0.5159170335034263,0.482818925172401,0.0008589947994610354,0.016271625510008315,0.09146316198290842,0.015355575348718072,0.11039603037277318,0.005395333104065159,0.5528376210829268,0.0461148695916612,0.13798123394279205,0.5631046418218164,0.29891412423539143,-74618.37678562014,96823.8560639003,149317.98604543813,8005.458340948424,71,0.04680980211331667,8591.322959933803
0.5371549928640496,0.5979289448839273,0.008242067058899334,0.02105485204588052,0.13779621705348433,0.05525637085916324,0.04466631046616639,0.0229209614813576,0.6319677419205775,0.05084189949972805,0.22626548087937268,0.36856155917455957,0.4051729599460679,-68123.9534304037,160722.52193964442,120661.40680291249,10730.400302002605,72,0.04962657858397226,34497.0714766866
0.5864960006599375,0.7054942368520035,0.014983495598600564,0.028066684334281253,0.05541201702690126,0.019878332022631257,0.07262574705235236,0.016696633732238415,0.6507609544041671,0.04527272039505245,0.15700384483874333,0.5197140647148137,0.32328209044644285,-52536.78129530744,121721.66871660578,164521.7158719206,4658.355373071603,72,0.02416786385687952,39344.7159066075
0.6038374685818603,0.642104833146193,0.0046172586951415745,0.022803134410481315,0.11828975774692488,0.03644015174075969,0.11459087982416741,0.007856874038635775,0.5683194833125765,0.05567509067260333,0.20007618557343618,0.437118291124386,0.36280552330217786,-48764.08975107901,96405.45094244754,143260.06364718307,2293.465490676424,69,0.030792110149283094,44322.73762843267
0.5295004182912406,0.4497551998734453,0.004664549487853522,0.021713002472500305,0.10099008129096611,0.07868241775901902,0.13814107079845953,0.03881811035167015,0.28746069781464423,0.05452959914555644,0.1549082773567269,0.4976062991502397,0.3474854234930333,-98398.8522338204,113549.80900526725,151388.3671353946,9670.458091537004,69,0.030817932265331006,46870.87736704552
0.5119703587163963,0.4977372556078106,0.0386574833134129,0.02382270288162304,0.10880748809658805,0.045561521709399526,0.08446147583924707,0.036230762847935694,0.47275092309727856,0.0966323338635262,0.27565151987097863,0.4459950202999011,0.27835345982912024,-83774.40548249643,107641.14843815748,156549.0712464775,11184.484021504988,68,0.020997625103825534,42550.17796563014
0.2790742565126559,0.5196984901129567,0.012530537917489116,0.02202857635390993,0.04207476318632717,0.04140402612307967,0.05905751119558588,0.03445230303701309,0.7215686405746837,0.05411413952490392,0.20315962202789725,0.34399726860747937,0.45284310936462335,-95317.21121707516,117331.09498860044,149361.62946149948,22415.413713449696,69,0.039409372417056186,49853.1344518717
0.5141903452111114,0.3687292845572115,0.025664874922945377,0.02274993905412271,0.14440371926507098,0.07412976965353577,0.19536411007574486,0.022891432171235543,0.4029447232701932,0.026255332675956877,0.1981048532457106,0.3983197428951499,0.4035754038591396,-40476.2735229423,96612.10991920465,158822.2541591887,17589.58517214256,70,0.038675255772651795,39237.71465982144
0.5258447034110261,0.46174451145001794,0.023408560543227427,0.016297546344501472,0.09914260007759233,0.01872080698825326,0.0541007736924792,0.035595414712329146,0.6572275386586,0.06340518181772853,0.07936373031741621,0.5530045643211131,0.3676317053614706,-68841.75446679044,82716.69458799357,155965.33976524122,11542.61681912845,67,0.02024081262186367,24733.774668446495
0.6418925431629883,0.4545462574306219,0.034190758722307486,0.008915133395420228,0.12976365283366084,0.08490085583345361,0.09605847088396323,0.013961726732238078,0.8271276113020787,0.014616853639156302,0.21507056114889272,0.5395177184211492,0.2454117204299581,-72035.54971232434,131014.90887062484,142008.11401464578,10629.038292806823,70,0.024477509564545353,75034.48192032373
0.5051747726410364,0.48540194991611885,0.011159810501839326,0.01021382181939003,0.1040291007844172,0.034119302983293506,0.050809658691963536,0.02873249199659734,0.37206767279615643,0.030506865069213535,0.33680483269164624,0.19832467645506208,0.4648704908532917,-74641.98902011137,126009.0007527347,154779.00659630014,1445.1904018275795,71,0.03222179294980294,48844.94784283853
0.7276039532774518,0.417342986328766,0.019985959916273464,0.00948634641525811,0.06006594138901991,0.04928309585987964,0.08624264666090818,0.019730798822127135,0.6386010790354888,0.0112277717471635,0.11630504513082049,0.5796752211815561,0.30401973368762336,-68951.28845342362,37977.10418011045,143094.09377846846,10534.476769444598,68,0.02082164829392869,70067.5726863129
0.46917409732268617,0.4666061312976441,0.0018157580300395251,0.0282840973275455,0.14721636068441488,0.06251950375675089,0.09760552994371453,0.048038097223103954,0.8085797423243137,0.032249083870361635,0.13540940562738943,0.5083034811275117,0.3562871132450989,-117495.15449692187,116690.2538039278,112744.74404194036,14596.590047621694,67,0.04946331887627227,61198.44733873534
0.5067282173585544,0.4245525724127454,0.016539152538328283,0.010156652648318621,0.058430671726972076,0.07774990448568163,0.16802550896514448,0.029954359696820212,0.6310801847502299,0.026412646995398772,0.17957932553835726,0.5498502212435924,0.2705704532180502,-54755.529154366246,145436.42015471327,110196.48142466917,11976.652438058532,67,0.045574718461617404,27472.679984013386
0.5033036710083798,0.5049294685924676,0.01780217501343395,0.023142721231868633,0.19034123760618332,0.05923381184712323,0.08572163841691724,0.025946219086884194,0.5105474510016039,0.022127472363923345,0.0849385165548261,0.6207608843943971,0.29430059905077677,-71734.13097766886,127844.20480284056,120417.56171318905,2565.343806795076,71,0.026800036175801782,42713.910086121694
0.6312572684530542,0.6577972072473662,0.021505419604734607,0.008343677939590906,0.0807189636536648,0.028482394634830818,0.2638845173299026,0.018124024299177848,0.7300809619277457,0.019871066833649313,0.14228972215165184,0.5243516578622264,0.3333586199861219,-26027.432384131942,124307.15994469244,139851.25425038076,14260.54244949508,72,0.027490285057403713,13345.275142801986
0.6555029674909328,0.5244989723986468,0.001430170574146268,0.015829733216269362,0.17129535129244353,0.08163715183876119,0.06562097303238511,0.011880200992849666,0.4963702688192303,0.04005543677666744,0.32822099836150004,0.42129381530930154,0.2504851863291984,-69704.82674420155,116505.71754703732,165934.4216743153,10558.571565135846,70,0.038362794400829396,53775.76567554237
0.6113689291618999,0.5138871135049854,0.004881677825841802,0.024028184082496802,0.12227200063500264,0.062328632814542734,0.050118398191968956,0.03653471144272742,0.6016759669879548,0.05512910550926457,0.1916845812095912,0.4457317733801949,0.36258364541021393,-93351.7704340854,112666.9814882965,172417.2014261362,2843.5323720996707,71,0.02067945285550983,62025.43066419793
0.46947226542762105,0.4460188993279426,0.018755082539792075,0.017193132456952778,0.15932964603706584,0.031502249938419984,0.14101707072800784,0.01625063011611282,0.6641155369212902,0.03380477403008243,0.17514236087329454,0.38982372229771034,0.43503391682899506,-95176.43738323277,132169.7053469308,139482.51865978693,12674.8938644292,67,0.04152204487497118,14607.133681077152
0.5943273080384163,0.5589665410517887,0.021217894206545143,0.018313473976909585,0.035055855108787046,0.027043580550717303,0.1747986586715356,0.007012432663819685,0.7625170441847828,0.006496305681593565,0.1159765898452666,0.47203821137042046,0.41198519878431306,-83095.89028117788,116612.4763298893,158725.6434633733,9502.402940107844,72,0.03951399191140652,18743.61275957144
0.6632459146376912,0.5108450489069359,0.014488708345666729,0.007240750484061782,0.0820063087086548,0.08971770984201627,0.11021000726404645,0.02230758194749314,0.6112836091684446,0.051249989512578274,0.2679923431409237,0.3981948510451052,0.3338128058139712,-67452.52063428468,92606.08587456823,192268.30450457754,2894.5796911059606,67,0.03890077712868585,51783.776136756926
0.7028201444051769,0.4358045508359426,0.02233984027907701,0.018427112620352522,0.10361745969923714,0.04445140999869019,0.13447256970968188,0.03050479928423271,0.5258186168075237,0.03665604651866313,0.14347380157732062,0.554716398944018,0.3018097994786614,-85583.87744940394,126881.53607735717,155615.79818474984,4973.739458652453,71,0.04981498895750115,15193.33680284013
0.4469339008405941,0.5862387846733715,0.02096746357175656,0.012650135166967067,0.06984030117384689,0.04619081724830169,0.08140977115230039,0.027228912836700064,0.5006133546694057,0.02663765524554333,0.24129215779468974,0.574991753623664,0.18371608858164645,-44387.259845869165,140527.61534894118,183460.46676976988,6800.655404410424,71,0.04329856963356734,31528.695750173978
0.5673520907910037,0.5254370354837306,0.009338029594246792,0.02591852602212594,0.06791290606670936,0.06275812378413896,0.10628844373677117,0.024274742584201377,0.41731624875040024,0.0213614872126598,0.13384323212870933,0.5151404454446741,0.35101632242661657,-44054.014874101515,153289.78822996625,140238.22122261664,14384.234729485746,71,0.03912374719907943,140.66497525160852
0.49288747727469506,0.569810284157627,0.0005991504298602463,0.020470909116259033,0.10382213997817426,0.06264139768246231,0.09916744576500454,0.026683135815420502,0.6924230421475378,0.06627650313946003,0.22025013700775137,0.3264664853482388,0.45328337764400967,-61654.33395118459,101441.68545138341,163204.63907365652,1494.7595920465162,71,0.04695979407316719,42832.13915423943
0.4518776855139709,0.5401176865677519,0.006905263390959427,0.015359895616862965,0.14068919234595387,0.028136462178249434,0.07492395244421583,0.01880209911826889,0.5708620281234615,0.03260500535668604,0.12423517226295655,0.4614947794492224,0.4142700482878211,-103156.89975387014,115817.29931472147,172457.3619641972,6957.592684607156,71,0.03993717171349547,24410.183256836965
0.5179991499061419,0.6243572146400956,0.01830251776486845,0.01791945238444278,0.15228715480661134,0.03242175970958902,0.11492313163805125,0.03317583124172069,0.6522112140590388,0.011226764147323548,0.23761869418571271,0.39254456419301703,0.3698367416212704,-80970.69197851095,108663.55939577855,141992.52799418685,5677.968025357326,70,0.028744131130960342,96335.33416708418
0.6336110959272209,0.6077894597882922,0.015768179927100216,0.0066389548430252805,0.0577788973489908,0.031634623069364515,0.061257178104508765,0.014726307263083688,0.650693211349482,0.027957343375470012,0.13151269698958803,0.5947730615299557,0.2737142414804564,-122933.40582500343,132930.06473236362,181361.35171220612,10394.185268597692,72,0.046236228859723734,16194.400624094582
0.5349008313098315,0.6016240536546729,0.013377771602300722,0.018412178359057615,0.12353114611152154,0.04205144806706434,0.05817330675615402,0.012783469459365588,0.7050973544182323,0.04819576804614911,0.1265551920955488,0.5754642867559009,0.29798052114855045,-47275.86940665735,85385.23943154991,171659.10274129314,13206.591064265267,68,0.041559691094971034,17476.049999253908
0.6295583736335326,0.46497420878111145,0.008561406048094205,0.016259946445674054,0.09377537783502507,0.08079019649392663,0.22271149197741305,0.049459788902434354,0.6307867347928787,0.030593261240374023,0.24509411281015972,0.28642152511902574,0.4684843620708145,-61555.30765734745,86106.99999837863,148962.85197032517,2460.0859407249877,69,0.021468915653206487,79719.86893952932
0.41809694455932883,0.5089497647783112,0.020484755948857257,0.008351996489747774,0.06276996116654657,0.04363004052665222,0.12462352390134457,0.020632138760646086,0.7988619419984877,0.02784830540171653,0.09656703064774079,0.3914916009960417,0.5119413683562176,-74221.0283744919,113380.23317595618,164491.10372348217,19492.770591769247,71,0.04694109967216269,-4051.6538477192466
0.6146051296157583,0.5022599545061832,0.013759001203416003,0.01631839390684294,0.17344716425940504,0.05364799831989682,0.06464972726820997,0.017856051815196252,0.6403906193910315,0.048391685602650954,0.1420569250183657,0.4960157801316195,0.3619272948500148,-88031.59908829129,149503.23406819737,146506.89020685252,8953.865998346857,67,0.036606927548763116,6836.889585937608
0.5526200136876724,0.5863967862307875,0.030347776814013173,0.012268646920097069,0.18230981513559114,0.08019939738893919,0.032008112290796024,0.017921226644752177,0.46201712053559113,0.028166440460796808,0.16576344076511657,0.5617339081064239,0.27250265112845945,-49848.95544711699,92846.85588323057,190032.51401552878,13498.183169934862,68,0.02333117367222096,27409.075450003216
0.5040727762604819,0.5535027425494804,0.01053766209356581,0.023059003301940297,0.106945047524238,0.0671315147472356,0.07773905835908863,0.0438593658328553,0.6876609231344403,0.05048044362182465,0.19788151105146712,0.462808547575626,0.33930994137290676,-74103.02740958115,80185.2279545463,159952.06078352898,10510.662103051736,69,0.022911315692837407,98532.33237925748
0.4163875853764974,0.3816635844055367,0.008749688888402642,0.028925601692077658,0.11242760331676718,0.07346255202498882,0.11807525837974046,0.03221062720088626,0.5937350026566754,0.06650615924449911,0.16608216762617264,0.4898753004698288,0.3440425319039985,-123855.60599979178,95518.28774640604,151792.9234442681,13362.760108755185,72,0.03262372995361285,62770.65809377958
0.286365838122668,0.5115450841543053,0.010038651134440265,0.018299552552969788,0.09572198526234699,0.052695985250313764,0.0990805504284118,0.0446942870185531,0.610958764195087,0.010541599956826964,0.24751185239981435,0.48879076954536976,0.26369737805481586,-49715.71993230666,150776.09166310146,170584.6410527099,12803.676754541817,67,0.024456820393266042,61894.227734361615
0.46437914436407934,0.5747153307991865,0.009142844544309319,0.024206648229872063,0.0664393683411437,0.07023076724797574,0.07739132699699035,0.049136190836061674,0.6991748372645507,0.033357511004246346,0.12838511637632108,0.4942328181070272,0.37738206551665177,-94716.84391748249,119889.94668776907,137356.97603012618,3333.6828845233767,72,0.044960468280673904,56060.869083979815
0.41718015586238544,0.5159752238559054,0.025038887950697794,0.01194303936598731,0.1062279694715185,0.022354848482467177,0.13802143196395333,0.01784854211972293,0.5249825891503332,0.04513359321798857,0.0945336790747801,0.49487662810970895,0.41058969281551094,-32351.710492602713,158376.19578645617,147345.63106894723,6409.8566669752045,69,0.033881582608113914,-7977.416097942409
0.38318122227137363,0.6772981872465982,0.03349191103117684,0.02101898344184878,0.11160610918393783,0.054160666446985146,0.07463339870873861,0.01877316340485251,0.7151083834906875,0.07738967243129243,0.1339958999676227,0.4363024096700291,0.42970169036234807,-90179.5798985805,131802.18733921018,156935.2752598641,15914.085439921459,68,0.03294664108313698,5459.990854581907
0.5073668555684219,0.5813687817339637,0.005841757532250322,0.018108555768245896,0.08891321509480005,0.035519536565477836,0.058051686407927745,0.020892887036614446,0.5616085732211508,0.05648877885333979,0.1161727310727551,0.4946814923270641,0.3891457766001808,-82054.19918383907,119868.16188033833,164249.81859183862,20571.565899264584,67,0.02580205248118604,4144.547036425266
0.4368776051111866,0.43579531634348284,0.058986647596812325,0.01759327619805792,0.04404899469838966,0.05358963838559722,0.12009006163580417,0.024699882537635595,0.4878562040735161,0.008846395792458325,0.20900918318067707,0.46118968919807823,0.3298011276212448,-78442.2239622894,81738.17094617678,169563.87255940353,8092.990005333203,69,0.04256025344559859,62691.48448416412
0.5456375319285128,0.49290909764631546,0.011891485892166868,0.009246435309615365,0.06435319773587438,0.02742436589848854,0.1039026461853487,0.032235573003078714,0.4397716061817103,0.005194852110791739,0.29344321778074356,0.4742543699440348,0.23230241227522153,-77370.84798736306,139977.86187800992,133841.0699855876,15348.13785447535,70,0.03147261925517261,62102.323336129106
0.5959991866066422,0.5759440563645015,0.0034892118094528588,0.008017049647673722,0.1257320652934851,0.04856016736821867,0.14742051362540792,0.047575448668692136,0.5991450349087147,0.023826134019964043,0.1868732908133689,0.5329657312625018,0.28016097792412936,-76907.96797439046,118135.83744494067,175679.14776175638,12235.925268402812,70,0.023691088800512992,38724.13839477195
0.6909698335868605,0.37126669201512646,0.02480679699942823,0.027030204353478585,0.035661932096680095,0.021237219613644484,0.07704420456928543,0.03284134514725053,0.42683274069865007,0.019792631038911556,0.20418542332804615,0.3946542058101685,0.4011603708617854,-72636.6587021427,95734.84315512226,173077.18522793285,19299.174731310843,71,0.021956581225857925,53115.53965619768
0.49935911906735275,0.30349208482990037,0.002755159316893409,0.019564295730582396,0.14436103166426534,0.014669335336639229,0.12287953897965444,0.025455987067492504,0.7162383428610255,0.04934539822348759,0.10736364320325421,0.6951527113468473,0.1974836454498984,-49923.7722873179,102388.28977198064,157816.26330634678,16706.581078607163,67,0.02026132017557998,21264.03444257191
0.48468724054943396,0.41071592245752964,0.00223165370718757,0.02990730488384835,0.14205869314869318,0.08863323707245575,0.055474303477427954,0.04984636098619123,0.5949012386788192,0.03186465769745169,0.1242422259930628,0.5885397523977114,0.2872180216092259,-110802.54580964326,137211.14417325534,122561.91776488908,10662.00992817973,70,0.037919272413193095,54407.84783183156
0.576208886417241,0.5203178542486222,0.014960288238953741,0.015532337435257379,0.1313791746237415,0.02392753294136356,0.12329738426651585,0.012755765479144194,0.7418155868715606,0.10948734566349756,0.15443542998618154,0.4899512137819653,0.35561335623185314,-95923.6218214474,117982.68581315846,177362.04770923647,9536.978254671578,70,0.020489298134219753,2274.4807468554304
0.5237256390081664,0.4813472201868775,0.012472817021940048,0.021532060534282166,0.11653657340311936,0.06320744652453841,0.11556869756139376,0.020014624472199982,0.41264198544631703,0.04155023890420458,0.23796596411501236,0.4415072317661136,0.320526804118874,-34970.72520503302,90570.11645831837,119153.24261926078,14841.401071437633,70,0.03081837719123217,50874.012222509074
0.4984613893722661,0.580053974199117,0.007961606440395626,0.01846377182210236,0.1034444432018714,0.0724076921671079,0.06446521137447235,0.04163856197303098,0.7092538655665472,0.016355774588979823,0.1715937099754104,0.45273066482320234,0.37567562520138714,-68443.9008207496,122366.26509462214,156212.01531354172,4895.564864689251,71,0.04864335094917691,68678.81032226136
0.5559725678500521,0.6596953408016029,0.005526730097860905,0.007756800608973015,0.11798473283496086,0.070317004169204,0.16216707866786875,0.03808106661987823,0.6084031806384445,0.04282337494250152,0.2357257077006825,0.45828852587348173,0.3059857664258357,-87137.76022936401,118001.31896336658,158399.2935847474,11810.330214557436,72,0.03344885867378354,38014.897724246795
0.6716578839944075,0.6137209859251732,0.011555969155789146,0.00798201157378552,0.07132907151197297,0.04791331601640831,0.13993523055495063,0.03665326752847328,0.5221166222007686,0.02983141098919757,0.14646157054443537,0.3807332136630443,0.47280521579252033,-82284.90011326008,113175.33432224202,174534.92881437638,4629.888610852634,72,0.04433111082469035,19274.510180353634
0.5488534323624983,0.5875731137445743,0.011427745896476417,0.0232765007895688,0.09282360990239419,0.015078993545807107,0.09512454356135658,0.021452817344010874,0.592503939471755,0.03956476552673392,0.17193256889241623,0.4894472109049566,0.33862022020262716,-104449.85440461725,140938.14443405005,174585.03660893702,10243.180144977236,72,0.04254145145933562,13706.471868251838
0.5152086378952766,0.4566777558801105,0.01758072467919112,0.029323246220215808,0.1023150819687608,0.0433280855257483,0.16034706258381712,0.036979961168849315,0.668609908698354,0.031692365519275546,0.15144441752203103,0.41354530589338173,0.43501027658458713,-71173.9689397732,127159.9620144169,188794.1930380908,5216.314680922332,72,0.02564975272266533,25324.515134583526
0.47840149566350954,0.3946321638738713,0.00610621370285686,0.0071807630927552026,0.04953632019600021,0.03481486781846006,0.08381217169535587,0.0346341033032843,0.41659106402928525,0.024391530788646993,0.19049285951888922,0.3333080346319566,0.4761991058491543,-46543.06414777784,160067.7798931011,129474.46726696967,8850.408682815665,67,0.036809647631227314,15102.053343557098
0.5973780042320239,0.5551103653042105,0.015542891424289612,0.017084883770933063,0.17797147831278098,0.06837884263837134,0.07060725695725006,0.031950666438549595,0.4237985477657942,0.07213317349625314,0.18940116114708477,0.47208527024078445,0.3385135686121307,-33098.19349347291,159208.72800611463,154822.06733956307,17454.6476161694,71,0.03656290061204521,-11391.494416897041
0.5841917864236567,0.5789198334912444,0.003357076607730964,0.015744224237065903,0.16996138287296003,0.04093973897166086,0.03813221689024195,0.008210854910506582,0.44850336582528016,0.02373717304140803,0.24878192748108544,0.4647434805275168,0.2864745919913978,-106076.30544326273,76555.94695151878,121709.70684946225,1000.0,67,0.03349977611780956,60812.40322838462
0.6497985651686138,0.32187791341696176,0.027145578988269612,0.021826143910774903,0.1006701914339724,0.04242561388357113,0.07939118664452409,0.03798308292699007,0.4411345105999913,0.010533080361412346,0.18269213270241508,0.4878822107494129,0.32942565654817196,-4200.237506026032,99144.98572299178,149134.24004669097,7954.2423040330095,70,0.04021443654326381,36677.42233932939
0.390238532755148,0.4000903094192938,0.0236978865798686,0.011263742856482021,0.10536928883945682,0.03388690657422694,0.16945181220648334,0.04621195775917477,0.5898983886635379,0.06797948062699855,0.17296211961267968,0.4481938477358636,0.3788440326514568,-82248.29158681956,122884.09673549846,194024.4669895579,7533.566430359046,69,0.034899589448232675,3947.548556492853
0.4144767746216264,0.5659714955943744,0.013029576562057981,0.019152415128425367,0.1572776628514081,0.011690292713567451,0.1276118914734677,0.009402503829398695,0.5072321862458393,0.013431981139206307,0.24033717699519092,0.25717819665767877,0.5024846263471302,-54325.424681744,146548.78378184876,117641.28586420654,12087.623532775082,72,0.04911149904780283,35851.20464420911
0.5527118952561015,0.46360348709221544,0.002382978869155454,0.018030676369104142,0.10540132116655529,0.07784235991585967,0.02145902052380652,0.03327203468673679,0.6273019239602314,0.07600150921837631,0.17755461211611973,0.39423939161012006,0.42820599627376016,-43514.24899418892,101162.84023175974,107727.81500195412,8492.583012772944,70,0.040128031109264814,29958.6544097865
0.5935275267738485,0.43050961025025264,0.0080933897323866,0.018577116133278938,0.0786809827318629,0.06325983419084628,0.10775639871098905,0.021594599071441685,0.5964426644571954,0.07112088182510798,0.2245260337598985,0.40763037618716985,0.3678435900529316,-117030.7066929751,91594.44518280863,132204.6682252722,6478.17373004393,67,0.03506646194076127,51657.74618748859
0.4811561306945233,0.3281909812513752,0.018962371374300714,0.012161567178994463,0.11586088619380398,0.017614561249088174,0.13215264064088117,0.03589725033791304,0.8238147720370809,0.02100330007880561,0.31866103094823883,0.4913002542590068,0.19003871479275425,-123493.84594161596,118626.54102645088,135798.50541927156,8410.572733667701,68,0.04920612204696843,47132.20709313977
0.4681736156332635,0.3185976289510903,0.011682880409581422,0.016728586467765576,0.08531909249863452,0.05047011829193001,0.12059443936761205,0.0200463508808525,0.5784214266214829,0.021211352634332464,0.12990150153408478,0.3487125716718791,0.5213859267940361,-58597.74841028178,108375.84145010351,143480.39242414638,7105.119989037897,70,0.03915799996917489,31046.133831629224
0.6812878519189963,0.6307188361234335,0.01618410842730931,0.028997378557157897,0.12013474720063111,0.023429454909946558,0.052774856156565166,0.013222715744913195,0.6670412863679895,0.0841552785202565,0.09533438616968515,0.46150200040474326,0.44316361342557153,-90057.4013109093,54484.412954712716,134862.5522929947,9035.86343179779,69,0.03832840246303527,22503.994159997797
0.5389652007156704,0.4908859914660217,0.017935255277875168,0.010473836888714842,0.10693336011923905,0.04707570143403841,0.0746489517136665,0.007925402872967497,0.6548430088252106,0.04072054368409421,0.17610237601103726,0.4452886025842914,0.3786090214046713,-67791.68977820735,100959.8260950308,175460.03347012616,10973.793291728738,72,0.03768725069395263,19589.891389668726
0.6326328610337124,0.3504738470476978,0.0010458256807457326,0.028974669812470356,0.0778222131559056,0.0660014393847076,0.07603570725179618,0.036492888665265684,0.5945592035196019,0.013948444377488349,0.20588981190165725,0.5507172283866894,0.24339295971165323,-93058.2815597664,118712.80250156185,147261.17239431545,10360.160622038798,69,0.02694861077623794,93903.55209834325
0.564223327125016,0.4626646464407999,0.03172055944696417,0.017692569227181886,0.06442576033285745,0.05193940330030007,0.11213847138657279,0.013104899972401435,0.6277169062682275,0.039217202515373376,0.2571774006749065,0.5279031286865273,0.21491947063856623,-84957.35421131382,146085.9021881838,127354.6972613954,1348.0435905844313,72,0.04418702771417421,42344.145367958525
0.771882818423972,0.48761851475717805,0.005585946296701751,0.012378825167305858,0.046125115587440764,0.06141974544304956,0.08386468592489461,0.04916780213196112,0.4901937526095236,0.0463493880646759,0.2174737230264422,0.5360977297832628,0.24642854719029492,-58535.31786446786,134317.34291334098,152816.8359435153,14540.876538223993,71,0.04654595483957942,6725.761262222366
0.5553362193402712,0.532065806159928,0.02145242119165409,0.01158355865956551,0.07553356919851657,0.021227956780477345,0.1145887595554516,0.04010283969642869,0.474437983604907,0.06573361089703778,0.17420900060455316,0.439361622340343,0.3864293770551038,-67402.99182944957,136087.93318277062,165935.69040089363,16517.877015418206,67,0.027770292322255658,-84.37032553846947
0.5981257015623407,0.5905582374971218,0.03878401541790807,0.029979523907790635,0.14322730300544526,0.045031425115234884,0.094196950367458,0.03939483480815187,0.6944021556208081,0.053090081034345045,0.20918834545264636,0.47931654322155015,0.31149511132580354,-86692.83601673125,117924.09025018444,170538.50511572062,8611.632350828362,72,0.04071401608602584,51634.86139038462
0.36948520920550376,0.5048009593106727,0.0022676319756404994,0.018075225061815962,0.13668717389411147,0.0178501292799007,0.0842329759040565,0.01356420051221588,0.6043975530434651,0.012187238625472907,0.16239493091195928,0.5002331356721507,0.33737193341589006,-58738.54191380253,82797.1786241125,164403.0381809424,15921.470094728964,71,0.047696737932572626,38899.41840189063
0.7179299179188782,0.49288278810137476,0.006491085815427025,0.02687760153307889,0.04869288479347012,0.057320076607035836,0.11568955633594483,0.0400386314465243,0.5138800349163886,0.01867833917913165,0.051380337557039545,0.3242347486309291,0.6243849138120314,-38988.326054605306,100910.915111726,136899.01189920717,1592.386133163114,67,0.0326478382158017,35158.09369001016
0.3618226439112249,0.5438239775658205,0.0015385075982164652,0.015844668173438978,0.05120354780057711,0.024821314889822137,0.06344907527320424,0.008287465118278575,0.6872955243664678,0.04148633313086751,0.419518348121929,0.36621731350156284,0.21426433837650802,-61967.4793764193,149585.09802573582,148162.8481215288,23627.279758204484,67,0.03747782138416805,45601.677148792194
0.3527949705813381,0.33316177509387135,0.02892155481581508,0.006404224088305769,0.09012800892219987,0.03581948706875276,0.07349801324144159,0.015375096463510159,0.724795142855073,0.05541457429097711,0.07518466216404662,0.6609291474071933,0.26388619042876,-88922.25227468926,116140.51366967679,185940.7518915964,3726.6915957063775,67,0.031772237224478146,5006.1910069045425
0.7310919821512325,0.5308139590135454,0.013382605681173406,0.020293035454278692,0.12508017015467704,0.0790455135998222,0.1006127794497821,0.014808055382453979,0.6110863791343532,0.02520946078147537,0.13090864942601219,0.47859817278853733,0.39049317778545045,-62434.108276888335,105188.59794974452,184944.18410407705,9640.558289839682,72,0.02339575353835172,25832.308488207997
0.6480723173203823,0.4514158099575236,0.0013048392084054595,0.014194041513541795,0.09928343688143285,0.08816329409090531,0.07175467884790367,0.015163891510278322,0.6611064829110469,0.028886162048513197,0.1593497035661097,0.5750990299173508,0.2655512665165395,-44250.633467783075,125998.86026458535,152009.14214603568,6957.193262393501,68,0.030042274955026253,33267.30249993936
0.4430372973638239,0.5143870812476516,0.006836228030136013,0.027754265087730257,0.06536660646898437,0.03239893498175994,0.11128102885705184,0.024243410568358714,0.6054319008903367,0.02016874430027383,0.15787579149464862,0.4361956929171631,0.40592851558818827,-57605.25851077892,101783.98892796606,145709.37600816574,5225.605988586154,68,0.021423694391274638,94073.67214031494
0.5089046467840238,0.5224756430508589,0.03420733367212144,0.021509981633930007,0.08641465496424403,0.08524870223211392,0.11918688200702086,0.033465632262464226,0.5478111367100927,0.06075167214935329,0.06654089749412807,0.55156317773154,0.381895924774332,-84034.2377334005,136824.1432344594,116202.17061246965,3092.2359400449595,72,0.03583869795100214,29941.603811591973
0.6137564854783658,0.44496863132756254,0.012753742577156689,0.0067440091890362056,0.05596324015901081,0.056773993355137366,0.07630613415324923,0.048554622509477605,0.5783619950021692,0.023665335799386428,0.3164387051176164,0.48113158861602406,0.20242970626635956,-72069.57858681674,140244.97320903177,173352.35457010393,20717.63077542042,70,0.04949996266868748,43488.29059851652
0.4519952890320425,0.5571297020729297,0.0022162196385481785,0.022742187153052474,0.05708532479336208,0.08979881269175126,0.042399039220550515,0.011901713980634677,0.7486022699912195,0.018075390982765994,0.22819112901334607,0.4345738909404056,0.33723498004624836,-84314.09623123518,95200.12840523417,170217.5415375161,16129.064252632803,69,0.032055077453417374,129859.59596738107
0.6309332184079958,0.438880633100451,0.016715525257503062,0.0062672440352098385,0.19485909133285506,0.07354749271325792,0.0647259939164676,0.04765519281439293,0.5863870758393732,0.05483834019302301,0.29672218763051045,0.28707938701183594,0.41619842535765367,-78735.20935299974,128948.19551470989,118451.27364631028,4411.455375253575,69,0.022406873683335594,47770.57257037695
0.6271146161280065,0.3714793255206429,0.001641887791368889,0.0280629722285381,0.06095331921923797,0.02942687135937046,0.049395394571382,0.04196355272280867,0.6225961363478651,0.02325839486456145,0.2776200660519142,0.4688180329895822,0.2535619009585036,-71142.97462497251,164062.12334410238,137446.639364024,5263.691896629243,72,0.028690968803625906,53654.09301400611
0.5553064669093245,0.3465349788753335,0.027245472529522745,0.01726719284473386,0.13348597417292712,0.05167612534620389,0.05505788589211125,0.0010042665078107305,0.5058518321887266,0.020977000140281546,0.24141122667592016,0.47855572494991283,0.28003304837416687,-35429.441865949506,127274.9621624295,159570.78298998112,9705.086586235919,72,0.023211790307971384,38934.947139260075
0.5051837169977325,0.4395875019854572,0.01886455348790903,0.012450890373887,0.1432146541473359,0.07259482431661161,0.13202487329928267,0.03615687929022815,0.6270398659479139,0.02189650778547721,0.13810317935797445,0.5019009397507562,0.35999588089126916,-93888.59114192796,129828.90625119311,152177.77103100796,18021.014246503382,70,0.036406056452729735,24666.772967910572
0.5706256905419261,0.3736503288958847,0.0184250107025097,0.0209245729984004,0.13784795316562895,0.044035624263857154,0.16836482642139794,0.010736350658051959,0.4332871541371534,0.016124782094452107,0.19376183791261525,0.390822002816048,0.4154161592713367,-97673.84163724554,143991.71927709956,154079.6045465801,1667.6808304016267,72,0.028091825377583615,31828.190451452974
0.6188005438169254,0.5470227790679032,0.004259186747949969,0.018503942789127238,0.09334505425867724,0.0600265932223598,0.0864113533704885,0.031704929871225605,0.6979223096716267,0.023601732303011068,0.17340080124509005,0.4001704833528598,0.4264287154020502,-71178.29349069731,133409.34511644274,126515.25714169667,1000.0,72,0.038983497399904685,62165.31019999929
0.664694748901395,0.43510096557471334,0.00613399655388027,0.020464438337452474,0.15943814339320506,0.057621919782533414,0.10817908269683993,0.044542157020451105,0.7201404160123887,0.01992694289433179,0.17043626247592417,0.24626774051021794,0.5832959970138578,-71060.05741883049,146370.8618493117,136330.3870057758,5601.97551358423,68,0.0357597182435581,43199.88925643629
0.44006381338793016,0.5535326068242493,0.016423120871532727,0.012419100547152659,0.05071551620619618,0.05966117138504227,0.2141470306673976,0.008513803511466045,0.7357680179994317,0.14013544973566694,0.2198406331721896,0.5513531714482607,0.22880619537954983,-68092.8023247856,112038.46010614326,183647.82559770587,6457.756322817935,68,0.026263416056634577,19748.927356454747
0.575945130748001,0.7313976275815617,0.004073330553877126,0.025831420842380184,0.044582737397655094,0.05019756260573313,0.09896713066382948,0.008041706452346654,0.5306486536936871,0.008190928370488225,0.20198250652770172,0.44363034857426303,0.35438714489803524,-46082.43171615227,127274.6422789864,155087.97506619533,21526.76739581319,67,0.03479047791983829,56619.599510497996
0.6815484377413329,0.532405352427116,0.000816360843723676,0.023318481517302973,0.10313633956876778,0.011215313450700704,0.053654386372329166,0.012742802427929812,0.6864343284149954,0.04192997476108371,0.11163622097238202,0.5662283809175694,0.3221353981100486,-107375.41155735683,155000.97715080556,185330.7465963185,8458.62856860797,72,0.04802677678451663,-446.6184155587908
0.5652882043749093,0.36288593569124,0.02867008240257071,0.011790185405721187,0.11125783115475316,0.026418443164339785,0.09926438243261722,0.004999469488124808,0.6158921247697872,0.07136922714561243,0.18290671233162045,0.33469172792470403,0.4824015597436754,-74649.1239412256,82469.42922874418,114191.54764544031,10277.679263476002,71,0.029762901800526594,15053.287849901912
0.48858405493085544,0.45584762245004795,0.013553258093968125,0.013003586836217801,0.0688759620386582,0.058439367019391265,0.08731545318498064,0.011894201159538587,0.5717254207814205,0.05395399148556093,0.17135123378748468,0.4696762617983962,0.35897250441411904,-56458.812880023885,149241.7050012398,161549.86062869872,3668.534723101603,72,0.04500999553291467,13356.302031327099
0.6188429730655488,0.4741126500643394,0.015420611398394183,0.00956245222996951,0.15243042867597587,0.06700350127612686,0.16152555708183103,0.0487501471657457,0.25901638005347927,0.033458345323069835,0.3719097066969233,0.3183808691525946,0.30970942415048214,-89517.45253871141,102492.25261022404,144023.50380144356,11516.784794640856,69,0.024136991605702793,90758.60820411518
0.5707527292095034,0.4565981579845518,0.0050852374385348025,0.01314378703980192,0.08619675826504461,0.04288117229172958,0.1192347984805137,0.033393048025146185,0.5955216957581152,0.024603404847214228,0.22223688621184542,0.4375202839059367,0.3402428298822178,-43903.813339302644,142857.63295619385,132941.37455221702,11726.490542894804,70,0.02816958095384656,47750.61295988998
0.6120515088768257,0.5274992274473947,0.004957169325711854,0.009694631850820404,0.10915263465780192,0.03479557586280852,0.09077547219999434,0.04963980450723621,0.5313872508691063,0.07762749041576392,0.13804989226411857,0.5621277788885743,0.29982232884730714,-27947.867865988097,126382.833238764,143298.3800418169,16626.20324849383,68,0.04548907332078297,-222.33437709832796
0.6051095560225809,0.3992247904841278,0.01737129180761476,0.011410203467330219,0.12299163964697878,0.08997141483316293,0.08245780133997341,0.04008738566338419,0.6037470562158314,0.04049896238806889,0.21227959768410695,0.3208283952036464,0.46689200711224665,-40973.703105542554,105482.4441178568,148561.24843980334,14423.796370717158,67,0.03422237730168975,24743.499648795125
0.5698682999566582,0.3470276448530726,0.007163277484992287,0.021695793963567533,0.16891452877271868,0.07359448077381027,0.03856416746890278,0.010738323708011767,0.5422698094748326,0.07771369045501277,0.3664564226437815,0.3287516636024449,0.3047919137537737,-73482.17105903411,104827.6912185907,142196.04316710445,12725.483802645782,72,0.03762001952462376,39072.9483274857
0.6560296779259304,0.5340615882919129,0.007380894117836208,0.020041207758638456,0.10569035659402794,0.022035755991976318,0.0906590232938564,0.04844916256263671,0.5114365038492033,0.034386991892159144,0.2401605205362695,0.33729692218250423,0.4225425572812263,-62369.58676768523,114995.11592396865,191527.63572834156,8792.62014574387,69,0.03894335347428453,18583.557211784915
0.47216367020036126,0.47390058979605415,0.004002793628293384,0.02755415567163868,0.1330680662571551,0.05713872144472634,0.09714797812560053,0.028603277699579578,0.3231470836892845,0.0339751901454809,0.1950700067953725,0.4765965047445645,0.3283334884600629,-95892.97084885837,110184.20756859516,185783.2735424686,10597.37761215405,67,0.0471890960635728,28593.336855993974
0.5726876209932427,0.27088323875773895,0.01587283553762081,0.019761572354309198,0.12101425259566978,0.036287851301994564,0.04183164405661315,0.02931205628995432,0.6876876327616894,0.01911983041840633,0.17110403850674658,0.5098371776731425,0.319058783820111,-111074.98639822345,148427.42770485335,138208.63599187045,6042.607785813625,67,0.020655118650539313,34931.776304169194
0.6961187387508955,0.5537567658793786,0.013599752631708442,0.019326521257895975,0.08316989189945767,0.02049380891873561,0.09246518715923724,0.004820066225981418,0.3717787441471003,0.051451754187776456,0.13820814475586263,0.3995797362929201,0.4622121189512172,-57912.11116216735,145299.4070120967,155933.25782423044,7711.383647441798,67,0.02541721212344235,6402.6904647088
0.47950292703796354,0.410830665967544,0.024593599246760783,0.022326199480638964,0.10319938500750549,0.013479155890010528,0.19257490120533116,0.046500334161663125,0.7554599525060055,0.02800385437097632,0.3149637909269816,0.39346467561371334,0.29157153345930514,-83958.35108033898,136805.20711522707,153061.93800586017,4953.156006971072,69,0.038120640025981985,58058.68006575171
0.5342612993730589,0.39008795103356103,0.02035950855062755,0.022848194260408905,0.08639992866932635,0.059605358413789084,0.1306790921972495,0.022205825209548582,0.6714467492650352,0.0323703516094909,0.28027968276773557,0.39431614410016685,0.3254041731320975,-69658.56109635741,127514.04970540408,164657.85173320834,11751.402972355534,69,0.049002786433822165,39902.74671559271
0.5410864283977409,0.6487489204997833,0.01157623521450595,0.010839381564396969,0.10976473949906632,0.0847849664576881,0.10277298313854996,0.01648688024191061,0.5928570933325272,0.04360032789828709,0.1762814639277017,0.54253058999632,0.28118794607597836,-70674.34046202883,137969.427126695,148068.07540215916,11661.26088221301,70,0.04668111130049773,19967.004335731028
0.37791994242380283,0.5978491372520586,0.005936468077909553,0.01969766699727391,0.20205375511163365,0.024471045183785796,0.1990310269513678,0.026677969060321306,0.41241581084362655,0.06353269012792301,0.1468065261466506,0.4629710146874734,0.390222459165876,-74937.00337807149,146068.43112168185,106793.19879661602,7376.037149927942,69,0.030621490142114474,25763.80361826434
0.5840456064301655,0.555422332967012,0.01966837984736786,0.021306325458541202,0.11940249055437235,0.017836656011877,0.09220391489172754,0.026681667929661243,0.4401039516979,0.022919177013772215,0.2162401250882877,0.5670051816002238,0.21675469331148842,-76297.03067185631,105506.89088820218,160760.6295201733,16013.694001548329,70,0.024865300372563216,58833.974443208535
0.5620950546457899,0.4686931288408215,0.022021552037428116,0.012341459875906326,0.06268201584428319,0.08034802365705655,0.1030776099243531,0.014546079584180471,0.5949625580341976,0.046014801803055734,0.19463127716053785,0.39273970059168084,0.41262902224778136,-54744.161765781726,96751.64087941124,149313.24887965262,16703.102943647267,71,0.023765535777627533,44398.986607812934
0.45050624783700555,0.5972939679362049,0.029074687410618676,0.007042735927264471,0.0646064777146832,0.07479565171716106,0.05776236770886194,0.03640618860068386,0.6502675975245689,0.06633676017187691,0.2179135943696545,0.3361687385253857,0.44591766710495984,-53798.47412951763,156144.11213516555,125031.07999825978,12270.792982361461,71,0.042333129410846285,21064.011250110034
0.5433529704361821,0.4274130238335821,0.01503888764850244,0.008239213958928461,0.06299632856713286,0.04467108877854724,0.07131025688880106,0.04385411691824803,0.484529624902544,0.026200604934197295,0.2820838038163755,0.5100777457393837,0.20783845044424082,-39677.524799973864,152251.44840749196,139799.94409652238,7591.184392946203,71,0.041198982170406635,37015.728903027266
0.5018413735368551,0.3105967542291273,0.01239155628681034,0.014906262737037488,0.08274255309424576,0.013445290214272428,0.056774463203722376,0.0217259758392296,0.5550373213770514,0.06283264981450341,0.10025010341905667,0.435197285230305,0.4645526113506383,-2705.936872857355,134764.81474996402,147136.82112190896,16663.67993032597,70,0.04845684914576865,-12245.954322835652
0.641219968255403,0.4876369245172081,0.0032170703654288654,0.018320320140213397,0.060216088175683635,0.023073738154526992,0.034546721241321375,0.004337397089588058,0.7682169700923378,0.03575447327157458,0.13563946907102067,0.46932179436243393,0.39503873656654526,-84035.51043765937,173257.8007857892,117517.05115651977,9559.370151149717,69,0.03221138869221586,14192.784919375046
0.609311337323566,0.3399675830528727,0.025075940731405535,0.006995524063090534,0.15783494626829878,0.031156253433570962,0.10216311278609264,0.0020391439141198564,0.537324909490533,0.04979090112044162,0.2063138497110795,0.5134405700363828,0.2802455802525378,-99526.15661352895,98980.89197439273,157417.2316437588,19089.443578780745,68,0.034688015946140495,5083.423028000008
0.4636558919435729,0.5606627035190799,0.00355536348776952,0.023289968860526596,0.09907974397234355,0.03939119650961542,0.05240071621519753,0.005861988337476105,0.5440703798562397,0.04199163536623338,0.15028873275225618,0.525692493437197,0.32401877381054656,-44725.02863654898,165203.10567446583,161390.39099002082,2666.146862665708,69,0.029967204297057997,754.717277223316
0.5524587890996278,0.6876302897885685,0.03209663263355609,0.01944081217204655,0.084394278738483,0.08336778868814786,0.09471089158549183,0.0016743886172600642,0.543969790198016,0.016567358027324057,0.15292484454753177,0.28799886732947516,0.559076288122993,-78967.34472705028,128196.78281945674,170637.4362184559,10550.659217625132,72,0.024060964608263572,20801.806432404097
0.6450798919109356,0.5003188434144129,0.014187129502514132,0.007394016967748524,0.02678245085222707,0.0319561503603356,0.07648025905109199,0.02036456119371611,0.6660193710876429,0.08703708689163375,0.13204655210104713,0.37124037365244156,0.49671307424651134,-20661.84934326533,117005.32164998076,131639.54615410275,13558.560757429877,72,0.04721973471446293,-3656.68357480063
0.5439415095802296,0.4701829670003392,0.008243802529968543,0.023894202729204957,0.0660233728901208,0.039850903498854624,0.06245322042205756,0.00625775090623425,0.6945210131753009,0.013082007620949784,0.19697813434077618,0.4776698641765411,0.3253520014826826,-41437.07252465362,90129.94145631962,148994.41202835093,18345.458885588614,68,0.03377955249870597,67257.13695247826
0.38474099470918066,0.3969150112184876,0.019826228746223057,0.018395431803108635,0.1706495282465201,0.028272968257912014,0.0626905827990794,0.025581718558145145,0.636468431347644,0.014797091854012649,0.1936225714090394,0.39018860568144836,0.4161888229095122,-58216.93513392922,96448.77072950816,166793.00816268643,9186.25131844129,72,0.04938044273960783,27247.099960439784
0.4743133666627228,0.5841085942417715,0.003865330680196861,0.013650446625429696,0.03408198850343636,0.07302790583529933,0.12894390153040156,0.04464637900522126,0.7021595574331845,0.111405859419322,0.12065491209061986,0.5404359312493849,0.33890915665999516,-38354.22725819118,117127.07839466668,147737.14413541474,14077.804820776473,67,0.0214244869970461,12059.850249146255
0.709025239818638,0.5313242923585554,0.016577171405047192,0.010509455037716959,0.1387117391408395,0.05936032711699976,0.1356289997552404,0.024065816954775422,0.7853685400079882,0.046540442996402406,0.11149909644000885,0.3588407724632429,0.5296601310967483,-119526.29770910178,123342.69159727974,145427.16995941926,17807.564517389466,72,0.03149203002910975,6321.243308947878
0.6052996549894527,0.43234792740050587,0.025340169206154544,0.021070204711026417,0.04195073467593585,0.04189792475559234,0.11983884974699406,0.016096415494024886,0.4363041507820811,0.04765180627076645,0.2363670502461891,0.46860501393308046,0.2950279358207306,-72044.33639804268,117888.75788440988,149253.58108905522,6902.959652532929,70,0.02695054304584565,32970.601080382236
0.48823585270949355,0.4881823075726353,0.0038043587015670808,0.015607741630850689,0.10097596895055791,0.01732553144808378,0.1108972794142856,0.033648505873735954,0.4488609389986429,0.03676861075281449,0.24676291922815238,0.4349540635448136,0.3182830172270341,-77242.00567430837,58177.33933831539,146880.73639796878,1000.0,69,0.022243754846489744,102079.77545491095
0.5326445510177208,0.45232539197053556,0.01925485375060202,0.01989653732547808,0.04572332159149586,0.06682123294638609,0.10450173552283977,0.04121119131581516,0.7455464924155898,0.01560780688252082,0.19802146075586358,0.3700492261098132,0.43192931313432315,-40920.07720404331,121284.65955660744,155398.6135401636,12405.553803631226,68,0.03457909290267815,47501.70184278848
0.46650038918196157,0.5132587110337282,0.006214284675437936,0.009414032056435376,0.1338798031575215,0.06500355183593516,0.10093449630024258,0.03317334213729358,0.6765599817217607,0.044479618325688655,0.12495500017728779,0.4714878095158251,0.40355719030688714,-68289.16996097461,133164.38316177137,156286.0687385147,12445.777018558683,71,0.03460550046702362,13919.276421241597
0.5135075373452629,0.5175358103329097,0.00922904637605261,0.01329868387562158,0.07280247234079609,0.025667976616358733,0.07851505158572791,0.04873768404525286,0.4538071092086044,0.06439758078161631,0.1463951563127092,0.4156524875625369,0.43795235612475397,-64397.373121637705,129312.4855568792,155170.8161220258,14162.234343480233,69,0.04763410242568397,9601.725345591645
0.4607516175081349,0.708740402021153,0.012294974629349684,0.020415465344768895,0.0774012481460828,0.06923709013201998,0.056507333780684725,0.04687499619239876,0.8912431513249117,0.039927997484234014,0.1693889375726339,0.32599208026602416,0.5046189821613422,-80415.38884336906,114034.56115934595,138208.8143858638,10049.930117549053,69,0.02837617851769609,94713.85579444483
0.5335768850805368,0.5110776369011317,0.015275860237319293,0.016138470901122644,0.1176807328797559,0.034695815643156616,0.13086301353240223,0.0485065741772044,0.677587771435301,0.055976427933994315,0.237208888386484,0.3129202829348945,0.4498708286786214,-60607.255646638885,128782.2021798631,190543.246159853,13743.202206204218,72,0.04973027467814153,3369.325375886113
0.7036262540083561,0.5063907039813172,0.0030180584294260855,0.016919128730943582,0.11576965145977454,0.017525865043813118,0.14007399981858698,0.012905793363741891,0.41493913811057304,0.0499529221939244,0.21623265561473404,0.3163382254932115,0.4674291188920544,-108922.71621988903,84217.8935407928,150636.72986141633,23030.369248723513,69,0.04952779153944842,-7156.466711992796
0.4378300694397564,0.4889723697266521,0.023362549654934,0.010816476684117777,0.0987567278409087,0.07074589091820664,0.06168019547489362,0.029534209826887092,0.7079800424707821,0.014807325476516708,0.29274640670508434,0.3020042158188692,0.40524937747604645,-64528.365879779885,116899.10019057938,144909.9642075642,12034.97575939159,71,0.0341695667710275,85162.95146196354
0.538695692237167,0.35180646546991906,0.018792216677137763,0.01587984578051093,0.10381089626922742,0.0511977168057388,0.0645716901997685,0.02168144112265264,0.6435892486786043,0.011465535362387508,0.1078207669870772,0.7169809393154996,0.17519829369742343,-67861.24598168672,121219.60758812581,174117.33623406492,5668.765892082284,69,0.025409257680231497,31302.99482698109
0.6590970740534938,0.22704301907279448,0.01832210838673347,0.006097846363639734,0.12439091307780874,0.047272479174018785,0.0740505729260209,0.014672800067940452,0.42529465429450714,0.058554798886982166,0.11364929971124921,0.6409718733616764,0.24537882692707438,-59494.701799996554,98123.80905311271,132296.11654547093,11424.16630131372,68,0.045210661202056295,-87.3193550820162
0.5119389001519099,0.5473971521134956,0.022016060098929313,0.006483237976183041,0.08465104565800298,0.075156400868052,0.05724033663019399,0.010044626951722903,0.6833457920191255,0.025617410178522385,0.11247481449622314,0.6101875891244755,0.27733759637930133,-73505.70589949287,130006.67232550842,128869.5742138142,14925.207595988675,68,0.04766630674644245,15578.746844201973
0.5455209294066514,0.4932597440221307,0.008816237341934562,0.02135144802562255,0.1467688367163099,0.08452106266668624,0.07839523262116413,0.01715128640261589,0.722087057606432,0.056845421083399725,0.12065032003504829,0.4067992657074497,0.4725504142575021,-110039.5844214963,116311.05029888861,150091.06323310707,11477.223215828273,69,0.04235177179386767,15963.685650632127
0.6715746334201741,0.45098524868403844,0.016125073560913895,0.010718462766546836,0.10071812941145229,0.053546907176775786,0.07987873576236672,0.014254236605241472,0.6416115428467152,0.04201304299513248,0.2304685597248286,0.3800432961128579,0.3894881441623134,-45542.817114923266,131711.48656622466,180310.50362207444,14437.686456728863,69,0.03745195738097301,2532.845970555972
0.48401577592002853,0.5408704563780483,0.01396742161853202,0.007985653705151525,0.0771697117956073,0.03731281416880765,0.07564692721639582,0.022788683105912727,0.44361660944575726,0.028195499058388307,0.11722539773491229,0.4541444933342057,0.4286301089308819,-102916.79272512393,134356.61676235095,161751.71151656192,12401.356897292519,71,0.03148347129457173,-2368.124522619045
0.5523997094270915,0.5832565489080698,0.004558098879701863,0.016551546736133276,0.06556976352028772,0.059079141246226964,0.06252640286587381,0.002728122448731485,0.6302979867937822,0.025018632742901253,0.11624882225181764,0.4936041779451753,0.3901469998030071,-63441.73832470086,81201.67303612358,125036.7817352751,7771.917505568623,68,0.04514294323134218,50481.55519389461
0.6624751056993192,0.47819186989389856,0.0327950304266926,0.010097190528965858,0.06817621302100618,0.04080032798874123,0.16507579861489716,0.040913072602221066,0.5217165119147383,0.027340554057643573,0.06307990379494875,0.6312035579409937,0.3057165382640575,-29402.044593519888,106928.20460179888,214734.72845974658,6314.435590815999,68,0.028577341425797785,4999.456047511316
0.6687244471878662,0.528913185388446,0.012687346747816287,0.018843166538320515,0.07365814409385557,0.04198315644734518,0.07029636612928344,0.02321959420809974,0.5856841330102177,0.03136699000164573,0.28295887697101624,0.32209190492862383,0.39494921810035993,-69552.61984895995,83390.44041656784,142299.5110762365,13136.366900820256,67,0.045141868376450366,43760.88093079598
0.5627242067128618,0.5389936922439221,0.0033407058166404586,0.011581598180756809,0.19010830014998034,0.0666397354774136,0.07452069647334965,0.032714293492144386,0.6716231301773635,0.03257009963447495,0.22087406272773005,0.4170563514548452,0.36206958581742477,-36290.3699009804,100671.47515882853,148232.17181111933,4344.5625246644995,69,0.04715956618053018,41853.37047655191
0.5393996750036537,0.3414748204268607,0.027625513790276925,0.006167875480911481,0.14861515216920862,0.06874326071588549,0.06887900421587011,0.004155791297574174,0.6319774697429879,0.03466453588569363,0.18873437799937898,0.4558060513609708,0.3554595706396503,-59575.41818333514,102205.29153475954,136413.88633519507,5726.835247789068,67,0.021374830101711543,24072.504997286047
0.540997935694076,0.4823798542312983,0.004541953570236441,0.010666746143789544,0.11555577656354632,0.031203365835624997,0.06090826398341574,0.0269903846429132,0.6111005324267251,0.01894587311834887,0.08556525201725695,0.5794663802378281,0.33496836774491506,-108254.89011583303,113732.57777646322,160541.28369759428,15219.161887943228,72,0.0334617010399626,1260.7243233549502
0.6610840772508841,0.37788999847700666,0.004809727039459818,0.02603182849388693,0.08975786576914922,0.056241221315435706,0.14203277140380277,0.0368435770584643,0.4697616167544145,0.05559927656754291,0.167527255545868,0.4918528736784064,0.3406198707757255,-85087.23440304381,130460.1627701615,150056.49483889967,4789.244979874699,68,0.033171497425557195,17527.226026691194
0.7413717326027796,0.5679141895380571,0.033210843721460236,0.022927817038870358,0.15793000685673364,0.027366439593741677,0.13425278639199406,0.006934840017172945,0.6059988376000826,0.013651492798984689,0.20716380983995902,0.4617998860793212,0.3310363040807196,-78184.7997822306,104029.65437689191,145350.5011542805,7855.649014660446,72,0.022728724000919923,27398.930621916144
0.5480197073965715,0.6598244798511125,0.01985820116631142,0.009038321528234979,0.06871965526809162,0.01401683240092102,0.06914339068180117,0.011628291645516892,0.6047080121344452,0.021371406494167845,0.16035716518573465,0.4983052318614731,0.34133760295279225,-73666.43874330081,130770.49018430922,135475.49818257088,9776.464438239578,71,0.03353068082627978,6149.352610688565
0.5776346089344515,0.43955301027447446,0.008244717034796152,0.023675811594098328,0.10429489656326697,0.07937469477748545,0.09899445011148103,0.0181847578860872,0.48301205428480287,0.05271160464566301,0.13767167414634732,0.543777136723676,0.31855118912997665,-31562.22466540286,81024.0416558692,128618.53844168872,8858.12391059128,69,0.034848239365376336,53538.167449701636
0.5356527064877317,0.5190357348425273,0.022723351050995953,0.01428433707556977,0.09085768859569353,0.04963067691053299,0.11710887381591076,0.0430879929974554,0.37369447441922593,0.049271335192558365,0.19427788543336152,0.3745900107801936,0.4311321037864449,-64311.0330042901,93331.2459875205,167904.2577002482,17499.863526316884,68,0.024195289861489562,32123.385003320098
0.35822215334937596,0.5196700602363558,0.011211895973356955,0.02654426954090339,0.06625854854036192,0.03611160182184798,0.14786533293336473,0.004904923629084024,0.6068657560255829,0.040662432597233865,0.19216643112514215,0.4501697639851755,0.3576638048896824,-106685.89548375679,96408.41570216707,164775.51766876105,12836.393347874464,71,0.022185131586830418,78329.77553376842
0.5309698035437032,0.4580553682213619,0.019222717138958886,0.02026351552486689,0.0772272917333291,0.07263927099542977,0.14696386844569392,0.04806474362943175,0.45107405611653295,0.021809925882037753,0.2838250064303318,0.3695915319031273,0.3465834616665408,-71986.80709661456,56819.71199996642,168302.75887307807,10931.089853255091,68,0.026704946087629085,120073.87482074068
0.4851914196203125,0.46830770934552923,0.01165865921456871,0.008189325502284404,0.06825231553358425,0.03870360905085727,0.031702968761642136,0.03642567446237345,0.5721119417926517,0.021536639986971903,0.1976408395546928,0.5439303489106441,0.25842881153466335,-103403.89537163042,78723.07031776247,158213.06463767443,10379.30601324294,67,0.04748142542675929,45736.140655247626
0.6087041582448988,0.47121612824837644,0.003148115471940313,0.005269145943472285,0.12723985910031435,0.04430088192327895,0.11852435029286952,0.014064925375886307,0.580770391713001,0.02509838765931491,0.14107023620585263,0.5506986768754978,0.30823108691864964,-80190.72109173816,103140.69943175881,169639.66080404836,1475.1098320557776,68,0.02905420611353128,25087.51320945727
0.6147752983876531,0.3426577205497178,0.021689933748872115,0.01345245154349064,0.12082613060582859,0.0655069344015222,0.12376447306942459,0.017810866762698673,0.6846250340290764,0.04777975411073803,0.25227811873764927,0.5014247694614582,0.24629711180089248,-76825.66116150493,145026.36526214026,150228.3651705126,20992.347764618902,69,0.04502281187515133,11893.6732679661
0.4451283525559617,0.44131903147514234,0.01215981078883063,0.01986593961731025,0.13608978951433537,0.03375614294445,0.1363053601532915,0.029174771319814486,0.5799910618786659,0.024780180180597917,0.23008305436917928,0.4496921133006677,0.32022483233015286,-67628.47664736964,125162.40439473839,128445.11863802756,13040.11006959788,67,0.041766062322774446,42297.70876710504
0.5268839847656271,0.5868366764369358,0.012357992927121185,0.02180221312239041,0.08222157535421382,0.07743095922573015,0.13352873796558026,0.0027921014465756566,0.6687718086995675,0.030871063639199364,0.24183732486236836,0.44232077309286977,0.31584190204476204,-35009.71606955325,145503.57580919875,135818.2827921725,20725.316044462157,71,0.03366480631693181,53448.74955591414
0.5750815890059087,0.49148207916078823,0.020830191006539416,0.015391604317710928,0.050481982029022196,0.029485430878545094,0.10237656128731963,0.039801854260796354,0.5849556642417146,0.040629802356527016,0.23466583430137622,0.5209625727057484,0.24437159299287525,-71027.13538071205,93494.6403899583,147482.68302022587,10176.770275728863,68,0.036055480059377844,55821.31380522117
0.3900218558235901,0.4591859604053518,0.012774070116383358,0.01458025619188955,0.10944874949623658,0.06186472813848568,0.08103271133313646,0.008334669642277947,0.6496438783314417,0.01100307589195938,0.28748664331283014,0.3953472142885472,0.3171661423986226,-65317.9487274308,150342.4936013514,158062.41275404728,15828.337863222772,71,0.026280370288547017,53554.73278440766
0.5222875557534185,0.6727027727956383,0.037266388487596606,0.014301241574182305,0.09498042491821944,0.07455140837682736,0.12756588191820545,0.0043535490809981205,0.5107796962966393,0.0160838968167241,0.24110307191600108,0.5267400566281314,0.23215687145586747,-64517.55333576562,105443.16857137188,167908.27909443105,4412.201645637555,67,0.025608858752027182,91356.82963024642
0.3430215903499226,0.4624805566301703,0.05384667468070494,0.029234902981498962,0.11408435754688363,0.04621043324846109,0.1369174341228532,0.04818335710230422,0.5996586331447059,0.05937229191220538,0.187828299687046,0.48564388696191807,0.326527813351036,-58394.823657507026,138362.67610000368,119793.12292078805,6269.126674259954,67,0.03668041120922714,42986.49153068787
0.6064392252158971,0.5429768620739076,0.021367645951882407,0.014706502409044595,0.12253078111493955,0.015802251392711728,0.09382169318014548,0.021699878988201887,0.6923590626497573,0.026878015079861355,0.18616605093806682,0.4172817468138748,0.3965522022480585,-97787.13300923312,147438.6421990842,173060.29819955805,11672.538465757474,70,0.04462947364647722,9408.639945933282
0.5661809278282846,0.5122020332226908,0.020921984970120787,0.022680013178493375,0.053419657472726735,0.05306335770698694,0.06168663975486267,0.02081407155133015,0.42291767045539524,0.09581482073424909,0.1408165495413187,0.5518693002808683,0.3073141501778131,-79901.52843591661,133966.28339784642,149639.04521694902,14518.06490167235,70,0.03715927306238111,10112.783123335988
0.5135807339916076,0.527040567566093,0.01116551147296631,0.00790761344082151,0.060308007978963823,0.03373387845123602,0.1297586219289571,0.014458413372120678,0.6179037175170745,0.030547345375334888,0.20279277537321608,0.3445337455860852,0.45267347904069866,-69253.9156329386,111217.41761551182,155328.9736912523,4611.598818345224,67,0.04303951805006535,22040.536467164187
0.6793608925331114,0.26012180933649076,0.015195424707647556,0.02873556562303407,0.09467404147204729,0.011608872996606569,0.05197458470594082,0.03986508965656807,0.43293049113085147,0.05203481012353885,0.27345043354260684,0.30863668814768463,0.4179128783097085,-67374.62409935807,103555.87691816893,156558.63614007432,8198.510872658357,69,0.02933454447677644,35782.85404807157
0.5776611597486724,0.5420045437568645,0.0074739878458103945,0.007315853514489535,0.13356468801203605,0.07162035407256996,0.07339387949937957,0.0011921910909178603,0.6044528608249815,0.023206170531532178,0.16242265914862491,0.4763625173476011,0.36121482350377404,-83759.94792884104,112985.15300322368,152773.77373298537,9584.254240465265,71,0.034332527265385486,26981.852050574547
0.3745592258653778,0.581533005475001,0.007044127479903658,0.007918333683313088,0.11603694327045146,0.02106171817088673,0.06557435741174042,0.0015662864303630508,0.4475146896418356,0.01655204617683214,0.2015030227740999,0.5302800642293363,0.2682169129965639,-38575.96098927784,162955.11349078422,147644.8269228793,10512.998418403666,72,0.04936294010139471,10388.195860030706
0.5419683423300741,0.4575056438911315,0.003822191298216197,0.02987421511401988,0.12579485698334125,0.015459656780120765,0.03553995616698639,0.026533279899491804,0.7903915018771145,0.03538240025831933,0.12243746181783416,0.5184440149423452,0.35911852323982074,-43442.1018322354,105565.24174109084,179480.45256306467,9608.938511971808,67,0.029254805544514647,9723.924538107192
0.5251665222015555,0.4045226214302861,0.02359955894471019,0.0053386663011185595,0.033879058928211254,0.03333031212578803,0.16221924806070143,0.018900505009836484,0.6598253604846674,0.02890070214186493,0.11499854887095655,0.36691662128440666,0.5180848298446367,-46620.638763391624,103025.20813029865,174417.31589629166,10906.325394764903,71,0.04415602935865545,1611.855683903645
0.4168042560209278,0.34909792087448527,0.00947713677671664,0.01573462425930969,0.059181928762173625,0.058119096804485085,0.11875876623350096,0.03227418169536037,0.4878604218841894,0.03125800987288943,0.26479732496217984,0.3288292197259014,0.4063734553119186,-80542.90654388886,69859.59237781708,168202.99622077914,2212.022277797777,68,0.03276322516320935,90559.23096366545
0.487821270965967,0.6203176613195421,0.01097660502845587,0.02056151123429148,0.04839997546569292,0.06696118217230947,0.06168743205988559,0.02234889408432941,0.6653168245029636,0.03278870229350791,0.27471179954628244,0.38653753537710095,0.3387506650766165,-83019.90712400858,112488.50206187538,144521.68524729376,13578.083958778941,69,0.03886146347409915,90172.27595429872
0.5650343577779583,0.46544306273637154,0.004862672937145296,0.02095958285760632,0.11889686231331711,0.07445349610004642,0.08526692792356098,0.013657494594638676,0.2561239984913099,0.038788541966896406,0.16444633583309534,0.4523539628484126,0.383199701318492,-41021.858074185955,166375.4124672693,153509.72025602745,8263.805886119397,69,0.03420302274128832,-4942.253991894709
0.5435631163036502,0.47625770857372823,0.028413545235899305,0.008357021911609506,0.06794509402086231,0.07013246293452145,0.058040458709133574,0.0067355072830226626,0.4598697689274582,0.03961919292988934,0.22275157222746564,0.32105598404369384,0.45619244372884044,-61688.345938839026,153759.0287768097,135572.4648234677,13715.687506085447,67,0.047051435860189984,2631.6889379227678
0.4830049874127039,0.368310385124645,0.015561592549579235,0.022174379335112064,0.05121692043568938,0.06322754282705162,0.14277385454516356,0.039390315124123595,0.5851974153313373,0.04826534528391106,0.17220509871345105,0.39094540210759554,0.43684949917895344,-95018.84391770992,93626.96704854634,172182.7076307896,5375.664820169751,68,0.02703822397319505,50411.5280011041
0.5612442116718273,0.531977581742066,0.02719909693685412,0.02974556687319844,0.10005215675649769,0.053444833900860335,0.1082034696534916,0.02530186430509637,0.5323362841139998,0.03695487493209433,0.17597353958806897,0.4288369906228143,0.3951894697891168,-78690.5216548121,118110.33466614541,149539.10926828106,12235.38364114212,67,0.04416442534993523,32073.906737898327
0.5042556408776949,0.4088580051464786,0.024387379248455833,0.0248849659911321,0.13756275277474622,0.021678770637832693,0.07632579103881991,0.002394023693286673,0.6264063957926597,0.05850018305162723,0.25616212622322637,0.49330698110399573,0.2505308926727778,-52324.18609181143,128048.53296107278,111844.17981853205,2499.2977657438873,67,0.04503647113975126,34043.11458297655
0.6055980099554077,0.29146627115236573,0.02534673588068436,0.00733401976296948,0.09168182520328878,0.06667565811731221,0.09983269960234005,0.012536874368761282,0.6450593600631519,0.04839397692282707,0.22111460878672842,0.4954951932695412,0.2833901979437305,-72909.77510771451,119407.94938412531,194125.72299967406,9046.033377509179,71,0.034963742587989205,15890.119460568356
0.6835526791038037,0.5780303920470627,0.012147748110108755,0.010525338055357505,0.06048404136528633,0.02199712874119606,0.13936734032045914,0.013524271084265084,0.41798433545366315,0.05878322471241419,0.06494834692154225,0.5246709420203617,0.41038071105809587,-39882.062695052795,146531.07600878514,164058.86507743344,21013.05257193985,72,0.03518710464302481,-21441.240614954375
0.5784463376264045,0.5491996388101674,0.018761276459657472,0.013987746882240039,0.056615850867262146,0.06374543801444535,0.07930618153435019,0.03283188508528878,0.5747367819045472,0.026563573428545286,0.34900252041452834,0.37704513289899916,0.2739523466864726,-65890.28088145368,118613.68060372859,159702.10210292408,13200.800154702823,67,0.04335785225091843,73530.71305197477
0.552901216743579,0.3701266025719365,0.02212874392016267,0.018801535976548267,0.09021256601271407,0.03809557352452028,0.12157577663028674,0.033047360880961704,0.7442206029736008,0.06553028888762208,0.1199062964243016,0.43165964012207764,0.44843406345362075,-89979.5950024551,97809.10058722577,173119.3536087736,15181.236723892334,70,0.028580604991356475,13827.609702771382
0.6187430240679012,0.4304261454998386,0.007106772319568669,0.0245981811997767,0.06421675414983398,0.07480651409674223,0.12345934659655072,0.03188302056941275,0.5770655114183696,0.04990792693563169,0.2017346059916904,0.4232337489502739,0.3750316450580359,-55702.7297327625,112386.67822332676,170006.00710846318,10706.929969170038,67,0.03977039635331469,31082.599723962743
0.5533105181428019,0.5676128633972495,0.007370442968999166,0.006618095688168333,0.05945684534343452,0.04587190027331655,0.10676059433617095,0.0477274630605668,0.8532963076424323,0.03831686322649174,0.2309484544223704,0.31616434382535286,0.45288720175227687,-93133.91731357246,124263.68447722986,173092.14893168653,10339.732553926475,70,0.0323949911112761,39110.432300476576
0.6586831112974565,0.3467415114942116,0.03524000729887085,0.00776401504667394,0.12428367835652204,0.08110171777961918,0.08158451943973946,0.021056448483718945,0.6050368766805567,0.028522161870238653,0.29050136696745393,0.3229735493623148,0.3865250836702314,-97254.11315109889,128758.40607179582,136181.22709475225,13709.413083207675,67,0.020621614503094524,42667.405764507654
0.5547073659598134,0.3617886358354019,0.0342667946015134,0.016252682081078426,0.08682328102015424,0.03524493530020794,0.07335902918065455,0.0025321217410401668,0.625419934869725,0.037699275642843234,0.19782167868539358,0.4766254959489369,0.3255528253656696,-81301.42848689634,111925.02036567096,134056.18577281444,11208.953549732702,71,0.040584866635365084,17968.343475418867
0.5435298099585031,0.40012651940738597,0.011192029153537187,0.005624635079645217,0.09174664507921527,0.010646547535476758,0.08050634009758803,0.043414763358614286,0.7633922113542,0.07082062869565618,0.08753595832321528,0.37739254447311377,0.535071497203671,-104705.45056988172,106900.30788504706,155664.41097569262,12808.463542998792,72,0.0453754098566383,-3963.64385296361
0.5393987671945343,0.36757839577700346,0.026270651140474527,0.021026997899198825,0.08111337369002834,0.040534030600220795,0.1577967847229696,0.028813819601993352,0.5234125397874385,0.012152905337269098,0.16947914442831014,0.4338280516457156,0.3966928039259743,-104600.95058726594,159972.03581157443,151065.0035500068,11754.799259865411,68,0.04772152255416967,11563.734887548117
0.6483004649891815,0.5305403211634225,0.01247558947466788,0.013735377653422571,0.09373970708690116,0.07789889324243651,0.15725963176677754,0.04036913416709273,0.5932240645249203,0.017999634296415074,0.26128632065505764,0.352902435253708,0.38581124409123435,-74113.90323697386,90978.82297831663,150919.51430015848,15595.783542600693,72,0.04282532494184073,64780.211131505625
0.6217455631470553,0.5343217061274544,0.008055205753831753,0.02317741260694217,0.07390505080692694,0.0638947161128422,0.040809785981412605,0.011047907677914914,0.5680915671878783,0.029345798999321254,0.24777491359327644,0.41763017281318565,0.33459491359353793,-89465.52612026365,124592.73450547198,140295.029503027,6936.041591559711,70,0.032135795767850896,78803.3680671747
0.5537464579404245,0.4239055616737772,0.005217488783049624,0.015878266758216728,0.18274121744321964,0.014515605063330437,0.05695121771763205,0.04334763847212161,0.6811844899852458,0.03293372942618747,0.19158758540811963,0.6154777346713874,0.1929346799204929,-92500.46129347161,79772.31250325844,125161.02263004407,12835.513955452989,67,0.038061543148525216,43130.15256238362
0.5936392355224186,0.5817165695144626,0.000694245935538288,0.010190953815530516,0.09555702846237604,0.07218994605548701,0.08393102931326646,0.04832283916192623,0.7808759431052501,0.04147255393793118,0.20153738755335102,0.4356149120162779,0.36284770043037107,-59007.023694507145,204780.338273718,171875.81115553502,5250.224106276509,68,0.029389005887301433,-19982.679433847166
0.5625999543687761,0.4214388161373771,0.011984434300984574,0.027552323920141664,0.06061873986168453,0.021347918610269422,0.15961215658289035,0.03521545873735331,0.5964912814468576,0.07883946874837414,0.29370441373651257,0.4055472273563386,0.30074835890714885,-116750.12597809099,180332.54880923533,134142.5869771671,7705.183601915882,67,0.04787829770947402,22690.054881245323
0.6655587350837179,0.5352661191411097,0.005740854705114583,0.015553884759673581,0.045102470669148534,0.05009891792457297,0.04860398873429345,0.002725307057061355,0.5782496257358538,0.04428743799780787,0.23587845999260196,0.573666733529516,0.19045480647788207,-86549.47419288871,112031.21834336409,127487.43880640274,12179.171513297497,68,0.03197120138573192,37717.58355440495
0.6724537537370627,0.4104239125343999,0.006778158376311266,0.01351864264354706,0.08402050296325933,0.05772895527038198,0.10172618158729518,0.013109153939499291,0.7563969865504774,0.05631582721637713,0.23086065414746043,0.45657604010969194,0.3125633057428477,-95038.61023268654,149882.9051986536,131373.6033821107,7518.731392452341,71,0.04087087614115476,32310.814620643272
0.604865854486866,0.5717668355138671,0.014253805762452786,0.009750624953169057,0.07301878328659803,0.08863752817620195,0.0758255638375233,0.04618807753149259,0.5648766822676785,0.03830791756740243,0.09084762808000771,0.40255095486853876,0.5066014170514536,-83234.88403188216,111957.73745567181,140661.967925364,16520.559009098255,68,0.0400298001879885,22120.578565488016
0.5609886195118946,0.3738193562710397,0.02414732873923858,0.020293593252788972,0.07900948806100949,0.03875067467536856,0.18364099338767256,0.03963972536465975,0.6943823712623672,0.07877231101550798,0.17828167386650726,0.4265158981155976,0.39520242801789524,-43490.18736487696,129538.60259208939,136558.30602081335,14022.87385110057,69,0.04228619518742862,10650.083611740123
0.6634872463395501,0.4884317133142109,0.01946275778505834,0.006096476289387671,0.1134388810532252,0.02874649627914229,0.08945655214487694,0.045479508198234174,0.7485951522298437,0.01194613501954912,0.27912016622738234,0.4209175962783612,0.2999622374942565,-98457.20654622353,112179.58271080376,185912.25867077004,7114.22705002424,67,0.02162139544159457,63393.055030765085
0.42473696208517875,0.49707282237788053,0.02007053072687617,0.02980881462650162,0.14404835244730696,0.028211529645967792,0.09480313764335446,0.04969374486233624,0.6650723886556721,0.020702079499975913,0.13303475487881886,0.6078158787103569,0.25914936641082414,-37047.193855051075,113447.15660631623,128917.39192784458,7579.550834046489,72,0.020262034690911465,88206.60827399227
0.4850241679888601,0.42974463925048956,0.01156311504788202,0.023574675435602564,0.1026407985509271,0.04608410367560687,0.09901732373333347,0.027799944161963852,0.7984355514006686,0.021344772194038263,0.24806065038608552,0.41592941581077986,0.3360099338031345,-82500.48527609972,106683.27119933606,183655.90622161023,8395.472901091829,72,0.02641920643233676,94198.17291510514
0.5385148752120664,0.5139568019916733,0.03058986278170688,0.007220636393086964,0.05127946957683811,0.08622096722299052,0.053825637444212544,0.016160241286017226,0.5228521658641213,0.030747156689118055,0.14754891048373506,0.37429993978616743,0.47815114973009754,-79202.34062528881,108277.98650321916,181944.158846597,6389.5570647630375,69,0.0364800479637281,9419.394029928548
0.5215674528772002,0.45682129728097054,0.013069915002668782,0.023277164193274892,0.03313793684376973,0.051133108386462914,0.05007191002674553,0.029346211377625626,0.7363285221424167,0.026787214300602397,0.3383865533405743,0.33281404532526243,0.3287994013341633,-45239.38834024622,110875.36988060256,122486.6974657469,17702.74459579292,70,0.02677844849125253,118688.24642393607
0.5173016439808239,0.4208432280422326,0.02015690632416201,0.007475089353900184,0.12419664337869597,0.019743385551279555,0.08517535261797028,0.011752077685536528,0.6400216050958677,0.037229385757488,0.16258134239394303,0.504947667468742,0.33247099013731485,-65693.09955439405,129412.06777509795,146450.04027901462,7862.420845438236,68,0.04336346287180526,1402.1363213678296
0.4942004007443156,0.4512681191863586,0.0015368738425623981,0.013092576127953188,0.11298547411932598,0.029395044206059408,0.06459584373416881,0.01788329849132229,0.47541815463912035,0.10667702695336007,0.28681040359950294,0.30249741582252415,0.410692180577973,-86487.69020704144,146065.3015532808,180965.92436723877,3904.121080841253,71,0.0253293661756658,11615.027842744417
0.4431689945006195,0.5423611322295313,0.002973734027570608,0.011387212331346628,0.07333631440353523,0.03011117168086102,0.06168813535131026,0.03705712451466254,0.5006120570861812,0.016090715727202384,0.20527039703951022,0.5096881248785528,0.28504147808193686,-46497.57619759716,81109.71388185777,175697.80336023486,16830.570236714964,72,0.02713331536673202,61675.34226269451
0.49583813454648973,0.4174912928643892,0.004368295031417129,0.01477678948987431,0.15004102438359118,0.024897839802904755,0.0983292272600253,0.016059717115189828,0.5430571184466412,0.06860359302950374,0.17556516888087795,0.522619019372802,0.30181581174632005,-70855.66474673011,109286.55654977978,147234.79784228027,8714.891228985465,68,0.022885726655448232,27264.094847990888
0.6491805300411783,0.4418231745543812,0.025756958573132278,0.017164409555529312,0.06717188314020336,0.06760338289969851,0.16692553530406412,0.010792379424563032,0.6926730896721903,0.01526440202401964,0.0932445506844891,0.3942636079560583,0.5124918413594528,-63722.45054325549,69482.21236449228,160195.3935039546,4759.080230863695,68,0.043268451063551566,38648.596017583615
0.5642206037387453,0.46328274119677293,0.011896033990317025,0.01536065346713523,0.18413399011827725,0.04428091886764209,0.16114657089548148,0.013618090012382579,0.6004801333555293,0.042958931379305274,0.1803777930284992,0.5825099598404401,0.23711224713106072,-24995.109020513355,126502.7976793696,78180.37099120398,17566.133767278636,71,0.02652834980889616,27501.15581325098
0.6276922537351936,0.5389550461601587,0.020111945398237373,0.01859521090939151,0.1392708641276217,0.052535200778669876,0.15024500552267703,0.004440491739789909,0.6001864873098178,0.03878647546875233,0.33841957103644016,0.37012866655218013,0.2914517624113796,-59975.71426262017,147521.68093156145,165443.54193595258,25428.281317764242,70,0.023037832272841455,29673.826967737048
0.6000311646210714,0.44855615325280673,0.007495261358276925,0.029359813829921595,0.12868997843099947,0.08840226873543804,0.052741434357398566,0.02897072196905901,0.5341111024410213,0.02241696949997974,0.21162144566531085,0.42010288856265093,0.3682756657720382,-85983.43570430251,139134.49070426557,145169.67885380637,12263.00536107357,68,0.04548294282924918,54183.441265565016
0.7321958820188484,0.5861060752542783,0.017023230602364235,0.02184066004255276,0.11258453598091164,0.058510017979478184,0.06857125278851382,0.00023213236233632917,0.6812960376955705,0.00904892198231853,0.12015825659533387,0.39014158046223363,0.4897001629424326,-54365.28812025346,110326.08445307186,123248.50332552983,10985.08446405812,68,0.026745908153607282,61714.89396555535
0.5351661354953101,0.38319912067182693,0.019956793271089946,0.014129236941201958,0.124939735564155,0.0731706184933807,0.061724584299429494,0.046520326165846275,0.6280612221814894,0.06638752885048638,0.20987332856826943,0.28380981098485547,0.5063168604468753,-72588.69573632829,123253.31695814386,156975.24008255725,16859.26681557486,72,0.044060552794236686,13373.085861127507
0.5926827958705014,0.36861619424150194,0.024705325820671174,0.014489103652984689,0.0639225012513884,0.035158380596509595,0.054948478636920116,0.008508183959823985,0.44221645717372315,0.04518923036122038,0.339690714100896,0.34319174494839355,0.31711754095071043,-67214.75282701218,96424.66265720861,130333.31792544574,4402.665518380398,69,0.027299638049165596,42888.45576013942
0.6087464660901559,0.39464185705964866,0.022771813852932615,0.0132396535006053,0.15708267417707342,0.03859076853889107,0.08842268750202688,0.040725388678705995,0.7015169922901224,0.020416958578265986,0.2956269398999326,0.481803793684425,0.2225692664156424,-117953.44288777847,148279.6858094454,173889.76931111314,8881.251799784934,68,0.049694192590001844,36949.13345743106
0.5322320354370363,0.5282797526807248,0.043595664981264715,0.02284373033555285,0.0913179067690718,0.03253400935555476,0.11884783760235201,0.015157561118952235,0.5140306715907859,0.0381435209753722,0.2880173409742521,0.3180819888514834,0.39390067017426444,-66346.92376013836,138487.64894912852,126651.1048714168,14292.841333341543,72,0.023579377497948927,53983.55399495636
0.5959974838378995,0.5460402141889475,0.013586762128675347,0.017746217676270767,0.05620041919729298,0.03100031592554079,0.11286963805875828,0.04440589378484312,0.6625654365118638,0.05282132834322953,0.29368971626301893,0.35646321873613596,0.34984706500084495,-45738.74277999874,136170.70324197004,134565.98218012,13468.666989442363,70,0.02673506531856108,47830.84500623675
0.5306159083781831,0.4868278445526904,0.0015005105067620469,0.008627260610815314,0.04010969621190606,0.06568674082291397,0.18267953422342595,0.018493935136589448,0.6279595159961695,0.026907802094214582,0.23681878995052322,0.29518974235924894,0.4679914676902278,-107766.30859257017,129939.62193396721,196756.9152631058,9623.970966516661,72,0.04969998176999423,16258.16678015276
0.6735131272819422,0.6366943936433344,0.015004096898118853,0.019062186372119413,0.05305188548096595,0.02636142568325977,0.08177567416043997,0.017699833468471933,0.6200686929254522,0.03661595741620525,0.22906583370923347,0.41857687723113035,0.3523572890596362,-117934.94512775425,116734.63319179292,145423.87395501745,12319.877557706937,70,0.028047161885042957,50842.53560201132
0.5861772385978339,0.5281641524665363,0.02068325362899692,0.02129070050862244,0.041062299655155836,0.0374101602429714,0.0800540630185722,0.010922535428960595,0.5317938150703906,0.05718948963424069,0.1348395026271292,0.5547328087231124,0.3104276886497586,-109034.39925346513,119386.08861015814,176119.63864516278,4944.134161880628,68,0.025610270947990035,10438.083035748175
0.6617737547445557,0.5561317075393404,0.0015600322502038028,0.02453530450737486,0.09657301451527571,0.08289519360062213,0.03908043185007333,0.03394190506500128,0.5924081982515522,0.015074788502102665,0.30868240293291505,0.3815991498679607,0.3097184471991243,-95654.06205755507,150005.71266773774,154806.7164565129,7300.485564473766,67,0.022673238381798754,129851.76698851337
0.5953649923785809,0.46764636795928194,0.001410760602842943,0.010617861328274011,0.0982992444580708,0.08550459481309329,0.0776030881306872,0.007843811347270557,0.44512433357834674,0.012847938948525543,0.2058357454934679,0.39381179825410345,0.40035245625242855,-82670.14874921695,145016.51621877763,107967.18675203765,9072.57996746104,69,0.042007779086377824,56867.4905634189
0.45384123382652586,0.41447287397697913,0.0010584751745942793,0.01371546124673891,0.1633934248748768,0.023217076518835346,0.09116533616966788,0.012784870697158918,0.733382060833212,0.027158343476997804,0.24768837220293416,0.42659442899857075,0.3257171987984952,-11527.637821795204,126856.84060748425,192831.44732913483,16326.848296009566,70,0.03976444875338193,-7533.549788726455
0.5601990412290481,0.3938850438437991,0.025054032867600513,0.013542955871131869,0.07991423937641644,0.06821774749961494,0.06045187833126995,0.015870560079517926,0.6353905195603312,0.052153590181691176,0.47832797692176005,0.30848829484873364,0.21318372822950635,-104194.5777163507,125523.9173326383,127941.72137478253,6604.426029820433,67,0.04035326809441308,80810.80117085004
0.6649979517881895,0.5222433650352605,0.029250377294624666,0.009947197563056235,0.19253312777934603,0.0768461955345845,0.06225613798225057,0.011422091872357721,0.4897735429244586,0.012690732887949587,0.17463608947479256,0.37048223135366987,0.4548816791715375,-67600.08772297167,125192.07338683131,147472.73210319353,8423.117985650077,67,0.029606969691011932,36681.29459509763
0.5595606934497186,0.37630259623937684,0.038214112915685695,0.012218302350183386,0.1780889353033065,0.08017267492394829,0.03953094644414227,0.00826719880370171,0.55824729922282,0.019144675069388196,0.12813643776168446,0.45216230086026704,0.41970126137804853,-68981.10361906505,114701.4138107517,133508.14190221566,11627.59368362193,69,0.04198043124545537,19058.848959475494
0.5749969801928244,0.45302316253490565,0.0018267253957093953,0.006448910079300703,0.12797906863297026,0.07637115084374546,0.11389122229566795,0.0109023010754228,0.5954209649734241,0.03129306863423638,0.2210419711417572,0.5027287117800031,0.2762293170782396,-85207.43525900887,120738.0458477957,126679.09222896703,12835.055649763895,68,0.04099223387244291,35728.229971563684
0.46049966061495334,0.39111616448099157,0.018711906235120524,0.02465787997878412,0.04820266056205526,0.030124869174105406,0.07677638670099152,0.005997323635384067,0.48846161344596967,0.014310663971738757,0.2354963314682981,0.2985540291639056,0.46594963936779626,-53253.76053178538,118463.86262615804,176224.511464616,22898.757941668533,68,0.03664584366132135,22207.33892495196
0.433066031251002,0.41758175716155244,0.012183012328117485,0.005389449640352177,0.045956501253668035,0.05667281390165246,0.11757022873309503,0.030946904171427765,0.7110249699048586,0.009642169798745964,0.17925204695923,0.5912388607944808,0.22950909224628907,-56936.90446448347,98826.58732174755,153078.1302588471,16253.42443988303,67,0.04751975942521389,51236.801751266794
0.49280345891159155,0.6214649888362995,0.020443745395614023,0.005438345921104017,0.1323088243398756,0.03767728554698831,0.12436974794767905,0.04100420842250386,0.6852709229364399,0.02883405541134237,0.23133096494084132,0.4142928251829566,0.35437620987620205,-85447.9689403371,168907.98799261305,123528.47610761099,12392.067604856125,71,0.026207488007415555,12160.348224994637
0.6884398790612298,0.5000862322185887,0.02755315073671162,0.006011118150878074,0.15317605953800448,0.04904274739515614,0.06417999618756441,0.04073970823364922,0.7099668415450693,0.029987918024655027,0.15500402553343992,0.4512037197044292,0.393792254762131,-61244.50351906868,80447.90994839174,132700.91514786752,7387.15537670382,71,0.04167458741021939,40556.843079199956
0.5409690559613235,0.46933287728908607,0.005236439196414845,0.014049806856955635,0.0602160948343009,0.01239431028683291,0.14461513984907987,0.003795012182022439,0.7845244566831009,0.04573762905684113,0.11013163294265522,0.5354126951686508,0.3544556718886941,-71773.48949319338,82768.66837565243,118081.2952082663,9461.78893914209,71,0.021664983483072654,36250.44394413696
0.5007288445863778,0.5891072183762633,0.017885160475429852,0.023320447663199028,0.09201175222423684,0.06567443687316166,0.06384841436685107,0.04375143422480696,0.5454670426899698,0.03602277521640891,0.16343471497705536,0.35371534829096324,0.4828499367319814,-26059.235427834825,147812.9076367842,162624.82580729848,14029.017932045177,68,0.020727583487308618,12914.607599807092
0.5848412244913542,0.3999652966358736,0.00894745813779612,0.012097156294387366,0.15540732939469354,0.03366048620300185,0.09048967585381866,0.036495722593809864,0.5287012447465107,0.020945591710073323,0.16035545930424655,0.4353703177920645,0.4042742229036892,-127259.41321986073,108247.62297571774,167188.528003057,8511.858480969153,72,0.04277371568444613,16793.879828991645
0.5772393325952728,0.5431591495868232,0.003283255954345655,0.025345170237163987,0.07936122048968187,0.010504394185123873,0.08773630713580911,0.005511160523969539,0.5019611316741754,0.03999804105682128,0.1290801140084556,0.4907525516437252,0.38016733434781924,-91903.11044796319,144227.0404568841,154868.8796281895,14942.763386033248,72,0.020155524700256593,791.3034547406966
0.5105936881377467,0.5769529385179448,0.006922523604323493,0.01650192182531414,0.05982853898164441,0.08008568368247482,0.11124476774472217,0.028462230448903447,0.8046342967313985,0.017297643386894872,0.17429765539816244,0.47474028180783157,0.3509620627940061,-86991.45703859876,109596.9242654175,140874.53857496785,5932.892420674533,69,0.023883237367777442,135368.99900891547
0.4311902408426366,0.3162901119820698,0.01693663635231817,0.02043956468093664,0.06175771645724692,0.037821253558184255,0.06776513224507257,0.04775779924137691,0.434782084339304,0.052527558762470034,0.22030994583842875,0.39752615986295525,0.38216389429861597,-80576.58482880244,92115.01251890785,191069.27979508575,9719.048974779735,67,0.043452706377111044,31700.05071410221
0.5173116986742394,0.5289238488321072,0.009267620777071148,0.007850530767047973,0.0698117876087856,0.08361802470831649,0.0725039394437862,0.014218930001022673,0.4693645593911283,0.06080428366816176,0.13471603698073267,0.4683092946442624,0.39697466837500495,-101905.45326951376,109273.58999940564,157312.20723150275,14400.433670321068,67,0.023673622660573136,14995.974038730068
0.44942662513641046,0.42510350939578223,0.00518390925575727,0.016085796382184332,0.09364598689865279,0.01998779732705007,0.1116975412315302,0.0035477999678448003,0.6027605619410545,0.029928027873591334,0.27869102033373666,0.421529609486168,0.29977937018009543,-83027.08132251364,73415.03314722907,170992.93744833118,13089.664537699064,70,0.04487806002379308,35076.35094615463
0.5097387242984698,0.5139855585620176,0.012773998390854066,0.019458470762314627,0.1312946098631503,0.08220917621640648,0.08122419696311109,0.021326852517466716,0.6336429411999294,0.058893958524344196,0.2518922455649806,0.4432312983643861,0.3048764560706333,-28128.722534490324,129733.23567503376,128248.4775118886,8694.039883449928,67,0.045742730233970276,32707.544631406112
0.5284352062372202,0.5705565880366763,0.0026601585633502247,0.007987149256990598,0.05220145668545306,0.06314003878369041,0.09566639817868758,0.04863825694300683,0.5918451059059847,0.0473888387263603,0.1414138048126274,0.611628656901116,0.24695753828625666,-104477.5245836936,84922.78034216499,146934.8088660538,13069.534399703713,71,0.04418534692758461,54199.93296173014
0.44235610169912054,0.40433614910363747,0.01644587565127582,0.020629258566983083,0.11088835820351006,0.0594499990915019,0.056243089902253886,0.009214230195841772,0.4714882299891771,0.06148283325315581,0.25884962853715554,0.4123328535209789,0.3288175179418656,-83616.44060588119,129111.9218024367,156061.5212881226,14775.333974659989,69,0.024949567867761705,38596.58229368281
0.5008832498270211,0.5091946775107595,0.02803741918906249,0.020746164379677103,0.18415015782063668,0.023826853483775334,0.032951681953298305,0.033405347412447356,0.5261348457080643,0.028504630994327606,0.30669782994464595,0.332859551071111,0.36044261898424296,-48101.60659166952,102067.94675379913,151181.3425270265,6852.971360080334,67,0.02576443293211245,78952.05987983196
0.4842119239987552,0.3456771884078596,0.016600507222840788,0.01404358809514524,0.02636812900456882,0.011582500893914025,0.1208836628636566,0.0032526639181955975,0.38562704429418593,0.008170366808927701,0.17341995446545566,0.21576285072091045,0.6108171948136338,-90263.18903106701,100052.70767855369,164303.77627644903,2991.231808474236,69,0.04192025213479294,21931.145086280376
0.46944622600837005,0.48155507100559874,0.013979252914180998,0.02582296418796529,0.10475632460464361,0.06376022680029876,0.11705855936401836,0.02681301675196627,0.6279802714806978,0.04396509936171498,0.2856977725014339,0.33781445038764674,0.37648777711091935,-96194.45744553789,107660.94352156641,166336.62413507135,7484.4715978467975,69,0.020680426949649788,99054.18264668086
0.6195368968177835,0.642266938197674,0.024643104568950008,0.025729228107018727,0.12532998214737925,0.07437425829100448,0.051800186504832944,0.04081287666798475,0.6225330131142673,0.01991001251179184,0.16958120054699488,0.5796054296537452,0.25081336979926,-107711.36057894248,75477.2657548634,137421.38838407453,14896.249164893456,68,0.042961823193184874,102601.5607503796
0.4094229103086775,0.4866633871313384,0.010630485497807917,0.029403005258620066,0.05361522974530323,0.06163185791442639,0.1398396515000031,0.011952478404393535,0.6000554841451923,0.012648760166837235,0.2812456439216768,0.4461389700776801,0.27261538600064317,-66566.73401595147,102743.74586507707,178956.6278341493,10779.660666711768,72,0.049009696445970946,95846.48200643962
0.5397479035726307,0.6071427170757375,0.004871613688447524,0.02264441100046555,0.08717556240501313,0.052702078232579413,0.09745542471336895,0.018434983261667783,0.41797229987377227,0.027209849758448517,0.1941728436130753,0.38237930479840043,0.42344785158852427,-84959.8015697816,116478.17544732532,171997.8213618487,9637.211015351233,70,0.026326049835265892,46211.94575420138
0.5800904424294476,0.43419159748784175,0.009532743648111295,0.012793000180549872,0.061891235533057046,0.049542696721792144,0.044237789589962155,0.01930053366331724,0.577650404481538,0.03505602648961565,0.21464846086958245,0.5090190666365976,0.27633247249382004,-56435.83103068729,116172.00278657892,120322.53798962613,7122.901811204373,72,0.026695305055171658,58698.680093971736
0.3630202961136276,0.350904889376755,0.008265737054367296,0.013394880017508215,0.1251357397992739,0.04760270598962715,0.061639630859264626,0.021413348990858568,0.5539909932222599,0.025659578305408968,0.1662885886591693,0.42265206454872767,0.411059346792103,-88583.6408096365,149395.38170121313,126869.50465525457,16671.281080496123,69,0.03425705671524152,25433.96715400687
0.5117304602123537,0.48198713049041325,0.005509249910810157,0.027671115524877405,0.18431469013788968,0.01530401965652283,0.12031674010946992,0.04035600923617455,0.5710801122280162,0.03772559755672733,0.15167259854812828,0.48067614389816793,0.3676512575537037,-70119.31586074788,112034.88179015438,155805.35829408042,18848.56682929502,69,0.024440175527385664,36067.87118039158
0.449031094555698,0.4779477006117513,0.017984392181574386,0.016820161833638294,0.0887285809804227,0.056316704430508124,0.08198228932883833,0.01652673945640451,0.5836906106433631,0.025282968846222914,0.2325854488678875,0.4076099429831695,0.3598046081489431,-60301.21175561134,82933.5526484686,172456.3779279827,12491.841841136986,70,0.029399360747196464,63912.29216337279
0.4980841047312976,0.49427195295945464,0.004581104078512008,0.0259738480425332,0.05729165962809674,0.06189638047704614,0.11756881369098808,0.03584995568286475,0.4913832391372119,0.02184813618158366,0.2689265971102155,0.42694043228582,0.3041329706039644,-80123.97506400298,150596.85976584608,137059.16709483438,6991.531191760088,71,0.024640141686154866,118622.56541064003
0.41889944533265977,0.3822706471217465,0.0283799592444657,0.017199392036722768,0.10053277916730208,0.020776723930173564,0.04964217862551551,0.013645356830897898,0.7887559814417376,0.03022303272181738,0.24483073475767145,0.510538024380022,0.24463124086230637,-27057.32057310109,169200.90049647624,146300.80259348964,9473.078206406724,68,0.03263913788699362,9773.832050659279
0.5877469793591796,0.3608260289085692,0.00489932149054769,0.02823453504190048,0.1284836666719745,0.06246860157814716,0.05892202529818228,0.04181856709328755,0.5367603459077479,0.026676557069632092,0.2131740576615811,0.4362882811025281,0.3505376612358908,-83347.24065144513,105198.05904795966,143190.86898497105,11997.145411704625,69,0.028474822236315884,78456.00973092979
0.7473554927392344,0.40227814279258023,0.024557736666024226,0.010094374275034321,0.14302611832432435,0.06605536545883081,0.07874091213221517,0.03591365645647923,0.5709940056606928,0.041512898608058714,0.3405432742828979,0.44835182548451075,0.21110490023259132,-96039.34819358814,134513.1980186935,146797.77021005514,5552.602449900635,70,0.04414039609895865,44130.463269444495
0.4787006549917225,0.4660513349040416,0.004727860777785134,0.012936167416849699,0.11400641771442543,0.07941903499901437,0.12380376409314692,0.04585991605249247,0.5854846138998051,0.04297237690380148,0.1494479465283688,0.4438937026076221,0.4066583508640091,-76068.84183721161,88069.5075180796,135061.84743480152,8001.057112007315,70,0.043195671623024574,54130.25149500582
0.4296135258219361,0.5912866938288697,0.02592911384058231,0.022493130801166234,0.11805705495431502,0.025735269026154077,0.08675718162347067,0.005044274447944425,0.3174753116488142,0.059434130942237734,0.1936382598378106,0.5299442541087815,0.27641748605340793,-52169.15950657582,142266.44229208535,137098.18426759454,13623.865291874738,72,0.04177432185151916,21391.677569341435
0.5416551491919886,0.45432716979642457,0.03655770547029054,0.022535428154831005,0.1289164556512793,0.010371166094058637,0.1242570009453179,0.0038168000078462,0.6330229993902626,0.017911275301631027,0.32086296857054386,0.405366844835033,0.2737701865944231,-105532.9818094975,123431.51844479833,110931.81062677533,3432.3046799131907,69,0.0452458466949808,50023.121248730065
0.5712099593053412,0.44842792628908174,0.004538689537654116,0.01628998416712862,0.0369770053692488,0.04459805967706413,0.08164518053463117,0.0007524173500800757,0.4028899938759537,0.03725435298334907,0.1777751488216733,0.44134409413806425,0.3808807570402624,-47040.59396156028,111578.39139975286,154443.8270784259,11907.024070053654,68,0.023420878093292675,15617.629118118772
0.5403690497241238,0.51109316351743,0.020365833091094108,0.019377263036211317,0.11034854923797205,0.07675572115256339,0.12807717602957003,0.0010737283061861835,0.5725362611588314,0.02073601628836173,0.098495976120739,0.533598808175667,0.367905215703594,-131791.74498100547,127355.87270487164,106419.12663203849,13697.68735394212,68,0.04174618802108404,41816.11766544573
0.6003760745405842,0.4344731761968081,0.008599234624182987,0.005219274270951542,0.10473511172335583,0.08775027099985609,0.056288375349613826,0.019319411013727784,0.4572008110909296,0.051863556875377116,0.2135525593475743,0.2792879724482311,0.5071594682041947,8250.26773809749,167540.2907812805,150732.0536840629,6342.810756979074,68,0.04541928094366071,-6355.746468702246
0.6266403723443627,0.5191133247314479,0.010890586904056535,0.019069631596637552,0.08348615801528664,0.06433736432004537,0.13005021364413283,0.04494492916195488,0.6026902295024764,0.03129564485522444,0.21229108713839628,0.3969038224062368,0.3908050904553668,-72594.65654758197,132687.03660057587,122442.62755572211,8551.759316683592,69,0.027589222476912322,75536.53239006501
0.6517385278279477,0.47657372964023637,0.0180819981529233,0.009321887711363264,0.16837841612001284,0.026594001054884443,0.1083369841715405,0.0117103108014678,0.6436311680465292,0.044911786214552205,0.19986897841904472,0.5737543717224766,0.22637664985847886,-120406.58082055835,89239.79217951276,183916.4809916334,10844.636255927806,68,0.023990886595757252,17534.648770686694
0.44885661182357783,0.5613359430034442,0.021601765983962296,0.011975106523033144,0.12964316483192934,0.029495813368604695,0.1432761867770586,0.03616707806199628,0.4713766504042253,0.06305414605515122,0.21997252037681211,0.4883496198833714,0.2916778597398165,-112627.6961544743,95586.66027194238,154174.46347254954,13641.553152440776,68,0.0266298972897547,28911.209038420995
0.34529788798263783,0.5575188120680373,0.01686122461589636,0.012467692840659178,0.0698867446076338,0.07993849530343365,0.13027356107677746,0.029018336787191262,0.41695306251746755,0.03962761810784217,0.2514154043304711,0.24664643652969395,0.5019381591398349,-79721.32517459596,92943.86010588091,129175.22585786703,15128.146774165998,69,0.04937269837838146,49382.41481246646
0.5855397745729338,0.5502096700261137,0.007680525375171927,0.02761562051073414,0.06429085914721265,0.04676517753000964,0.05904875976923075,0.0428988755440698,0.5487066154436326,0.04461174678449361,0.0851891662049449,0.5178357105684923,0.39697512322656275,-95950.74443119236,120774.7461405208,137050.33712071844,9774.0078284295,67,0.04074203122154957,31675.48086253192
0.5541182153269424,0.46315780022379716,0.008412206653977109,0.011619799035004758,0.11640484205297327,0.010250507509011247,0.08068331836900501,0.04609619229201607,0.6616935547892551,0.023678008619032822,0.1754573600790147,0.49695238882237897,0.3275902510986063,-43776.92993159531,132167.20416025436,163335.15620517675,21146.812914933304,68,0.022872464557564743,5696.441736054853
0.7038576638338266,0.5125352636899474,0.007864332595661183,0.0184210097523004,0.14434254721525366,0.04964338283163453,0.08072797254886656,0.03961224116934803,0.6883644889771473,0.02107560407565057,0.16247241378658797,0.5189073797518271,0.318620206461585,-94996.92827893337,119455.84929141798,154235.6874881699,15460.570089538967,72,0.02815659282927399,44722.76989859437
0.6256523667830636,0.3954837066396359,0.0110300650433429,0.02444933684356304,0.0917282548125374,0.0386225447289003,0.07370076879724019,0.03777223814911429,0.4910742935412016,0.030017408679459123,0.34785323782792216,0.3546452691321246,0.2975014930399533,-91925.15421480655,94014.80503132315,154432.4039037189,7511.258782902159,69,0.04823084824134606,68399.33331890979
0.6202475052625768,0.38973829494533,0.009385636823095074,0.013756354346110448,0.10624715794228562,0.031415761364223374,0.16592937293734258,0.044555485846109764,0.4419714582819961,0.03079649697103978,0.06820428701195991,0.42049391765328276,0.5113017953347573,-78640.88983195928,138260.97100474103,130199.75425228466,17672.64893608472,70,0.032952084946679894,-1690.0965448765364
0.5177122676701783,0.41039911650813615,0.03811877931775686,0.01638141387124063,0.2202775050347256,0.03148785689889821,0.09222691303956992,0.0043073607025251376,0.5485666970958125,0.02879850620640805,0.23089177547076006,0.3819010371915593,0.3872071873376808,-121627.70403452362,95990.54512187606,122801.51570821917,7063.291766913702,72,0.03678795237216605,40812.69618068818
0.4325841670009128,0.5514703733196221,0.00829972822093043,0.013612793381153235,0.07327068522175478,0.06391670450231135,0.06043618388965848,0.028441962831844504,0.6256833723901669,0.03583469792385913,0.05500180658578722,0.5317474322039261,0.41325076121028675,-57341.744377787225,107405.11207054416,146230.8699671962,15229.053980281004,71,0.02908703398478002,17275.82278615285
0.5633790219477213,0.4445703550847893,0.01049485937521189,0.010078235801617133,0.06100177236527014,0.07994981645084441,0.04804765863955744,0.031052314466515116,0.5223513576736373,0.023060668822424923,0.21390129179833048,0.3940463333314488,0.3920523748702208,-32471.570473060718,184407.88168015177,144770.3372755914,7288.477246703246,69,0.02122316662097792,18484.812032772526
0.642129318430227,0.5825743443898548,0.008085589720320013,0.02061618658680057,0.10409190035914256,0.08028361518882293,0.09753532877729251,0.004884795926609698,0.7221693100770451,0.05934140493887247,0.22916073229857534,0.46501971479232124,0.3058195529091034,-58477.382590009685,95897.93502061575,147346.7266426689,5794.300135704208,67,0.027901219038450532,68990.89808750078
0.5014424194240295,0.3476167121909078,0.03152709659767603,0.012856327276747313,0.052394029804019186,0.023585267436541307,0.12828717686372612,0.02889648140872457,0.49190367144885105,0.031759728077330567,0.17745974261316708,0.40571144077174276,0.41682881661509025,-60269.463931347185,145911.44127678528,143640.91282422,8397.68488155127,69,0.048772135352442056,10216.96462087541
0.643789326821231,0.3675988148141997,0.023960132590473023,0.02698712300253702,0.12192556673730823,0.018825862549881566,0.09696697547041916,0.046623388904380614,0.7425523144346636,0.02016196350916576,0.07218722284043588,0.5563415936600263,0.37147118349953767,-59320.60987406152,98509.3147386885,107376.54482155143,7203.941199709709,72,0.04328921078595594,39130.79412181495
0.5734688958170031,0.5537402797694275,0.011653567508401484,0.025675077221783273,0.091387430480702,0.07287463062622833,0.11046260968587857,0.00764230257877524,0.6734022506332603,0.020160698795867016,0.1696274471421174,0.41456543903120247,0.4158071138266803,-97317.2880821357,107124.70171417888,138543.70149632636,13436.529878089359,67,0.044923589699650775,48730.59301659451
0.4985632690676307,0.5410880623084984,0.016801780554134498,0.00781782353159758,0.026744972997688705,0.06459015296818739,0.05572244763311484,0.049886629729873226,0.5871405437210071,0.05007688230482352,0.2583618919049496,0.3735577834154275,0.368080324679623,-78230.76516797215,102902.20171876281,171750.24367130455,10025.345445243192,69,0.0251834598713059,62659.261635125586
0.4613176926879336,0.5955892809324927,0.019432307181237344,0.024728066640034855,0.0668058876343705,0.07915972561822028,0.08404745611612097,0.03209658467045406,0.7256104318991481,0.009257451880729087,0.12671178839431402,0.4932989513325188,0.3799892602731672,-80454.52254768944,92962.55528435853,163125.72977262194,11416.621393562507,69,0.04622159404917892,65907.05928384447
0.4243955052862932,0.36425884026120325,0.0076746979679747016,0.028929250738617882,0.11731674370885359,0.029579873608987086,0.08710273120129608,0.01808701988923392,0.5225016182443575,0.05209662312600966,0.27177578492865656,0.3252411497601502,0.40298306531119327,-70110.82720612967,94248.91432194944,185998.5137570499,5116.105985142248,67,0.03957429670164146,45643.811294437335
0.5008000225784045,0.5521783654518795,0.011510870695961744,0.008510167987972049,0.052499496013408795,0.047897738774680745,0.07239652424807508,0.03574207200744233,0.4622617896021798,0.02054200600897472,0.11205741345348978,0.47287535343674203,0.4150672331097682,-66378.34064330623,105147.64459693074,128391.74852670995,8370.559907078185,72,0.04748475352201183,43615.19482671044
0.5740593630396914,0.5887353327685402,0.032018331681023735,0.008639735499195082,0.06625957487535573,0.04615710058665,0.06312078565140805,0.049159386353176085,0.6734351962621724,0.057484129070793415,0.2963349663857207,0.42847911667253047,0.2751859169417488,-34174.921610539655,108824.60641957943,134112.24366702556,18968.26605304084,70,0.02491117132025045,40817.994503174334
0.5265632338198657,0.4267633249251728,0.027190279187403587,0.01900276765836404,0.05312845649033266,0.04428390312779402,0.056898374372800604,0.043975866454453366,0.6076417030316288,0.021264565973267414,0.17430037072923824,0.3568598825613481,0.46883974670941353,-94748.0990724615,129369.49637481851,151849.89422618083,6104.673168990465,69,0.028413969984622752,47068.25364482545
0.5350977585265783,0.39578442631407273,0.030210322159205275,0.012996817676571014,0.1467173741754175,0.08878552407670225,0.1300525955395652,0.006092438510575515,0.3528618642547058,0.05825776407153974,0.25345301598201103,0.5620781538142372,0.1844688302037518,-32999.44215597956,115545.50094904967,153484.58761471004,5541.9745044095735,67,0.0484845211417666,18108.874786031152
0.6793891140090264,0.4554792622580762,0.012232104654696135,0.013419491651396043,0.09013033803359104,0.0678017238489973,0.11762115890398156,0.006314830314554477,0.5787430774533155,0.012256997376130402,0.22598931464882932,0.5218640168769446,0.25214666847422607,-36089.08815900972,90103.28051831629,163113.92974897992,1000.0,71,0.04454486764383029,57530.289164571564
0.6161535186585452,0.3811094428905816,0.027520493914034844,0.01821863743968905,0.08655557975997724,0.013896769836257202,0.15538979963359692,0.03704956987252478,0.6578836232222063,0.049711317938866975,0.15768673929795418,0.6299577130315926,0.21235554767045325,-75731.5942139156,177595.8186793085,156189.66740981897,11597.137446989023,67,0.04588889222459401,-11429.183083558328
0.8590320062599557,0.5664954106363201,0.008486944915583678,0.025970560207049773,0.1480550601952827,0.08227972296707481,0.037378016503994214,0.01212039281150622,0.5381692200730482,0.03806464714381322,0.3612067943802238,0.3238232026396802,0.314970002980096,-108005.75566772575,72402.83975041285,140547.70331346543,13021.522549903619,71,0.041830196991336506,67442.82720530343
0.390859777453188,0.3321696173688668,0.011389197807827437,0.008220353210636336,0.11366687615324336,0.050723439415387095,0.10123215395237108,0.0025121765574616043,0.6487048814982288,0.07577828178478631,0.256547066490694,0.2664156256092561,0.47703730790005,-84344.14817412579,120592.49776470884,145133.33887768284,10522.410800316837,70,0.030788628635629086,18833.12794291942
0.5385243500237137,0.4092996419737301,0.018684004295380134,0.015484326767365135,0.13457190339382155,0.04666835517493305,0.11757660026821085,0.04743322166902146,0.6746275871094168,0.05136267117811297,0.18620481268577793,0.33969500601822816,0.47410018129599385,-66589.73065075526,143197.15630588838,153750.7021966959,11365.044219366491,67,0.031114068416903458,11789.020355715047
0.47279232161762835,0.476267986470717,0.010406882534750445,0.028346262907822984,0.07254555267257526,0.016478685116159637,0.13817721128332114,0.04578964588020657,0.5046427881440262,0.030050849065740175,0.1362950098362584,0.27018427903969966,0.5935207111240418,-39533.504735271934,126718.03794687786,142552.33483351246,12020.168438729628,69,0.026037344238676808,34706.869121547046
0.5965072983527633,0.6715730444847802,0.015824352699604735,0.016098358863800552,0.1282931638284082,0.07596923604167785,0.14636502377495042,0.023611410126469785,0.47356168301272905,0.0560454194803925,0.12319281376678022,0.5671026603315525,0.309704525901667,-46660.0617294567,147610.56094917163,157200.59398901142,13805.341340236197,71,0.04881029429337761,-3175.4090793027663
0.5661656860331995,0.49987171631394994,0.016176659188451098,0.013535303832465154,0.08234702617964053,0.0731382545906277,0.06896854682340893,0.028494263613930343,0.6218339884299809,0.053325749755881634,0.10968816504709604,0.4476310391826742,0.4426807957702297,-90009.50005231315,113063.26850013577,161630.1278591352,4509.330288579488,67,0.046714364368500357,18487.286981523383
0.467233616345117,0.6344156732365486,0.02349575076088149,0.009415508420254369,0.13137351939747113,0.05678512888863053,0.08930995174274359,0.023937456103834222,0.5188389382055755,0.0306309827294971,0.1833116568781264,0.5441915581266376,0.2724967849952361,-62321.12414624818,105754.07449743141,150249.13640057866,14345.921232812827,71,0.04477504340734307,28458.674353418395
0.5024808340833149,0.4822202916874862,0.030281212381861492,0.018206766912425013,0.23253112675058127,0.046676543363712436,0.10958583773297274,0.02416992447833166,0.67769287506168,0.06718457797941717,0.07984263774057644,0.6299199450714418,0.29023741718798174,-67650.26725039644,165911.1142833158,156067.28433578115,14491.074542633318,67,0.035729499008917365,-14321.581129787795
0.647195171155294,0.4108544987673473,0.006212955363780441,0.021965452737428864,0.08793628491801919,0.07791374641300709,0.13551285613512892,0.005984654076467449,0.6039817522546463,0.03891089699632471,0.294618611454843,0.5441311177070438,0.16125027083811322,-84032.48312983215,134942.90353202206,136415.84220619686,9005.069736112477,70,0.02825766257335888,77000.57185830339
0.6081938043993181,0.5223342110685285,0.01017251461368583,0.02891574289092848,0.19071706822455034,0.07663187224494263,0.0444201969637924,0.036666745465964434,0.5581656880767418,0.10198442978979774,0.07191387583535479,0.5529529268115311,0.3751331973531141,-104603.88569601743,80170.86239521575,171331.31496231258,8420.815652127972,72,0.04448847042409179,19020.48324599203
0.49805005139969494,0.5633847855166193,0.027426411675614586,0.02774546772942127,0.07865629854853516,0.06333007044523277,0.12324839801772874,0.009233525340904714,0.7630476756791238,0.028453619615066657,0.23773727116176732,0.4687836141065953,0.29347911473163724,-82276.80783574625,81454.14994685305,185086.3912086723,7923.359811444649,67,0.041158259956727034,83776.08991164734
0.44692630404851835,0.651625677635854,0.014579331507215567,0.019523214350939032,0.08487167745398887,0.02880604163462615,0.09903779711720577,0.045231718707110354,0.5370974073806608,0.043931463944876126,0.2514486759919053,0.4510092458258745,0.29754207818222017,-87555.28603929577,134042.67308108468,163095.1328866932,11939.443692751021,72,0.041638326905672554,51540.91867080629
0.48945819420198794,0.6986894308401985,0.006082640819104786,0.02952519266540041,0.09012301493122378,0.04540921778611323,0.10677389417730886,0.016730309284918983,0.62542806724093,0.04108007989716871,0.18789909219275464,0.4381839850588834,0.37391692274836186,-100144.38958571095,166409.87583862914,145153.5665255659,1241.5469793364475,67,0.023766920028192477,70407.43813718116
0.6169453444393036,0.5660069772873405,0.01020658402213053,0.007433271821519992,0.11855552358582268,0.06723242827695045,0.06820491646837006,0.03257268912490123,0.7987752880760836,0.02773909708167912,0.1653958509628293,0.544642063269943,0.2899620857672278,-101349.3864421497,100854.37487061167,181175.18796576792,3058.1843341595973,67,0.037842576971373866,57867.37160093044
0.4415260709274082,0.6637821174982994,0.0013269619850689548,0.006881710482198709,0.10963931116662155,0.05817964405795281,0.05589750026531984,0.014592864746121793,0.5162817623713726,0.013242002964124292,0.13678190918795508,0.46953706524252414,0.3936810255695207,-88380.14684927247,128707.35095079856,156499.80328560833,10182.721460969186,70,0.024557576577631794,47201.39895098267
0.488355461763104,0.6466559429808661,0.003245358482245919,0.02594978173434649,0.04363147723285303,0.0693141439692584,0.14334099924004334,0.036901018321690196,0.5398982266595675,0.0797989188570475,0.13769942231438323,0.40080958689602875,0.461490990789588,-107766.45660442326,156577.20223451185,150741.99121897446,11286.240065476362,67,0.046067358161165764,7722.262430280283
0.5813918229559057,0.40029280919028815,0.007776205384128018,0.01832965194064943,0.1298510813587712,0.0546308473605198,0.07942381346219186,0.014098674811446438,0.6526015096503779,0.06889038146587552,0.3083690550260069,0.27986893118539025,0.4117620137886028,-65116.006063175504,109738.36212229938,145809.5635219681,9911.111305807404,70,0.03522573485593428,26504.781515471564
0.6315779312633513,0.35775354341526133,0.027010056587289884,0.025273895416583675,0.11326054311633948,0.06954398426615636,0.10754297234082977,0.014866732145203882,0.5851753979429265,0.01983305261998528,0.3264916839490646,0.2602415040411383,0.41326681200979704,-91901.66885922053,92362.53554054674,157799.46969187877,11343.27487855994,68,0.0332235685153578,61499.618259969124
0.5162046201876583,0.5675883364422963,0.02010173228948432,0.027212136846676702,0.0816915716892044,0.017641503734543037,0.1322534687016646,0.03825428292673541,0.5865792561477868,0.010753124908102714,0.042822037539846015,0.4907431211749494,0.4664348412852044,-94378.40522153616,98573.60725269074,136127.04578036483,24772.393842087175,68,0.0370718456969878,25171.571157440554
0.5636427400105553,0.42538446567856114,0.020986193024807583,0.02921221210351137,0.11452928115506575,0.026458190573147435,0.11287234393977082,0.029082787705765528,0.7601165744419938,0.06271105984030712,0.2788661924365286,0.3473820593631976,0.3737517482002737,-105835.93515869846,142138.0259739497,148118.25406909685,8066.626133333992,69,0.023347295778152977,54593.288034078665
0.6064768182657343,0.5683035690153155,0.016519396331514398,0.005186667198514676,0.1537249095747857,0.07532134459219632,0.1751835205584807,0.01748010399118562,0.559051624285971,0.024398883097230584,0.2274402450657572,0.35609524099758944,0.41646451393665346,-39062.40641501976,113028.7028447423,156485.58248738985,16207.587071379397,70,0.04505785461387716,20027.55304081911
0.507507818610854,0.6624045276975701,0.031800507422451725,0.012902249368420757,0.06951846715381681,0.07358185185115079,0.04807458275514263,0.04361954973314401,0.7017114499815961,0.08217979328254901,0.29396476727004217,0.2774410690222845,0.42859416370767334,-77077.97134755066,126342.1673807056,159767.89718538374,14830.080678221404,69,0.03664918741016539,42916.877532858074
0.5933559874882808,0.5296470056506138,0.017219216460063108,0.007417729610702926,0.10116564608724093,0.056119303931626896,0.12126337583010482,0.013677424300556896,0.7371492488986264,0.06782463496821321,0.20512635268346793,0.41769756122764395,0.37717608608888814,-44788.379883828144,96416.98453026454,129054.17390401897,7031.535639375717,72,0.03672173244254973,32780.4145804126
0.5656369666628951,0.526867454216866,0.02236073298510401,0.006607941553036443,0.19509977092598904,0.02180727514295949,0.08626681504517668,0.047968993709234395,0.5962951275152197,0.01234714509015296,0.15475703548781788,0.43499769325025184,0.4102452712619302,-77108.73157815542,148373.39905521742,152951.3942884788,6654.950862662681,70,0.046445762042994394,1636.4333349164096
0.5089968452121884,0.47037239525702906,0.009757769866531268,0.011717039027541183,0.08634819040418613,0.06468486596917576,0.10982811814394894,0.04019460387751044,0.4159197269140709,0.03810034729548911,0.15234879705114993,0.5318890979467614,0.3157621050020887,-42586.37222411165,142228.321804248,202019.65227074747,12269.615048078384,71,0.023072325523575042,-3751.1977292514835
0.6184719567523874,0.5317517856365285,0.005875551515747793,0.013350793711733337,0.08018922966417501,0.07218764290154088,0.07856193368725435,0.0479799579279979,0.6412655575640416,0.029131655998291893,0.15763044851146546,0.39913568196416555,0.4432338695243689,-91392.22837293142,122628.13008098872,171700.93305081694,11818.893957225064,67,0.04533484340839267,26015.1325785252
0.42754958768252016,0.4493370481171778,0.00783085378409486,0.013821892845814388,0.1308284077962974,0.0890998423956101,0.051929837999634756,0.027593299182905706,0.5494403634443877,0.05978611587567016,0.3365355258850211,0.3149109529051134,0.3485535212098655,-93405.38853588064,183667.60249683476,160961.0625638696,20473.916493775814,68,0.031665905359429175,29407.785073220897
0.5992718033484312,0.31540639757482913,0.028374516456546508,0.017678561030155478,0.07702997848052093,0.014794781489741346,0.09950297260213387,0.024420768906084214,0.6529528409887904,0.09086401197364716,0.10612618452847038,0.6209212798125018,0.272952535659028,-91836.11533542127,136693.7771797075,163370.9659103329,15866.907714854591,70,0.02270995912147003,-9547.640673088245
0.5465204834884874,0.5752677240594769,0.013082845314659908,0.021163106186518645,0.13067559249075839,0.08713193240439714,0.11394900300351088,0.017896944520004367,0.5440019599835575,0.01267988083300218,0.1666820597609106,0.5592991010349326,0.2740188392041568,-56574.21815277909,110942.19824930782,142765.75031445062,5130.110777794136,69,0.02890580394469704,100598.08097607375
0.3695671906454248,0.7246960187749424,0.014546864279578254,0.028204752488164984,0.07794372883016809,0.01776017309737085,0.06982028577449058,0.031179724195973174,0.7986785192368914,0.048622079334661145,0.2512246055587733,0.43697265884653236,0.31180273559469424,-100884.53882330022,74033.45386510697,158256.2917127596,4881.338211036448,71,0.030313070380539407,137248.8780218163
0.5344725608122236,0.5481098373749751,0.008043704851053398,0.00895577563314618,0.09365754557417615,0.029522682653696047,0.09277721359871717,0.04312361061027621,0.9449722593389911,0.018005848594507042,0.14563624306899794,0.43498493374213276,0.4193788231888694,-13928.84370708996,93126.93975001952,172002.69838026853,10715.7214412783,67,0.04305256770772679,10427.550874328954
0.7763021756092539,0.26974185332722667,0.07048945404258512,0.013514886108670326,0.11436321535980022,0.0757204890813233,0.1105142497861875,0.048452235522358916,0.6104016349548298,0.07150771281612538,0.22693731500881803,0.4736743684436574,0.29938831654752446,-3039.02244609922,115603.55269066921,179970.47517859115,10116.623802007693,69,0.04790787889705207,156.22269073702697
0.3371581865815165,0.6046140394061412,0.032173181902661364,0.024757320590078263,0.08169138999998486,0.01375884332980565,0.09698953761836407,0.0063887643172102215,0.8140558549508532,0.039828054770915146,0.1636100496379856,0.4034096961821014,0.432980254179913,-92507.76741394502,137020.3328778074,171180.77272617252,1000.0,71,0.04188091535949882,23025.730585036898
0.44086610430534945,0.5570061707873506,0.01107911758560167,0.01914940177954361,0.1264008834511315,0.0891549743388204,0.1393370395475246,0.0499891771851841,0.4847016112473691,0.04487363220070572,0.12757929472075222,0.43590469786826386,0.43651600741098395,-87558.84914146068,94149.44744853998,137849.4112976192,10213.381123409823,70,0.043582490383042544,46450.32079662502
0.671963478313846,0.6150474529819944,0.009272693909447021,0.014105469164277558,0.08099203624658327,0.057942385458621785,0.15615219522716137,0.025161825801170795,0.5504300167560743,0.08483426941143028,0.2512409967992735,0.4686229352406072,0.28013606796011914,-24225.89886837976,88283.69794616339,143978.5305936993,15220.373186281953,71,0.04942916969163496,21840.90172358214
0.5849319982482253,0.5741908509768939,0.009490234867280081,0.017953791869267866,0.09934077983989736,0.0868770786289936,0.08874409546910321,0.01957357731028538,0.5852799741502238,0.04274113345797661,0.18676045231069147,0.5902569236603257,0.2229826240289827,-55360.242596938544,87004.87769017614,145166.74949593,10755.987736101535,72,0.028627776746163743,96156.84046478469
0.5985355255294743,0.3942660754834929,0.003049348517443127,0.011770846094095944,0.09367387077555052,0.038248687944579876,0.11026883577466896,0.006245240493014043,0.8057365743047914,0.03724278457880254,0.20328259021290068,0.48681001041710903,0.3099073993699903,-129634.44232427371,113423.88335589839,127007.90538684817,18309.052553930916,71,0.04547797391256672,25965.186833232827
0.5998301003013258,0.5113662161612786,0.007651708292875868,0.005528257109828806,0.11006486606818464,0.018431036194064207,0.06932330850633715,0.020640401314204422,0.7679667058312194,0.07660018736421692,0.23145276858043792,0.5443199942953312,0.22422723712423095,-84636.29858533593,145598.50450555194,131364.87065774915,6466.190428839621,67,0.04921594997085956,2323.2630754342017
0.5458461104575391,0.41398839288858463,0.013883383779561156,0.012379112812521242,0.14663647035724262,0.060093976855814,0.08568559791215755,0.00813980771940303,0.5879898813073076,0.04579546261288026,0.18504704088863452,0.5411481921574128,0.2738047669539527,-51521.14280138294,129163.82934327188,134902.2855567771,8116.493409770833,71,0.02179678986966955,21602.958362068097
0.6314895630497206,0.5086670790209874,0.011879771217152044,0.011955489481690985,0.10078892907256966,0.021950989953453695,0.07979007596537481,0.013484382466394041,0.5037978331758116,0.029705771248980804,0.19801763144860673,0.460928480389978,0.34105388816141513,-46094.18979515815,123725.2251009252,150758.6842317788,22165.15118499542,70,0.025596419485196777,11136.451468196934
0.5703761523160917,0.5890618491205041,0.014555628747406686,0.027399225409345803,0.08180167451478863,0.034851836754762396,0.05931127649025346,0.0351523756191231,0.5975868461042304,0.03068775702041758,0.11806410607360675,0.40335278092373933,0.4785831130026538,-78928.7723459286,145886.51765013882,181316.06703996772,3251.8104767982904,67,0.04615762126025114,6028.674919906282
0.5100294126029228,0.6592816171755771,0.010172516566713962,0.01700039624346275,0.1018054427386826,0.02109527556316703,0.05767648486958882,0.04879593752189054,0.6548804747032605,0.10553916336043799,0.18280729983600222,0.457284675993458,0.35990802417053974,-40628.58362648331,145481.34573758946,165418.12273359447,17473.36231089754,70,0.025922537875539126,3591.0260899288587
0.48289488615627113,0.563264393768277,0.025668899827235685,0.02322801307285042,0.10978438774689003,0.0863249813036448,0.11020830942579825,0.003021516326294227,0.6141598692692517,0.027520699213175407,0.32797643542605726,0.3701025221192634,0.3019210424546793,-75788.50655950898,116163.40680119018,114917.61632417596,8426.873288779983,70,0.02979296609463632,117694.17157689096
0.6001023460712284,0.41973990380165427,0.018620159718850664,0.022532633182845017,0.04251290898398771,0.08868490665353589,0.06737772894191725,0.04241711259335526,0.6385457500997075,0.018079461092522193,0.27817636571052445,0.4441751408304354,0.2776484934590403,-74008.55928963276,132108.3855733945,162618.01019433327,21260.38102093696,70,0.028679162155890704,107836.0853113693
0.46779702111104526,0.6748091035667193,0.005830056517421395,0.011560829823798663,0.07779146574324144,0.049347878233119785,0.07526357367712831,0.049284245038240686,0.7373223902402096,0.0416386966628465,0.1705018963693067,0.3468963549847164,0.482601748645977,-111746.0749866263,96670.7906127217,114464.37341810865,1000.0,68,0.03436483769653814,87369.93796917221
0.6072341341355806,0.5074427655958076,0.006321145969820066,0.02540169881393242,0.0443570610479874,0.02605507906727522,0.15870124435023283,0.004992431325073549,0.4900264463505965,0.07735512322137776,0.197865514788908,0.38861716739536845,0.4135173178157236,-68167.0051537775,99843.54652049157,126510.3372301957,3397.6935071393655,68,0.026850822105787406,44433.720705067906
0.6041878681207268,0.4706377463198494,0.007580596944171056,0.008934446168315895,0.10133077076459278,0.05150735283906881,0.12393228516295673,0.048817691958743546,0.4632244980031079,0.019824683848174873,0.11773707718640587,0.7200819511212335,0.16218097169236056,-60473.482813878494,81638.89359397456,161299.63356683392,8802.722907419902,70,0.040046728145955085,69291.85635691961
0.4992922009118067,0.5151445068902348,0.014614906783228956,0.008626976668933682,0.048917005948396916,0.04985831867152818,0.09959763899731756,0.041121438543261085,0.5942071862217917,0.029457939950480783,0.25182307613674754,0.44429265931829826,0.30388426454495415,-78212.68767623373,124964.4474446585,140246.4047263848,14118.852352353111,68,0.023495421145593536,54662.35598345025
0.6497928635704641,0.5121703183635713,0.01043796258951016,0.027307287722177158,0.03265215275732927,0.015992993113580222,0.08222248642449193,0.013845129262113799,0.585809946550266,0.0425599250561646,0.22236756939788305,0.25528074208437534,0.5223516885177416,-87440.99293647446,139068.82818591158,162436.0631402689,3412.5747739153044,69,0.02440477166968261,35791.62630377855
0.40023835361616983,0.4803272065945092,0.009648931886022748,0.01559951124978763,0.08487917729389219,0.08092443973256105,0.13604432635869934,0.01603924141141439,0.46378892581034276,0.055005631847321976,0.14790610844690358,0.4383555398082839,0.4137383517448125,-48151.84287840729,109993.27590373188,138327.41840855175,13513.151473343025,72,0.02990230199214784,31670.261767990753
0.6210183430084597,0.4448597802753417,0.03178075963797088,0.007362067863630099,0.11526631047656191,0.022352242843131906,0.1512455288058649,0.0016910620224118546,0.5728611720654595,0.03137763384409839,0.3082771514636854,0.38513080888989165,0.30659203964642295,-71556.49966433572,103917.89093421078,129287.24135551149,9945.787485906865,71,0.020436524114792277,28709.206096913043
0.6040901221352638,0.5181678979139885,0.006873862888082709,0.01737868939268738,0.1086627302145168,0.03799962445319909,0.08681472773043755,0.027425721056686517,0.6091795061649824,0.015371739386979399,0.431957971178822,0.2549708659183187,0.3130711629028593,-45650.47353050527,85474.56172970567,169025.16116963018,10767.122012134665,72,0.044889635195078215,70068.25056459656
0.6707326666653686,0.6570876494220791,0.021336111384671,0.021815086697831214,0.08492540110777702,0.038287269624171276,0.06054239517766014,0.04005536375694964,0.5531502317849719,0.023745797118956465,0.13698833613303749,0.4997870193250284,0.36322464454193415,-78212.66661466406,158875.17042979706,152328.27570469416,14541.761624369774,71,0.042214736984111836,4411.250404616471
0.6901474352406428,0.31496691437263186,0.009149114217030227,0.026513175227369366,0.027212348601528012,0.020442352985849004,0.12560009577209677,0.046452958012332145,0.3140355492077445,0.025260898938983627,0.12330135407476057,0.39853395008031395,0.47816469584492544,-19554.007495941667,125855.73955276271,152008.6320168088,7856.524815754581,70,0.023348556039684994,14040.486761532284
0.4405630965560576,0.5268890113924272,0.011243303988436024,0.026897282535529494,0.03814863422885435,0.04214971393759132,0.11458524459684764,0.011850537145391095,0.6555576224895229,0.026865498785796967,0.2846668015705261,0.3829694303886473,0.3323637680408266,-86223.1539190516,126231.29217759646,187611.5753546871,10196.999562197265,67,0.03558589209786657,75682.97324424809
0.5841960780079819,0.5816041761957811,0.007564312241237912,0.02826934438390974,0.0551051539450348,0.04517673595651715,0.13042913679388837,0.0009701848948451942,0.4401018203949555,0.033304074944775955,0.10366789003564417,0.47932486688857034,0.41700724307578535,-91394.40942890427,118878.35423486054,120121.78776044364,18890.895353586257,71,0.03769516315649317,26133.301507683354
0.603001866432304,0.3710560289942061,0.007332609897542797,0.024474981958646346,0.11922112672020248,0.062200883567389974,0.10503918034593958,0.029537331517385346,0.5501834708695547,0.019307657718305678,0.2239209265274379,0.2835679708064571,0.4925111026661051,-89039.76352507678,146086.1522434574,151753.66626311064,14628.260141165492,69,0.03029939406121579,40479.30341447244
0.6667253318936942,0.5241044744529756,0.01069039602957478,0.02554607124791739,0.10440379516809042,0.05769792335349051,0.047928519765575835,0.0038093650599726582,0.6221633742185327,0.006501090843997904,0.36900920888006544,0.30780251366216177,0.3231882774577728,-70611.04297147183,67862.08954579847,147651.08970894836,2987.3270437649644,71,0.04996950852442144,79681.04860626429
0.4758636105147818,0.40120172063929616,0.011544865995711317,0.029780747226775456,0.11015668786295467,0.054869472750621845,0.07799864960908642,0.049869601964209746,0.5182071129785115,0.03690736230135422,0.28162555617794627,0.4870900371909431,0.23128440663111074,-53827.75243326131,119393.81146381037,109865.66926566504,14369.874176775635,70,0.04148299464702128,83097.89891331145
0.5475403126948186,0.6788462357628543,0.0024991856088014933,0.010756215543676617,0.09567997745225848,0.08993819924863276,0.1162417285782558,0.022245093895356567,0.6994477326995827,0.06545720307046676,0.31093406852214195,0.3854042681232292,0.3036616633546287,-60215.282548258845,121058.79734453814,153442.08170616374,5312.701858118071,70,0.0479847603473366,40180.418665123034
0.483462117735458,0.5986561648250607,0.004142092017175462,0.0282525060667654,0.08819299783120728,0.03439988538560188,0.09923303696220565,0.010475369237392474,0.6904943846453017,0.03441746773021239,0.1941646611046833,0.4443110254766699,0.3615243134186468,-76855.54180576126,137180.4403422986,156930.85962988055,13049.876809854422,68,0.04245789749020972,33241.81374567917
0.7401039018427761,0.376603811663855,0.009681950252399462,0.018063249184959308,0.10552070558616582,0.022735871575517503,0.06090398429086536,0.038809448354568725,0.48410501781494164,0.0248451964147487,0.15900715630310186,0.46562880877416823,0.37536403492272985,-47860.944281131415,106979.13550993263,135124.89083608895,5787.073117244105,71,0.020013473758077296,39080.85194373182
0.7114004709738269,0.667236166018059,0.016086040363201597,0.023606841908674427,0.06835497172892095,0.05029038243681343,0.07526897555189473,0.020437211755178125,0.6681906549433153,0.022869983253204933,0.23861296775772842,0.4518009857563402,0.3095860464859313,-53542.27890130007,102669.378604718,167995.5839107527,8662.915874680246,71,0.03313817993561718,74603.16609897876
0.5680264966208689,0.40492148509519066,0.012420809752513804,0.010187365886671374,0.14643618354738364,0.06506589191730126,0.10344664209225844,0.006608011692412663,0.6829703811980845,0.034700547672794714,0.13920158458013376,0.5251936217921187,0.33560479362774753,-75698.26556604408,100133.32404924017,177130.8627022274,10111.761046653084,68,0.03608552985620272,18030.654042346196
0.5341026931426409,0.4054444228196825,0.010938422828638689,0.008273253367402412,0.17957599421829962,0.020970734337868065,0.10456809739515749,0.04212649787880149,0.5356107651867017,0.022976651200355438,0.17730532071920782,0.4759480445377926,0.34674663474299955,-51471.002202869095,105366.61689178874,97632.76069947027,4350.949449515987,71,0.027348098415202214,44613.47738448945
0.6082947970987584,0.5425683312419503,0.008844775868316479,0.014456070930168347,0.1622149900492025,0.06561046531025906,0.09077687956055513,0.032011317052147555,0.4703904253874475,0.06046352703168815,0.2032415408176879,0.535355466334261,0.26140299284805113,-70846.12141701714,140218.57337644647,157834.98174111446,12584.937243313536,70,0.04824990421426667,7432.057512801414
0.584970559367791,0.5368922913456047,0.010103296974067255,0.010438445259592624,0.056734884998959886,0.07525567185570374,0.032266193511857534,0.02194762069762267,0.5438815401006862,0.0679362295367911,0.2664677796606701,0.33215563030945167,0.40137659002987813,-29934.989529245686,128722.6550345725,147139.0208543101,16153.879776986614,72,0.021632260907872663,26671.565621688747
0.4094832899052517,0.4824892780711014,0.009115957485816437,0.029475937178140028,0.12596268893653179,0.06406795785736916,0.0966749964057068,0.03563122758464072,0.6497771550175456,0.008687226285832713,0.25113219722214397,0.35391014642021373,0.39495765635764213,-92377.99706287995,140386.35948942497,166300.54015301928,9069.553650982252,70,0.023234437556028376,133056.55134000085
0.6365597761661628,0.6121874697635992,0.02042465242762225,0.021726614789945527,0.0824146610620457,0.08847292979637486,0.1937317393508367,0.029371878284278688,0.5594928197636808,0.08037122886881565,0.29160441215263105,0.486897928015184,0.22149765983218503,-80336.4006099019,114400.57732161903,139308.44124102587,14002.33752617063,70,0.0403961672653523,45048.807573326274
0.5955479503224393,0.5354651761382855,0.008337028457677849,0.02571332976177631,0.1139152141354003,0.03750930202943712,0.13062790895125742,0.0329656972636847,0.7621337374502379,0.020618332907145338,0.1632435300387042,0.3085024280953923,0.5282540418659035,-90817.1270288406,114215.96635367296,122008.37695651555,12717.600362977551,69,0.024605087450496266,91084.43310443616
0.4202058025052747,0.5913334115696222,0.012912124527148874,0.023262400260184495,0.04492312822810848,0.05942523617618083,0.06480144476324302,0.015655327660141993,0.5226210668186161,0.018771897736304895,0.18915782388697686,0.4713573975457975,0.3394847785672255,-88324.94905776839,120652.36591370385,143236.57771584575,11715.794375315687,70,0.02004121405235755,124140.74596275242
0.6429030163671918,0.4703334943005101,0.01457958966969261,0.01451313107882761,0.14423042917093712,0.05125774862332997,0.06251736382505639,0.01824054396133004,0.6500268707055723,0.03982882164816856,0.15282492673680478,0.4900921865673186,0.35708288669587657,-87237.27490592317,126673.8285602188,158344.7707151933,14935.790065608182,68,0.043102691871212954,6434.885710176289
0.5248231379493258,0.4102312719000392,0.028838579156863213,0.015769251091446522,0.06635852666211295,0.02334016437309039,0.11496569274438329,0.015982245902152255,0.5952095324352569,0.027755598464066028,0.21067714933023898,0.22697335952702996,0.562349491142731,-70397.70421915778,120326.35386101913,140690.96504319776,14066.973234758269,67,0.04197416639112968,18869.60548805788
0.4578803157735308,0.5562330348753398,0.015315696647854336,0.020733270457645572,0.08982929854484602,0.07509345560112342,0.08031114084582627,0.039452270325350154,0.5802213730109752,0.04420623133382352,0.15607626647366385,0.5129783810735838,0.3309453524527523,-88505.00236919237,131630.2918385454,131417.12776444343,3368.151155679396,72,0.04550800884860741,50416.844245910215
0.39359152694209687,0.521761135971209,0.012150781198106288,0.00974060161999851,0.09941829071527838,0.08663832826302968,0.0533269022761303,0.04838199448767161,0.65098244116438,0.03199521849345792,0.12876411380237535,0.45521299117624786,0.41602289502137674,-39728.69705215059,181141.4425728386,163309.15073254425,13308.2985128099,68,0.02705834978261768,-20047.771679107314
0.6006710130551581,0.3846061399577121,0.003912995700533221,0.02633268633760162,0.08685453227614268,0.08467665333743128,0.0834468057239245,0.027340162785621708,0.5355378170673517,0.027082662735157973,0.2883726773732372,0.4994790155785015,0.21214830704826143,-61306.662951487364,107560.3935836955,133484.80018265796,9747.154149328737,69,0.04293163468975815,84508.14808091217
0.6226349503418996,0.47814411264817996,0.03966610689546173,0.01286743409040573,0.06362179997274836,0.02664156239172356,0.04845111093171098,0.04892657187442863,0.7573328266903239,0.023393766511307902,0.12539962987956182,0.3903059743884052,0.48429439573203303,-111677.24302177652,82981.36197569715,180502.34054479512,4068.1207981737844,72,0.03230451448863285,31384.971319644697
0.6065687546160625,0.3736904035878456,0.00869698901704496,0.01700128204559143,0.1014300402595096,0.08795035873944247,0.06409035871400792,0.0274659324577205,0.6323965955851742,0.025282650709742883,0.1016989518658282,0.4030505328148861,0.49525051531928554,-54804.69824629937,137035.75771172138,153468.57282448158,18198.881815725963,72,0.038511683381971355,-7345.904814268456
0.48644008105103764,0.3807062018613649,0.013935380063653288,0.005488004942977146,0.11862002291930886,0.012941161702569844,0.09489896223067787,0.04396416309299292,0.5851715267837331,0.029179349851886784,0.19787021073993905,0.41786607147202115,0.3842637177880397,-63186.84372093844,84680.8896761214,137116.01472376348,19565.917921357886,67,0.02126100596926687,14122.651305990386
0.5924503482979078,0.6041098606013555,0.014539674655349019,0.006816987469718617,0.04028468112076484,0.012200821410677883,0.11142560579255464,0.024210624603882815,0.5029989388499769,0.0518060639252076,0.3571258452435079,0.4036578382223699,0.23921631653412215,-75305.32889782963,125092.06125650807,173682.34704901985,8783.614538284171,68,0.04408021728072399,15760.482834852379
0.4018772845922746,0.47295555149753693,0.0023102725914224452,0.015784824757454723,0.08436968334446981,0.05462741322120903,0.09860251609126283,0.04271418589670715,0.6195146494585216,0.036235196973614804,0.18038747241645703,0.43202487747068313,0.3875876501128598,-94646.03113814765,87936.91964064018,114763.94784887381,10099.431912669168,72,0.029489976509829437,103350.65140119952
0.5354328277023811,0.49621210313178993,0.02498811076324076,0.021823184105508705,0.07150863322949379,0.06147612985999541,0.07712581227914554,0.010761993066642307,0.594450292671155,0.052612951751779526,0.2495872065562639,0.42171251124132636,0.3287002822024098,-49924.06635130255,98052.45364929619,144023.62482392555,5734.008664706941,71,0.04350908804311444,47725.61632417464
0.41015103078748066,0.6171086606207442,0.00778777246778182,0.011034154882462175,0.08849413837072034,0.03353572802928456,0.15568972765603026,0.04196519351198365,0.6993133284938887,0.060265121539633724,0.13700769405802307,0.5564527137562207,0.30653959218575616,-110621.09476218259,70762.55824892901,143702.849262417,15094.403733182839,68,0.04837201261483349,39843.6201959386
0.634227353954625,0.4113146374898772,0.021721892790539904,0.01399584547675893,0.06110622410636422,0.010396985624253539,0.13236629906106737,0.04972329664793601,0.5685230887989338,0.04588093267631419,0.08713825928424006,0.4812434341113548,0.4316183066044052,-85537.93119182596,102215.67666154873,164499.10166543152,13723.424038044397,70,0.036743172340105684,7229.190527051092
0.5771346660947029,0.4665741288815334,0.014990285352775447,0.005738356055443645,0.0709703758662812,0.014634555771021924,0.07200193748286235,0.004859536195126807,0.4593238645569558,0.05841005614419534,0.21362744057380098,0.4446772301778263,0.34169532924837276,-78396.75929397777,146545.66605293078,115295.00458644854,9826.938583106157,70,0.04709416062512839,1259.2191792378844
0.5633388838990767,0.39473237737101885,0.006753572443487898,0.01918358911212286,0.18741977497097628,0.05857174658085595,0.10884082782252753,0.013064624214955835,0.5370264374516451,0.04025207267184619,0.16959821764915262,0.40510668807049355,0.4252950942803537,-45867.88945750747,151320.0036429195,157884.75865352195,8539.223685787836,72,0.03287532602185585,9818.71588065049
0.4036405004113066,0.3477391017329374,0.007259535425068956,0.024706124276788036,0.060435664046893864,0.06082436195192515,0.08779922351371702,0.01514400607930936,0.673372958475483,0.023425594014851673,0.14597128406400042,0.43078347872208683,0.4232452372139126,-92688.42159569872,154450.98142885655,162598.86105632616,9688.158275293526,67,0.02765393172589453,21407.555030694013
0.45231252117246357,0.3526937285043537,0.00473333658540309,0.006848895189864097,0.0594233202946768,0.07628421596886226,0.07879331461970018,0.03973269285885437,0.3517797826002522,0.04240549182352686,0.12608995232289008,0.583640844531338,0.29026920314577165,-34657.60986478383,150243.2715470373,122205.53577867759,14480.295032511549,67,0.04356663124002415,1573.568735156131
0.6679848181277035,0.6472880233636418,0.006499015870450902,0.027452272855776998,0.053196591733997045,0.06030366021251658,0.1516735762764544,0.042726097069727194,0.4280630673515283,0.03528076119386676,0.20458270025900221,0.47456547646989355,0.32085182327110423,-98350.04652288857,104022.57651381433,169677.2019292109,7802.11513540714,68,0.03301072746384246,74932.8179190929
0.6388922066970341,0.4839473878055793,0.0014279401843400484,0.007670284494427949,0.12668436579590636,0.05744344586511228,0.14897663381094456,0.027122116181843726,0.5854862399976292,0.06800255648375972,0.25361540875368205,0.38392949700909973,0.3624550942372183,-47506.452990303835,96947.69749669431,126726.6973462245,19377.52525153954,68,0.024832773025737474,28976.845775269896
0.541443946495582,0.5121803624342277,0.008523130401026322,0.02625388615505363,0.06793507332690411,0.05528037874943435,0.09485054068102332,0.001975730468222392,0.6317760483466045,0.08479183705723724,0.2751368892992605,0.41265901156756357,0.3122040991331758,-48164.08476507551,95507.76894322029,147043.5970876334,10907.56662632992,72,0.03456118990596322,47147.36652348257
0.45966372815892054,0.5181533967068472,0.01752074186734993,0.005146176952995444,0.13656720133963002,0.04999974803313557,0.15784437702112988,0.018828016777198732,0.5034364764495637,0.005553235603532492,0.11316324601448194,0.5176348392864533,0.3692019146990648,-85796.6804620247,83404.74333843407,175733.4035303503,16286.882118567975,71,0.026600068372923363,20213.438354750873
0.46215462314630307,0.5545247907309373,0.016268908636942393,0.02554678792087334,0.15287823293043093,0.012587841514612697,0.12589136906256804,0.027928553578207352,0.45981701154361104,0.03606562862513785,0.14941104293221247,0.434740012049109,0.4158489450186786,-35810.75018496248,124028.90752815903,176923.92862677464,1000.0,70,0.04637828731359548,16234.457165143665
0.535380018272239,0.6074934638568315,0.014547578275253591,0.029660051239044798,0.19088752170074672,0.019153097448782727,0.08390785276894397,0.0016809421376720425,0.8460108997331401,0.06522612118200583,0.21860135572461387,0.5883909601053503,0.1930076841700357,-37743.442329601196,137852.92931298816,157975.25560367238,14178.852401628312,69,0.048350692757163666,2752.9568752683326
0.5737017042053077,0.5890063215712513,0.006886755927667174,0.020659044322440877,0.09323262555019159,0.04330767045010882,0.07103807703016879,0.036833700955600304,0.6926567601946276,0.08098567954559314,0.07394960292897315,0.5795702866523122,0.34648011041871457,-28347.74147541263,87741.35468192516,150826.47656640198,11695.794233836315,70,0.04844380486411881,16085.793869391428
0.4837533319115873,0.4389799438303876,0.015148824421377122,0.023816740224696053,0.033297665659082806,0.05927839038312672,0.057769460598320624,0.03481798295974499,0.48573843612168194,0.014457497310641144,0.3338072331201003,0.3084244188098167,0.3577683480700831,-55307.127075932185,152089.42546683527,167811.78979649057,6472.053972692107,71,0.04479728230052203,65086.32356574204
0.5587843464848301,0.5168249398142982,0.009200484946275135,0.01175644718341627,0.13875151306874442,0.08846867448468522,0.11969180552160542,0.012356915497330229,0.7632869228433511,0.03393069311865948,0.24025129556548724,0.4183011469055321,0.3414475575289806,-94909.52540945099,121401.92467778725,156084.1607484647,14123.563632788406,69,0.047399616624227675,33166.83013175528
0.5603930230323476,0.47903738604041646,0.01205713948854082,0.0068785396459375295,0.14848081829633938,0.03670463802275022,0.11211477492446843,0.045291930476281286,0.5381916620616872,0.04900863781877192,0.28733791293129546,0.3654903463780504,0.3471717406906542,-121634.9491149318,106239.1895935442,173945.83108417568,16018.987015143606,71,0.04312850851335216,27420.06867520447
0.5770394005940357,0.36624366109017326,0.013657623996856346,0.02906312993489376,0.10234057954726393,0.060653121586228265,0.06302781448217767,0.006714087532146896,0.49376881575068265,0.04331045505905212,0.09200234297305343,0.6316576129662429,0.2763400440607037,-62807.22934111827,133936.54633757754,133523.54901111574,7942.477606780838,72,0.026371997917177793,24759.336292363114
0.6415469287785633,0.4070722484278477,0.005550120515261454,0.024790986870782798,0.044898283122312345,0.04995251857323458,0.15446022801182283,0.016599249759137163,0.6270357239839675,0.007732850098760145,0.23919697775831852,0.4029198321200873,0.3578831901215942,-106301.21433746438,147925.19021867774,138551.62273406907,11220.164342933116,71,0.03449502437292101,82210.80431394262
0.4823798823778114,0.4570639457405612,0.0350335862762413,0.012415271370733817,0.08545422920120745,0.011132851415464077,0.07460608178469626,0.019073454311151823,0.8060600190564268,0.043527001073028995,0.3091723229094174,0.31434409807443625,0.3764835790161464,-73285.28774924895,115208.48122448318,140574.9451895696,3420.196155290589,68,0.03532064951567592,40419.04328549913
0.41110972014127595,0.6290303903879596,0.005377835480312501,0.013587180351060374,0.09476641242697124,0.02099625974204013,0.08295887638460585,0.012954054546042072,0.5607351823689052,0.022126729784970992,0.16956036500249788,0.49127809979759884,0.33916153519990316,-59532.02945005525,116757.29292611584,138898.3613582955,7447.94152282847,70,0.029618504457008483,35780.17582164557
0.6311087420956836,0.39296968651473557,0.01965997623534245,0.025076405195247443,0.07382771107546518,0.026375006271248697,0.0982599767130196,0.04652570375832235,0.7243632694569082,0.01421972233000085,0.2573730079442381,0.4533284662994427,0.28929852575631904,-84503.13883040858,137106.4263185225,122605.90586839107,12714.972760620196,68,0.02046234514519531,107374.88718069259
0.4219682753029093,0.4519176520161432,0.005289357594091339,0.008967157214882303,0.08572182004508222,0.05445815230612404,0.12076471716986827,0.00669259492061724,0.6279737889047479,0.02255459986134136,0.39328642456458324,0.28224071943391965,0.32447285600149706,-77174.42575519951,127890.40829583858,142199.11704642678,10201.730711898204,71,0.03766550008321627,75464.98160293433
0.578423538104934,0.5252269778382876,0.018106105374637027,0.029958081275217985,0.0926653931476455,0.011649091051046919,0.0922988648233998,0.013670868808749537,0.581887008037004,0.01579924037740547,0.19435937315933768,0.46972584810906387,0.33591477873159836,-73369.0876260182,118582.75602096545,156241.3694744899,8791.713444700583,67,0.020212845386670522,59567.22530886372
0.4675043872610363,0.5871652407222553,0.006877728427430516,0.025160025819260055,0.17164071306602305,0.025004143800975997,0.10163446204284399,0.029409930030817655,0.6224367207610689,0.037631530309514855,0.28399394900259817,0.45659314025928394,0.25941291073811795,-38942.78957737347,154615.79883086449,151392.62653671324,10975.371353873594,68,0.020816994738334774,47808.78245987079
0.6044736064292281,0.602602289314495,0.016293916997933765,0.009505526815190849,0.09928770771331538,0.07342138789965191,0.1117329426473541,0.013491683062672283,0.36529633772304126,0.00898178662326223,0.15327906885768444,0.5365266109210791,0.31019432022123655,-25569.067627923723,76849.08546904621,128752.00003656554,12769.2310586644,70,0.024918392668626915,67320.97488485712
0.6224191166602828,0.405183293294581,0.005635350824332872,0.019126924833236206,0.10022852215419052,0.051182207526634355,0.08839472169428446,0.0467960216307301,0.8192012289329355,0.026525687170748827,0.1785834635682321,0.3403948413786933,0.48102169505307474,-39881.250971491514,100503.3065969008,147889.5065264039,16718.97264141356,69,0.031766846147078705,31651.510415309378
0.47099398834708744,0.5330113447557223,0.027920212418839307,0.01099418869064358,0.08601464849956368,0.07499822125957632,0.061558094603566565,0.012790429875984484,0.7024834799427395,0.02987295798429751,0.1272835091509695,0.45797240340961276,0.4147440874394176,-71833.00512253658,111272.79232012658,144402.19676302338,19574.306957395816,71,0.03948142105760885,21916.91533698996
0.42896465703983633,0.4942340437342418,0.014376056711355306,0.02591977383214739,0.09171364813523575,0.0593696054680553,0.0861717533672568,0.027580687503845753,0.6187326245758641,0.023907094787699697,0.2523364446849102,0.5002543928390886,0.24740916247600148,-98045.36046169196,126571.08521707123,153491.85548120094,10426.423579925953,69,0.04617584301549749,81748.27448556435
0.45767502780566266,0.4094579988979851,0.009270079777049663,0.008362324410876735,0.0896131218731901,0.054671714987827046,0.06613408898328972,0.007583229187030766,0.6966473790699862,0.014311113826133226,0.26971298961203016,0.4598407879575098,0.27044622243045996,-17024.68986181252,120299.7678297104,113512.40798502209,13027.311558783238,72,0.026555280876006598,57606.133952082826
0.4767572030291027,0.6012620914095019,0.003823046687503783,0.024729881129737993,0.1086562834079385,0.04939717434458613,0.07090878205110827,0.03667367299403475,0.7015958060118952,0.03150631241459345,0.34364529776037206,0.4819257994734433,0.17442890276618475,-46085.58677815146,133183.9074427624,191643.5251946365,3593.2058313333628,71,0.048900806179182105,73470.5336094053
0.5922873404049649,0.3805519275544913,0.038618741624966396,0.028772348673512894,0.08977667862644456,0.028394902691236245,0.06844043296799496,0.0038531854849745088,0.625758018108541,0.03400545834677282,0.047327127619429595,0.599208823587706,0.35346404879286436,-43688.55042747743,119907.19254094434,165092.40672593136,8057.357407579898,68,0.024604237040612938,8500.25350714506
0.44681896686542383,0.5677842037526917,0.020306610446215526,0.015263113605907536,0.1299799007244739,0.013276591234191235,0.10882375726269806,0.008952235877437749,0.5409461060677162,0.017134594849357636,0.09051912319362686,0.4664663729055891,0.44301450390078395,-46140.84253513635,142544.00287805928,165969.89499296076,7284.22058257349,68,0.02358397004780854,-27.096236947814933
0.5154937593113494,0.5128844827173341,0.010148295826743165,0.024447228826856498,0.046920895846488786,0.016313664385159327,0.12486031297168738,0.014633592224924075,0.6367406650199258,0.055393036214131906,0.1957092244751542,0.4994809015299515,0.30480987399489434,-70502.65331832443,127193.92845462656,149729.98383894068,8855.35449370987,70,0.030016264107828185,26717.928858147166
0.56528779588133,0.4514810017879815,0.01022438607637811,0.006136105876084794,0.1111980092348901,0.060268558745664697,0.11138032113414131,0.016476579548408223,0.6557379725265099,0.020692635857009107,0.20722777593972594,0.4308566959917329,0.36191552806854127,-36038.690359680026,140429.77461637417,160513.985955608,8918.69534356658,68,0.03310079022163142,16761.567081320336
0.5623190736085891,0.5179003682130039,0.04991262157069795,0.021443313401597833,0.11076878823995553,0.03377379429939332,0.14689211090335183,0.01359453366434414,0.5921284336314202,0.09595846232850981,0.3183088240651254,0.3384800276880798,0.3432111482467948,-76485.80048870237,102860.36257536661,157379.0782389326,7874.935298723153,71,0.042307833136719146,26297.72789215918
0.47615009900186,0.5368451760947626,0.010986579548969958,0.006619417520095553,0.10311931911557685,0.033703796267992275,0.11998485249145556,0.02818132788108889,0.5289414559125843,0.016086692572131762,0.10956656697748918,0.5355368593167108,0.3548965737058,-71228.59386810001,123919.97128820638,83744.517498044,13532.696879046383,71,0.03414349872948845,32423.193839629726
0.4174995885250275,0.7050375484543697,0.01825025780100736,0.016443389508185864,0.08271446532790659,0.05971266147333847,0.05620994037213838,0.004942382593033085,0.5243996521214924,0.010243084947793572,0.138986773178201,0.5112357725514192,0.34977745427037965,-137950.40171225468,162588.26325208295,153402.88907443796,22963.44675336718,67,0.0488751045548729,9331.863150686922
0.6710407847814391,0.3992871229005369,0.021401744918534738,0.027208046328695144,0.08840609771392482,0.036519713477647764,0.09987390735468364,0.008886758880170749,0.7060144317252632,0.039222077414774494,0.12124555829913299,0.5204774975454458,0.3582769441554212,-38880.51810387785,141121.9907980377,149455.60399948503,9289.955203317702,72,0.046446214563190515,4413.040882117172
0.6068747645550469,0.4362827314505722,0.0018224212073460607,0.02168928256678647,0.10046485092217577,0.02525642679884638,0.07878026011951035,0.03522734162222458,0.7439910485064668,0.07830957913400026,0.1951151073112256,0.5145272530640228,0.2903576396247516,-43801.213317124755,97863.11678712012,112155.33424061326,3707.178356365217,69,0.029787180599513494,49375.457643231544
0.5536846745257095,0.42338604657866713,0.022522441380152084,0.018020939882727353,0.10708297656461192,0.05065413678944799,0.05243250239752865,0.029408604525654337,0.45787178748345664,0.06691943294715043,0.18963406482559536,0.6489244345145275,0.1614415006598771,-29717.095217068687,80664.33650537023,143793.3702001086,9694.20654164091,71,0.04524619275459836,32102.57221422572
0.5607520656505494,0.6202323106471425,0.004668359089400385,0.02987053940035023,0.11344810207372635,0.031407467939016866,0.1030914999816117,0.0015841906480618785,0.5742884659470059,0.055455930124836,0.16197291007981512,0.6157062035755033,0.22232088634468156,-41255.45730308772,174360.09661409789,164459.85290235296,11918.880110313728,71,0.020146957202831103,-11369.66758927194
0.6046504452921849,0.5231012138279886,0.008063699148842718,0.011840641986211424,0.12747125558424102,0.03519862786062524,0.09825585346290859,0.013601198910247076,0.7103594591307014,0.02410554640298314,0.0424742948272563,0.5201602655647667,0.4373654396079769,-109534.04262508574,102295.31911425629,133390.6965715905,1000.0,71,0.02923615696838368,27376.745893910735
0.40010720668542266,0.44346082784941626,0.0159909185935063,0.01946464396934276,0.04919469460856103,0.049295017092631975,0.058483955651029804,0.044114376587804205,0.6142536415071307,0.01877969750184593,0.1717479486594844,0.5658410995707083,0.26241095176980733,-60317.64068807332,148284.92188580058,160556.13871836345,12034.848092234777,68,0.03800890064619522,25030.469519322687
0.5333599729625924,0.5435942110304489,0.01165711418183112,0.029292994025109147,0.03865090126497455,0.05546583406110064,0.15222570118143594,0.019346997552991442,0.640982002096311,0.008995105956098147,0.23839588267479797,0.5472363361209129,0.21436778120428895,-57676.48321765597,97625.89953247264,176958.50373825984,1814.2617040479913,68,0.02704079487847007,155344.5684438179
0.6893731736533556,0.4116086125161222,0.04220185693960026,0.018472182559320177,0.135660157218463,0.04301064182584658,0.07674438834482929,0.0481789519979168,0.49796130339685335,0.03870063724705419,0.10751201899005358,0.5857443579162498,0.3067436230936966,-51582.704571396425,155459.9280640606,131915.9951385949,11020.591355493321,69,0.043366629592488715,-2337.67363833923
0.6166985365116913,0.5436116387426423,0.012874542113907487,0.015224501527726211,0.11789842429622076,0.07414857848163293,0.09447511904573606,0.002788968678489745,0.5162561014219246,0.011215038827154217,0.10599674583796272,0.4987167791018196,0.39528647506021775,-49123.73376468909,147062.27538131058,178391.68296031008,4570.634406648697,72,0.04748703829999353,-3425.2343797985422
0.5845167707499442,0.5390571470333613,0.01954809997039584,0.023953282432928186,0.09811370595780461,0.08674206184462188,0.17172379444188338,0.005342329577035232,0.4168778910601526,0.02759061250192406,0.4452932060091685,0.36709350276534697,0.18761329122548445,-68558.74726416107,124099.09056294567,140184.6277620257,6948.358581334684,70,0.028739173797245197,134954.3015887326
0.5112448925849027,0.5147527227363282,0.00827898337516793,0.027937119380210266,0.06002218864913055,0.05651371795720693,0.08955709488064763,0.03172828383082249,0.5720075965461435,0.02434285607752285,0.1845189440772141,0.46250932225238467,0.3529717336704013,-59337.13897955921,164652.31960970952,177317.88947161124,11009.626669425603,72,0.02973412426198511,22775.21119334658
0.5736708510450494,0.5737683695865681,0.01338913083161694,0.00943548678511711,0.11363731154221708,0.054916687799537865,0.06411556897171099,0.002228083546113552,0.6139885419809625,0.0651128748352548,0.14947018244767735,0.4506032493110259,0.3999265682412968,-70808.89007791675,88305.92014926957,183741.0239696112,10859.727820000704,69,0.02326751328337869,5044.13110118778
0.5340664031181674,0.5211124735862914,0.017934021486827673,0.014190580486091292,0.06215008091724372,0.026213453024640884,0.10432408007333696,0.035208644301457113,0.5862100087339551,0.022514211802753377,0.23428144624000477,0.39525489089928506,0.37046366286071014,-83386.38598284459,117653.36321749185,139638.62620560432,13454.758509554671,70,0.027178707119959965,61275.995113475445
0.4735948428958706,0.6356030632480614,0.0052796282353993855,0.015436461942940691,0.14406835889587016,0.03034311543518271,0.08622363688456282,0.009373403569838257,0.49979426073522876,0.026496362159567063,0.22278466216639864,0.524358511340885,0.25285682649271646,-78464.90980605662,145213.09094643293,162336.98568079196,5363.4588414808895,68,0.033603506213855286,45002.03428214095
0.5511262464007392,0.41456210025385015,0.022841246988026618,0.015867966891300746,0.07636933924643503,0.07631420576825373,0.10682746290127387,0.039049307907933616,0.6215111672465463,0.019006013774039987,0.21374357486377857,0.4239471040591709,0.3623093210770506,-117921.75382696456,101425.83028554553,154284.76647565814,1176.029863862672,70,0.03736666163517721,100084.29697359899
0.5600386994667932,0.4950530091909414,0.011437873358752657,0.006135716062589412,0.15255474909020664,0.07972122706259988,0.10072655169952574,0.012282204588956814,0.7988389847111295,0.057074712754313965,0.11500765910141324,0.6219153563410837,0.263076984557503,-72332.76843043957,99540.16175816061,171938.8463637293,8916.70808031032,67,0.03771301953366813,22525.385767642594
0.6636571762173962,0.4922696589937177,0.031870053476569495,0.010298160744558247,0.10074747775204039,0.08014877238405822,0.11290426020396066,0.03423889816676904,0.6232147397306481,0.038394404363969896,0.180329108787825,0.5634253144767998,0.2562455767353753,-42033.766367173106,113151.61716239997,145847.83202530796,7508.636818267444,69,0.04140478522849786,42903.933679488706
0.36322094920436837,0.46305225411289913,0.010208190545041821,0.0075836354600962615,0.15115335662973997,0.0429974403512644,0.07096670743872302,0.02274425594928521,0.453492428575711,0.010341606767816204,0.13815178846401474,0.3938075348859204,0.46804067665006477,-74523.65063091199,121351.46223018739,164782.78313462407,13200.148595412747,70,0.02522161075725239,17818.216761461437
0.598069142956268,0.4692923685336685,0.009666167178234403,0.012422740576682391,0.056036445543000024,0.025635588490266682,0.08043182628546847,0.044094051951367105,0.5818895706972435,0.04611683289099141,0.0488142941223543,0.48085456674232563,0.47033113913532,-24031.549827784664,124751.57081882117,128504.06982693946,6107.560077575949,71,0.021624468207958113,19039.56369238352
0.7759436909781549,0.4032224148673646,0.03902640067082684,0.012801439924717953,0.1421866817202144,0.02987788532201539,0.05360527700844997,0.00245620903797118,0.5265485383951328,0.036117593787308444,0.14728311189258397,0.2931470331438955,0.5595698549635206,-51883.741833495544,63007.64250485356,149014.1581295773,14106.468163221538,70,0.03309891607860325,-2770.213988611037
0.7843940517632426,0.4569067027846709,0.03217882249059295,0.01816263800227618,0.20546172690689313,0.07362089421323346,0.05015798859716322,0.0006486351583211147,0.36649372879546877,0.04764326343490231,0.19831039664885364,0.49896530601524747,0.3027242973358989,-56788.081137985806,152722.72932931563,161926.53799658665,10135.4512117147,72,0.04727681723565209,1963.9227042233194
0.6078665762699473,0.5988910600116402,0.006348999506642247,0.011837357444491213,0.09678860811948727,0.047851923198900165,0.12023527080626349,0.009417337700092605,0.6868033068857974,0.043074148000179266,0.1218766658880547,0.4896646173961684,0.3884587167157767,-39924.98020440509,93369.45423186527,152424.9136509185,13695.797181403042,69,0.044111809931574396,10659.644934495542
0.672833295520593,0.4372733271134223,0.006300556533252605,0.02582840197125638,0.1767189233910379,0.013914810682367938,0.0668686189543906,0.047203096415519806,0.5746112448464261,0.02941858077637868,0.1587778308769547,0.5896068834558147,0.2516152856672305,-52721.610821853385,100955.60547616347,152914.90870442832,8709.561933822142,70,0.027235966192147795,46841.60582646765
0.47959932163242264,0.49010637593509004,0.004153727808166268,0.028881365599357008,0.13496217491159967,0.047896544833912355,0.1566696657109966,0.019192484898495312,0.6766984965082575,0.043254596854731195,0.18974501306696537,0.46595249137752237,0.3443024955555121,-66946.70963163085,114866.70706387253,141863.772829612,13065.359590155671,67,0.043993758438132684,39321.812828495684
0.5063298050660898,0.4838965393642968,0.007898526887210789,0.013739292058596045,0.07089306253294436,0.022597971161047933,0.07095616954937571,0.01267025668120475,0.6749128346997239,0.015637690300448166,0.14169289940427232,0.3654523288052134,0.4928547717905142,-74033.95748527622,108097.83161505709,132291.8463925323,1367.2141626923674,70,0.048736540980912284,30064.237633788856
0.6472846468801878,0.538151985864121,0.007238574396372009,0.021328000259956275,0.22241481919748837,0.07870065614334186,0.0646025992669532,0.009351056756114562,0.6656491183896536,0.012696421046368825,0.18036676977851063,0.417192788603473,0.4024404416180164,-61112.512385246184,108750.0648476218,141028.65162420826,11376.705844831526,69,0.04928404098461858,42208.863898898846
0.6414619979404054,0.45805095492064285,0.010138123262911776,0.021858484844244064,0.13189327484994845,0.08560120779911144,0.1740511518982349,0.046918806940975416,0.5056332045557269,0.01611856304151168,0.2907269858742853,0.4177447478022017,0.29152826632351303,-81254.95347968176,121297.29064048677,145145.96708960898,17068.96943574886,71,0.036903502789253154,81547.1924286649
0.45109190918509107,0.5088940489053977,0.021949157387171236,0.025816688215712716,0.048778978718340485,0.07605335921476127,0.18400511938901465,0.03391515120498287,0.7218200196812918,0.025727334278194097,0.23074395567724829,0.3451370641345454,0.4241189801882063,-82870.88930361827,114787.42290860656,137287.2543209583,11566.905146360026,68,0.04084887099117639,96337.59735758636
0.4796695531630202,0.47066314583992735,0.00479916182853282,0.02598654052697323,0.14152506628887485,0.07001810386278334,0.09989764188033445,0.04382819246694731,0.5775361143964909,0.05396135131022606,0.09313234610807027,0.5168443705738882,0.39002328331804137,-56774.55356879244,132962.92211888966,140205.25481822414,8292.00108220714,69,0.028999429569179645,26600.93750625606
0.48752109304492697,0.4436484111915074,0.01979212539924291,0.011933040008330502,0.0773861741078493,0.08097250862713148,0.19736930749031042,0.006463130919823085,0.5544149345833996,0.06333966580152015,0.1725779780795447,0.3662065910031592,0.46121543091729594,-52660.212628068715,78337.94571236783,166348.48538035154,8368.734779871309,69,0.03517053632946683,21056.450973318704
0.5105521250071341,0.5112198639661869,0.019573191227254975,0.019541382096179765,0.12046095786052421,0.016845162345131674,0.09663092633944129,2.982971233338461e-05,0.5822210673947689,0.055813908190124224,0.15506871575339956,0.5119501594112985,0.33298112483530196,-72575.33492578169,177932.17172728718,105877.73558578915,5763.9221445789335,70,0.022332078513267822,14528.270315753007
0.5524330233352293,0.38198192941027165,0.030089904671999585,0.02568483981657454,0.12760930632472686,0.06856911239173123,0.1533834099291391,0.017008535189748736,0.674465679551434,0.019624268689839568,0.17934935451199505,0.5465591134207497,0.27409153206725523,-66312.9517380184,120779.67519281972,169081.043997737,4304.551908938841,68,0.041803970414338795,41842.94769452842
0.526385636264221,0.4309083968707898,0.03240961956071453,0.02064247455199896,0.1278767111101233,0.05028242668381927,0.041790436135672994,0.0020162642981075285,0.5749285187250628,0.026666886988127476,0.18218280163456385,0.5130351326445093,0.30478206572092675,-61896.77590804522,161389.07258669022,164826.88019982015,14986.20084642844,72,0.0403185840924504,4454.969909140566
0.4615070076632243,0.46155073852320383,0.015900720980156876,0.019160624659849256,0.07765796520757365,0.05021610344449785,0.10066099386232914,0.004513249495367649,0.6624922711496036,0.02945526658023385,0.1803592180127437,0.32288552228476486,0.49675525970249157,-70619.13921049693,74463.85603937175,167863.178764855,6041.134185787573,68,0.0410107493800303,36125.34148185645
0.4200850373651034,0.41807352676090254,0.009275141795763846,0.027704677263050197,0.21339552303483225,0.0646514946739949,0.06733437179803706,0.04159311832858642,0.7002226740357458,0.03618537173033437,0.26770478894760613,0.4007892624768695,0.3315059485755243,-81985.92820327316,125767.95326202683,149489.72444333954,7506.284471441837,71,0.03262804350665792,85578.6072444307
0.5923515602005229,0.4918520517035801,0.02283731966807545,0.024094217350693052,0.17517468894699847,0.05667585561882938,0.11477914542806607,0.019935656396344682,0.4793338114989485,0.07000377488712031,0.19056006694467098,0.41045067565061444,0.3989892574047146,-86875.71249793457,118695.51090668506,113032.92751415362,11175.816777878004,69,0.02359696843469322,32913.51691981962
0.4815144431617881,0.28988984252697275,0.007242232745986122,0.006114191967139988,0.10685670953786156,0.07783967776436984,0.08090807998643945,0.0027128653709302787,0.5341476071938586,0.08197604543384523,0.2893380418602297,0.4016144924915419,0.3090474656482283,-71808.97764300123,107216.48165741452,143454.16595030556,13709.974650949527,71,0.02745191295693453,10388.322414972705
0.6984601902058508,0.47015446412222495,0.02033429947408367,0.020446648690199288,0.20961312074385108,0.042881305745511196,0.11055426938418526,0.032891818208685385,0.6138636122244201,0.03386787849575947,0.25329207427843975,0.48143755300569463,0.2652703727158656,-66355.1257380072,134154.4696655269,145067.1769957151,13003.09153070437,68,0.037765773618889484,41444.68717637026
0.5224859187607135,0.5844124871835312,0.01316578769652281,0.01959641624193408,0.09548194858798381,0.038373811540877954,0.11092616497751828,0.005631059829568541,0.2756148229140715,0.013649352756187472,0.1730555395358916,0.4896364242420694,0.3373080362220391,-53288.36433034003,95585.98565617242,155532.94512953382,14496.956039879213,69,0.04514460798513583,14511.054330029428
0.35565875604720715,0.48162513059677237,0.013212283383137504,0.02042877251895171,0.112239272940116,0.022564895396279976,0.13303828274125817,0.0482521176642378,0.5713355088966433,0.037240214542480936,0.16354228069925988,0.32627748702309967,0.5101802322776405,-161837.41989639078,121852.20615262755,154373.33362446172,11811.07922433433,68,0.02551241934846564,70699.39492741176
0.5890861517241913,0.5103827646547007,0.0053429349465940286,0.02837058695686293,0.11231532648646486,0.019510106244533826,0.09860760695660149,0.003236786671223796,0.6813590746338468,0.07000323274386935,0.1645026404080791,0.365312463307719,0.47018489628420196,-69695.88065667136,176107.63499979416,157964.91712665738,4884.106134075996,70,0.04273972511425796,1335.8363614733573
0.5596551762555224,0.5927810335688227,0.006959423399467638,0.012909036450886419,0.09022542495267993,0.0743135124039458,0.12882568763641786,0.004945580254942317,0.5366754268362017,0.01942721155325165,0.16370307492244696,0.3370041408134225,0.4992927842641305,-135956.25604417766,63668.82159985612,142393.21933579879,12326.183186029808,67,0.04894811589755067,56376.95644820158
0.670998856830183,0.6320225005348373,0.013059182062161676,0.026817363759023775,0.22718637359503485,0.07902752406143936,0.11493500143266305,0.03143113731986972,0.4997553387837541,0.06649970510403563,0.13671427164966746,0.465824707850175,0.3974610205001575,-58018.73888232201,136523.68196169185,188429.60839735184,11490.41218033,67,0.030626124476476092,-4884.001324645241
0.5003647682203981,0.6160433441387169,0.009310354189605944,0.018946837933345936,0.07452600813714523,0.02716446395927414,0.1302510692410423,0.012579191730432822,0.6536065123573127,0.019580575950983694,0.3135314093081233,0.3065176662351115,0.37995092445676515,-47523.20370496641,97506.96506458124,148719.78607277325,9687.399072469605,70,0.042545834830744554,65215.92272025119
0.6646842538033662,0.5317351048612315,0.011861236527735505,0.014674336485878231,0.048064910713494065,0.08056532419829902,0.10104499421834415,0.004451265492719558,0.5667314707827722,0.051057093642260166,0.33234173833633923,0.3454874452944778,0.32217081636918304,-98308.47777680405,117649.15773721173,164390.40407979276,4092.8892039909224,70,0.034610991176919396,71431.70112669311
0.470370299645089,0.5567009050162891,0.0016002087495207615,0.01810184367058696,0.10819409665872168,0.07794239439935748,0.1496377090604936,0.020868726639266335,0.8273455676066862,0.07734475082754104,0.11233387364801965,0.5990240201969534,0.28864210615502706,-67643.45698785878,145054.70834818852,126033.13940529621,5625.705883990626,70,0.02376671030566459,14577.790291900985
0.583551499610953,0.4164626085813935,0.012197983781224987,0.02209678710744697,0.06953525994936974,0.015546427605233646,0.07369424085185393,0.00834452660397994,0.6968878211071015,0.024576394389740304,0.15845914015738802,0.41514990442580074,0.4263909554168111,-95252.49101514087,120330.65077190763,118750.397363851,7462.217908389912,70,0.03913900732267036,35848.15591865876
0.640301965384207,0.4569250175241147,0.019394818988020125,0.008714168712361001,0.2102961380460682,0.044238010036294136,0.06826190612653608,0.019146772618516453,0.7229862991207722,0.04818261675534177,0.3270069745657462,0.377166419928144,0.2958266055061099,-59490.728307845406,109281.53586632281,144511.36397385414,10775.379229174998,67,0.026404146113375243,16275.792602420335
0.4484834556999451,0.504207509386188,0.012871706668340968,0.029471608880772777,0.07042141343166618,0.08889134686293089,0.04658969624949089,0.021694187087481023,0.43285115892788256,0.027590792968556835,0.24927623278018235,0.42120667047007726,0.3295170967497405,-55498.98141283546,58519.18512722151,183167.49059745827,6351.302391972268,68,0.044664165698394646,103692.82775918863
0.5702116915683009,0.46420582906800983,0.008487668674410448,0.027399596196438652,0.17149971131820752,0.02800920719689944,0.10772500668120136,0.026269452313051302,0.5825744414584002,0.01911376762377682,0.09157459504081278,0.5375845234190748,0.37084088154011247,-80251.4333918106,114717.5393644239,153318.05578058833,12935.851640702353,72,0.03515169650579955,17275.537499278744
0.652942512880025,0.5690789310860381,0.019989081545373447,0.0182488730008272,0.12178067465952337,0.02045155893790916,0.044674279759503804,0.03418338619420206,0.7464901924713412,0.027512630767506575,0.08979877137140234,0.4302367510684074,0.4799644775601903,-60182.458771153804,153364.55184780536,146641.5043879732,6906.181967330904,71,0.04727205632426931,1189.545442282543
0.4984510543720581,0.47706729389820035,0.018712146674371294,0.026210280092060886,0.04637297737202682,0.02295603014954807,0.16097203640276259,0.019895129868861508,0.6793371626647184,0.04507849556896567,0.10360750588191346,0.5319106599624113,0.3644818341556752,-79329.3294514876,142937.9512249121,175201.12029244495,15263.356399334021,71,0.030741048458084046,-3487.3967438551936
0.5774771854587578,0.5727832117634901,0.01807873435158211,0.016625079380529637,0.14111792359991698,0.06527070674421362,0.1481080577656364,0.0013396122992457183,0.7132346834506432,0.03600983998579632,0.12025615558935085,0.5566636108300174,0.32308023358063176,-36100.220051858,120662.70460725548,178555.5185969023,7088.957459721056,71,0.02826025587762455,7535.923305888343
0.5246368197034503,0.5597766348289507,0.014318478953503237,0.019781324418727597,0.08288885714577238,0.07477866510418087,0.05963949487471198,0.038278211411192795,0.5485948345868279,0.07657489999269212,0.08445800912626727,0.4681229860022768,0.4474190048714559,-42329.37696989586,158190.4951734077,136370.94844728225,11818.041829252772,71,0.0481236938092739,-4454.59538123605
0.5138463331404461,0.49615568960758333,0.010838132447062944,0.006275325205559941,0.04568991690946919,0.08118715751904743,0.15567306790697671,0.029768979690855724,0.6165674828743825,0.05077441277014812,0.22509420907969718,0.44143647866207153,0.33346931225823134,14071.711028264363,118044.22650858872,164029.63571142458,12528.984141890205,70,0.02746473606376327,12964.241090896401
0.6019169725285004,0.5727144478449614,0.009809530003126756,0.024491797873838886,0.1497393405846211,0.024247859051038184,0.08681699412530489,0.02366871988843232,0.6065130743874835,0.026974335722008056,0.20527586767393888,0.4669632716912535,0.3277608606348076,-53636.57122204528,141247.00265290434,126657.8051898421,14971.932848866103,69,0.025391558998611747,34268.993847399965
0.5434914221885793,0.5340933369044772,0.017056616374934525,0.02740490176298199,0.06511829207257483,0.014454663821356392,0.11361479441885088,0.019180283831153194,0.6671860952508563,0.046174618558774604,0.33698292979535566,0.2890488825052577,0.37396818769938667,-108548.82675372687,111834.6105362066,146447.560622985,14336.224550385756,72,0.04146131771974774,58922.62811889973
0.6045358425670962,0.4741740444959166,0.025734318986158834,0.006071188505950879,0.11308221535009623,0.053329966576349475,0.07478770243106732,0.0020801263287219375,0.7767025474533965,0.04118757446243232,0.13553481200722728,0.39408194139394415,0.47038324659882863,-28535.42026752394,105952.66690585957,131614.5387459233,11614.487048625722,68,0.02827114848331032,17486.689848466664
0.6348528976499176,0.5430321535552394,0.007551894014147835,0.025533276181722273,0.11501300419528668,0.04514941591732682,0.09420024114540174,0.031685628711654666,0.5845007205559698,0.02174959359381546,0.3764120727179336,0.3936807661201912,0.22990716116187515,-80043.35501859381,130288.91572920639,167617.46277062397,13901.549838766263,67,0.02883737075350451,94573.01955997125
0.6799240484384363,0.46152646432629957,0.020013574943373073,0.028238174589511063,0.1490286857569054,0.0371814683654312,0.08814257820373458,0.0013097925266450706,0.505897666257848,0.04982450725794751,0.10799555872568029,0.39279753967142844,0.49920690160289144,-72650.23019969513,107533.93783153147,153169.23462221623,11904.497250643964,71,0.04243769413989677,4598.953563684301
0.485009364837708,0.524378374068566,0.005285886867479399,0.022506265523149355,0.05767679339614076,0.05484902019746632,0.02706249949647636,0.03147881295915938,0.6496513864281157,0.029668101675532278,0.15299867416340437,0.485069132262292,0.3619321935743038,-24193.993231097964,130037.54442024224,165168.16572093687,12090.23522233437,72,0.02159598285294998,30081.83800598149
0.5068171144652401,0.5057116232104866,0.015107919602502072,0.023266910935349907,0.05463638099471826,0.03832835941986686,0.07327932991567876,0.000478741108898334,0.47247610499196285,0.02944295964206149,0.04985544062618958,0.6044460843842001,0.34569847498961037,-49576.26481877591,92509.74312031828,162114.99069163392,8763.537141266828,69,0.030590076943067274,33406.314791106364
0.6169524338087176,0.6320274985971859,0.005132549849335309,0.02270414478752379,0.03964819951107567,0.029901917291486536,0.08045815992559181,0.043047138030547924,0.3539801548015231,0.06181299952767267,0.2583642849327566,0.43875831030336715,0.3028774047638762,-81571.37326255436,119439.3535271831,161595.9293078143,9982.372088028405,71,0.031120897592633638,62207.32535631332
0.6795630788353316,0.5265207746430037,0.04061108596982576,0.018768066471756398,0.10160890493419858,0.08273444060240673,0.11944829126238407,0.04370819344927073,0.7638793523545166,0.025271644964683836,0.2862817719770399,0.33824828435161636,0.37546994367134373,-29389.276008545665,196788.1151504795,141008.79940726966,7128.769975911524,71,0.03688805921535271,41868.20892146167
0.5268736110402854,0.3958147534643869,0.01118511829483257,0.020462718470445212,0.13264987427436967,0.02147543181998257,0.10375560657223236,0.01734773795873113,0.582375126098475,0.02937879103636252,0.15045704268787705,0.5061815094075945,0.3433614479045284,-41296.02731084514,98146.86000939531,130319.80389856035,17960.559501978183,68,0.028311251498453465,32135.537138240776
0.4120336119751922,0.5105950802446053,0.01199898151784981,0.024301318275988925,0.10159904309219793,0.05703372288702981,0.14477033395800504,0.01387054842560524,0.4781285725575779,0.05874605307555452,0.1714752041325045,0.43221651947106765,0.3963082763964279,-59523.31217483292,159757.4910043964,107807.39143221929,11324.954989638405,67,0.03719821328669477,23101.3438390342
0.5733828136091552,0.39194716667870816,0.019396371095407882,0.02041119208534716,0.054467793695164725,0.07864432049075605,0.15381199934218093,0.016143313511608,0.6535601322345622,0.07576470597778694,0.203518065688214,0.3992022077582949,0.39727972655349114,-55067.10063230642,97218.18317541452,149862.58295415711,10559.607426198181,69,0.030244584473075334,33881.721594157054
0.5203897967304251,0.5888595619784536,0.041664080712294715,0.021992530052062392,0.09754296531157056,0.012007861598507627,0.16172920903438423,0.01027179568400462,0.6531065905638277,0.04663985693544815,0.15000994528458667,0.42005481294331126,0.429935241772102,-61313.289642171236,113157.11274660424,154612.48006672272,6736.960760844996,72,0.03452223145916912,10717.587432795446
0.6606893252801231,0.4747457658504916,0.022637152498240103,0.016987174164168443,0.042691928004803745,0.040144225771522976,0.16001999991318874,0.030966798392225454,0.6586510153298668,0.016185747528491307,0.17762144915324998,0.42796899113348263,0.3944095597132675,-32616.785942993312,162944.98941623824,111353.93157723345,8150.202213896373,70,0.03522057295313607,30330.043556731882
0.5720026221662201,0.5645284150940276,0.036931236408581744,0.018780712532739344,0.13154499332087707,0.03888367578052172,0.09237686203451986,0.021102580528069854,0.4129321385172187,0.040845588998400566,0.33260877868596433,0.33621975342558563,0.33117146788844987,-81703.36825311268,130463.42052405138,154026.45837421165,10817.847329122833,71,0.03468353914053273,49960.46143842397
0.5369761118635542,0.45730731843218414,0.012201065270681344,0.0280696503861669,0.06639418747144088,0.010668517079322478,0.08383153425106177,0.04841822992692939,0.682143286973219,0.025197487810399783,0.2003680872030288,0.5700712536706276,0.22956065912634366,-78875.31863832912,99783.15877377237,143376.43263003108,6587.774050604701,67,0.02784878367504394,82977.70803856432
0.6037166089727491,0.42350945190513406,0.008614524983970622,0.010980581236143509,0.13626329083053298,0.08553336900334428,0.06687336455630795,0.03416796587445985,0.5846970766278273,0.01705670148551906,0.21877940012844846,0.4567249345570116,0.3244956653145401,-102680.48322054879,101523.50075136984,162076.01590124608,4604.870599155677,67,0.04376166585080154,67542.15295546169
0.44552881026409913,0.6820573142396557,0.02188483118937433,0.008991161616607478,0.20904274889452876,0.08046421455171458,0.052489385768350834,0.020518677710351596,0.5011922620948496,0.03555660413791494,0.2601207011064705,0.33606025311177484,0.40381904578175476,-49036.803334460645,169280.83715242642,130219.09524110233,1160.1730232641228,67,0.02160171843399726,27799.572228522138
0.4263852514474698,0.47357526960711444,0.003953504316705991,0.006457547977187284,0.16231778175752648,0.021273893029162414,0.13105751625716772,0.04136150719498864,0.725019604487533,0.023156834764402584,0.20022010875474391,0.42482803462960317,0.374951856615653,-67738.36640077055,108826.9587080878,128328.50588948719,20283.646704784347,69,0.030099644168776796,24271.914141163274
0.5011953030311997,0.5078768026503047,0.0022792051432750093,0.015457309421547253,0.13596881069584524,0.038727671011154916,0.09349823623799167,0.013329141919793265,0.6549169237931727,0.03885675184224731,0.1901993790574831,0.35082700323832827,0.45897361770418865,-104632.52844101262,114819.04227275022,178561.94675796432,13594.802804009554,67,0.029882048256703687,22076.849607445307
0.5029765462752127,0.6463361563132913,0.0138151720413498,0.029906919285539783,0.10875924116025659,0.08364250905940429,0.08955914473320077,0.040506151064357176,0.4882331836688266,0.052149170372243536,0.2640069822468858,0.4015638336506008,0.33442918410251343,-30199.816752707113,92733.60487831938,112315.98428661899,6758.019730891672,67,0.03126260825278219,103138.23708018735
0.550150500868348,0.496736690861916,0.006288468572637197,0.01294041243564158,0.09720030317153792,0.062469084580455796,0.07507957382352479,0.01641815672153615,0.5674909370199709,0.04231955611323953,0.1836998290439721,0.5073095632675123,0.3089906076885156,-89613.5295054633,145832.12905809795,175026.08525855382,12802.567956512623,72,0.02975224634597968,28994.10646511559
0.5922426425009283,0.6203555889432725,0.024284564340378893,0.005514091550851081,0.10147491808188021,0.03761707342476545,0.09182705396610885,0.01404870629265751,0.6709859293781884,0.02233236323390157,0.10025373799532132,0.5646096781977129,0.33513658380696576,-115891.76804345306,128301.92181000089,173740.21968048223,5596.096757399719,69,0.028785840891593997,19814.232726620026
0.5391487367161806,0.41210477339371526,0.00791622948952984,0.007082409258052009,0.07044436239337633,0.05071679057084287,0.11544941125091583,0.016675575684951423,0.49194042333858023,0.03954394727511215,0.24297800991538737,0.19799259105150213,0.5590293990331104,-33205.030708806225,166507.01945345613,156306.75313479506,5007.949325328325,72,0.03413403720883124,22674.533902531603
0.36805800498991204,0.5328656644295074,0.046585460997790255,0.022904854092867303,0.0821382778836349,0.07601050676428077,0.04679699359236841,0.03938241413740197,0.5782830270504005,0.03692084425563578,0.20330935138966127,0.5724135871888362,0.22427706142150255,-45975.443438269285,103232.63446538831,212582.0919957263,12104.584628792316,72,0.048659989347560446,44326.31224381448
0.5202479268840429,0.37679268285705986,0.010619278357838298,0.013807739923739527,0.07704615407408055,0.038104209978149235,0.11621312471414176,0.030458484709729984,0.7222354623877624,0.07068448732157256,0.28562975166178106,0.3941224872275827,0.3202477611106362,-90244.08015393354,144271.60907035848,113446.67040350744,11484.287401235959,69,0.0458388504908417,26893.875499253933
0.6420411251592041,0.39255929650571086,0.019738478024488727,0.028944534457229436,0.11310948459425572,0.08994145721247582,0.087664614445152,0.015488269698791819,0.6855145887136455,0.04460254147022178,0.1419256379595243,0.4863625131074474,0.37171184893302833,-71466.1299563321,151949.1512089025,149682.3171527514,14801.687279348507,67,0.033148333616742305,10424.27917525747
0.5357431416508593,0.5246765030689788,0.03814562033847518,0.013282915781003837,0.08808570735360412,0.04183231576253431,0.05574469272029459,0.024385185990588622,0.7611197423113512,0.009933672108139729,0.2732989630160651,0.418751809133282,0.3079492278506528,-34000.171153709416,111043.17979517573,151013.40340998274,1414.7483813323936,70,0.044667378715447875,57428.375085234344
0.3886346799470382,0.5673202780170497,0.006731724965642529,0.005208185832096569,0.06453134766049759,0.015432719519499481,0.10589005461887357,0.036227817762780945,0.5842435230726836,0.06494687568028068,0.2104073814739579,0.4945745155784094,0.29501810294763275,-63904.82774782765,129042.16170378064,148252.79205395892,10287.066576897792,72,0.04838125697738273,10424.047167563764
0.567897424022717,0.472934747850358,0.017395480253675807,0.024126104724749464,0.08401335412091636,0.08478493211864752,0.0417449679759542,0.02522090987988781,0.642129333084401,0.02728820180528878,0.2238665878859346,0.3865590407280343,0.3895743713860311,-64347.48075030711,114031.92946002289,179715.58797413827,6317.989495692065,72,0.022236162822400186,75968.91103833943
0.45910272500614535,0.4903461354389132,0.005078555805190923,0.0293687862157446,0.07340945432309909,0.07766994502650769,0.17472977487552555,0.03711434182455816,0.7173446349619835,0.05418393832075933,0.13062422169183516,0.47715906173562134,0.3922167165725435,-95719.19932839766,123741.88779548563,187723.18751334355,6080.230484634451,68,0.03941195736107315,22429.757455497067
0.4818115366843931,0.4054087934630971,0.028404473363970464,0.0194389518695445,0.09988299619195604,0.07322989169553645,0.12115295626698226,0.04973477291747434,0.7412350879434517,0.03565711945779869,0.1844069098313418,0.484093253218926,0.3314998369497323,-58619.33248886225,92797.88414507332,119767.88198394587,11120.184138344966,72,0.04562758172787935,61355.23644397962
0.5164505768118404,0.5741009819185685,0.006431601771095527,0.005282592321044597,0.08293488239715563,0.0854816413041354,0.11929087389436316,0.031131381757333893,0.8217559698437812,0.05853641409487458,0.07916550700764609,0.4107257058101229,0.510108787182231,-56545.03619859938,71815.9662546408,103071.42267133702,16744.024778166015,69,0.04192448924887199,49117.89114398525
0.37096286181676436,0.3330096378277905,0.054526069684354986,0.019574549892435504,0.12640628855599,0.03424379015165952,0.1437280848180689,0.04666759561785923,0.733732610582081,0.05284827802065241,0.13045988006683154,0.5452906568071494,0.32424946312601916,-71015.78741311823,85677.16219810973,139215.03777883493,5309.069773330461,71,0.04704496909208097,31082.66034801918
0.45658122717184474,0.46174471180111687,0.003598739139164581,0.011150386910803915,0.12538404893151459,0.0695139083086565,0.07535319348350274,0.039334909626933146,0.6587667000849623,0.06503927278050195,0.14805977372281906,0.4618426424395822,0.3900975838375989,-59914.402870880935,131714.23291652993,154639.20372777127,10360.89037437025,67,0.03333038131726915,9772.421119189075
0.5326338811979063,0.573999191555315,0.013007928969333558,0.026223261186841908,0.11303352550491419,0.05632754027943879,0.15988810448946883,0.04019504557262868,0.6089105076166301,0.0927387708833753,0.2373993467627388,0.5308295116026048,0.2317711416346564,-76357.85983123399,124215.40792207366,147845.22489151312,6420.463510214538,72,0.04190998100068267,35588.39785864095
0.44410083260866096,0.45318135665245685,0.0488574795956874,0.011939765585173135,0.05624239025848197,0.08037206793480374,0.06865920977303826,0.048008611555310575,0.4397805332729495,0.03127863527766061,0.14962070060602128,0.6098409292022087,0.2405383701917701,-96632.12992414807,124937.42644609218,207815.25067546312,1996.1785593444215,70,0.02014417056652148,38371.05160624742
0.660173724550979,0.36985761392973326,0.013047156993452958,0.01570734031480336,0.0761483121032782,0.021978276919018266,0.10212473410144893,0.02444515357230186,0.6173666927453658,0.021131669884718065,0.14203746618941346,0.4372572287302948,0.4207053050802918,-56599.64597264305,83167.62542390017,130190.61558860283,1000.0,70,0.0356067623874362,37771.05551202482
0.5197595272033559,0.44878343357795164,0.009976833160434443,0.014638942860890116,0.06516898812011693,0.07191479012209032,0.08796502012730155,0.013033471211612425,0.7428832405796163,0.030250813920654884,0.10743933409775422,0.5962248156150821,0.29633585028716375,-50987.887729899754,151056.5192656748,137308.98159218117,11100.919347517074,71,0.030155559690626287,2198.540515402654
0.6508601943037323,0.6317603040383116,0.01662767697655408,0.015254718164558468,0.0770005669165233,0.08340494886239216,0.10442561522548592,0.020317628821069706,0.5800435994752529,0.03962261441842595,0.19313990248957597,0.43048621243727225,0.37637388507315184,-18682.373122556255,135708.27886154517,162491.11011157322,14240.67260803492,72,0.045796531348192074,11123.395271738065
0.543693669750343,0.39473566710499547,0.0047621359963679385,0.00980832811209964,0.09960008264940358,0.06700440364774604,0.037873518189051186,0.0349542309593542,0.7434841728364786,0.03803922277579292,0.231183141403228,0.4297331299849467,0.3390837286118253,-60406.01303413691,107918.5204354374,185427.3768056408,11767.062565955497,70,0.042703519023289824,14144.122063739173
0.43016096548258737,0.5208579824077235,0.0166084477799412,0.016137096356251098,0.05478566842162628,0.026151578680809785,0.09022235083782829,0.03116695516938267,0.7591998529605161,0.05312274301476956,0.13639908097947578,0.5838463859299589,0.27975453309056536,-18193.244115105404,105721.56720796283,165474.18404267947,4912.897798696886,70,0.02190257829005289,33758.457086444425
0.4861171554600435,0.5587310063961748,0.006893180766655468,0.02510320062660482,0.06659231033606224,0.0511683503372751,0.0629591423163208,0.04238742868301983,0.6895966578421121,0.023767201620729494,0.16376140830681557,0.41245791539063753,0.4237806763025468,-98663.65164218597,112619.88028672575,164125.5904653397,13230.329676550075,72,0.04159253135755389,53689.973033337854
0.48047839318390334,0.600299302732934,0.02757316275911483,0.0064616345519904065,0.06106431414280599,0.025157852046172328,0.12017536015547245,0.02884655087160681,0.5512924860040808,0.08517251662873626,0.27889639102195396,0.2941489236351588,0.4269546853428872,-66242.7807018806,103052.74569241737,142370.79760980234,17065.573184930727,68,0.030344973556321243,10870.818725063458
0.6308781576706493,0.6216335908373843,0.016870355346844907,0.02886400221358761,0.08014860835063702,0.07824450233987461,0.09220187809687903,0.02851802389130391,0.6012782542621223,0.05498988917378294,0.15120471679083156,0.36758749494601006,0.4812077882631585,-76459.35476211988,94816.78198355417,162379.79497385374,4489.696778747173,69,0.025081412674038735,55853.14231870036
0.4500652390055002,0.5676943099418417,0.0063564415953659414,0.02257772272294992,0.13755800207395524,0.03341031623929617,0.08434585600588251,0.03586002187148548,0.622897397634668,0.047047159930911145,0.23454075500720506,0.44813021025603755,0.3173290347367575,-69637.51257930313,137436.31770494877,143325.75196511974,8135.068259872709,68,0.04880692777148848,34755.21106973168
0.5741278096680293,0.4164793410750475,0.028177086825188824,0.02293984424509407,0.11059667191219627,0.062143371094976994,0.09676926070772437,0.028553475957030224,0.6791492524001553,0.05326272355909513,0.25867708920579785,0.5150319728128437,0.2262909379813584,-71281.0251503074,132834.5435818793,168608.10356842788,10677.850039512172,72,0.030288056403170782,45084.36058328365
0.6353814879075793,0.5183078530557252,0.00936145178833905,0.01878603863321409,0.08787207071720776,0.04304817865792474,0.1011129847324439,0.00987166820850165,0.7042209801234822,0.02585682662743036,0.15530487285873348,0.35197015213916116,0.4927249750021055,-96129.531392149,107502.22208579956,156639.56384149397,8287.417654943838,69,0.041981368272335146,25890.077144019036
0.5492392349684017,0.5707216628279714,0.02633957605563865,0.01879556911628803,0.05836666823492796,0.018898512467393012,0.06174421178143083,0.020439652081957495,0.6678102034153015,0.03272431500470752,0.07028913223957371,0.5360808835339242,0.3936299842265022,-99542.24900734758,87369.5554120439,136850.88372428415,4304.317224911075,72,0.04881919062734687,24895.85088900203
0.6576731566099461,0.42549142806297013,0.007537906515686965,0.02763787537779843,0.08140343620737815,0.07925826213975617,0.21094577383347743,0.011766864276552064,0.6187112090577095,0.02929485609140356,0.29234150909823736,0.3831301225791099,0.32452836832265275,-88761.93140214168,90038.59608923848,155693.35961652265,17683.205368978484,69,0.04788103422434996,67069.88346863337
0.46317645895401477,0.5789893562164434,0.030181392663542944,0.015197337729243044,0.10640519852362902,0.07882931842178381,0.06895542563244016,0.011889808743209808,0.6205828282668173,0.05675860754499847,0.14314183412006137,0.5044279219289459,0.3524302439509928,-62978.868375601094,108827.38914294213,136451.58637165514,17168.65449200536,72,0.03502881805533634,27190.377312687462
0.44794192572244307,0.5051043946674187,0.014359655776524947,0.006481979184050125,0.10732667289723104,0.012245605068064975,0.12683472295935744,0.007350699726492616,0.4583933453502094,0.00839481420416812,0.1277439163406234,0.5406761673726393,0.3315799162867373,-45633.458597815086,147643.57853421557,129063.34769769078,1000.0,69,0.021537898007001635,18260.797748472854
0.5236048718095511,0.47267756384292786,0.026325426805300787,0.017375703043905774,0.06573176405238537,0.08475550109524131,0.09712423769687838,0.007865333022740296,0.5719454504820399,0.06387064046934988,0.1954379895783811,0.41826975188361504,0.3862922585380038,-65854.8244603373,136180.29804418696,177708.26323977142,17090.423096044888,67,0.021122488611358993,6513.869492718269
0.5125770974626283,0.4269579328949675,0.012430915345334446,0.010588029913420333,0.0916510318528853,0.06825935966360136,0.12199442271253799,0.00661782143688251,0.4815130229178307,0.02168083331308692,0.16717501954022637,0.5326309133127952,0.3001940671469784,-74860.21310092385,136610.61040750163,192097.02410682343,13934.510322232998,70,0.02908159248304493,11851.587237331018
0.37815709231405875,0.575667515715311,0.007163759088411406,0.008107528724924117,0.15478914753712497,0.08259642690396407,0.08969910671659738,0.04452244230920074,0.6910175545486122,0.09717521122404092,0.19869612263877987,0.3247071587299104,0.47659671863130987,-62010.05665837751,123431.8776985586,128644.47753420538,10812.362565121104,67,0.044824687326410005,19640.50864837673
0.4931017479483153,0.5262368136745401,0.010438017482600745,0.02978841005685924,0.13522391319498894,0.07844466873402088,0.12397008827284911,0.024594652893251585,0.5683671105910054,0.032944857217412,0.18529770002973886,0.31251044674165335,0.5021918532286078,-87405.16475720226,110260.00308160923,162759.29766226542,10952.612879797807,70,0.031073753267072776,54504.63446071291
0.5329343245917325,0.4805475689320973,0.01080170090750865,0.017365941235066608,0.06519076283562941,0.08065931426914773,0.08408089851646562,0.0012573236358958961,0.7434173459868232,0.04494146807694471,0.1541113264430933,0.418033209893034,0.4278554636638727,-70775.54506899462,132213.95309256946,163059.88454402465,14230.616788820904,71,0.03560310405705845,13319.427509108371
0.5902784307651403,0.5340030676046306,0.032990714224827924,0.026856728764347654,0.06604826488228059,0.03929706379351748,0.0335223342734305,0.04960216809485873,0.6884650596717566,0.05347927498205079,0.2938362004958118,0.45531562548641197,0.2508481740177761,-59667.73426613508,75838.65837858488,161257.03622003723,12692.318983246898,70,0.02790002181159137,88016.13629654337
0.6552136198137936,0.3228901256211603,0.027604082680584237,0.009116075695195812,0.0771615846557701,0.02720794756372662,0.046682780797679145,0.026568960995526594,0.8031013204908894,0.020002288184183273,0.20068497823429066,0.3337536376971372,0.4655613840685723,-101084.46515098447,97526.35947905871,151209.56620562245,14935.113462513511,68,0.03791441981423124,14058.274778689713
0.5029807730168244,0.34248187824099613,0.008803044919194493,0.011864525392749707,0.14715223171772515,0.015388097132037109,0.07009354152164227,0.03011741032757652,0.6941257399906791,0.046269807826766526,0.11680316858896019,0.5071558532765326,0.3760409781345071,-55961.64728954053,100666.5686737718,124373.8581335596,5325.502534616984,69,0.04690360379918926,15538.710455321805
0.5386394301867241,0.5054069836205768,0.00305128877303921,0.010402062011729699,0.08369448378457865,0.02538867017968511,0.16070708448558363,0.042649974044525696,0.42705084949983146,0.03911409916902704,0.1819221754677519,0.35491440701167953,0.4631634175205686,-38445.76960814314,98086.0743706127,165928.26725872475,9051.815588697513,67,0.048149331508682544,20158.89975999803
0.5566397518167194,0.41533685079313,0.0029534877226904703,0.009587292451066385,0.06948858209043739,0.03629626058627909,0.1370300695454571,0.024468082604943688,0.5435467950470019,0.037407999422660425,0.19965574974800007,0.5823551716440625,0.21798907860793748,-46459.38423030884,107787.08490836024,122411.41706931774,12416.451435622535,72,0.0311159060600714,28311.22703548442
0.5249613570452832,0.5320753347142609,0.018242806351937927,0.022951827710628595,0.09527798000299408,0.019364621019002052,0.06320671058801222,0.012744996978368596,0.5755724364041503,0.07758329452946242,0.11652701442559477,0.5280687657891103,0.3554042197852949,-32084.95470246636,133924.4598420093,135879.76072119162,1034.9750137189617,69,0.048921047539754126,15366.044385948215
0.4947915500407764,0.33042599735947303,0.003528655122198267,0.029906185733312527,0.13082503344341687,0.058119481546980704,0.044523283277677794,0.023879035140626743,0.7780145459364869,0.016225319768413807,0.18604654327527584,0.608671100553839,0.2052823561708851,-99154.9259663375,129708.51543560762,157808.77974964364,1000.0,69,0.03063840929644497,75390.33200092579
0.4665914525692441,0.48057801564222824,0.00512719492119773,0.019112626304403465,0.16371409200659215,0.01778354136507229,0.07598965711895185,0.0006361750276585587,0.44620378479242306,0.022622501491990903,0.1951722772344756,0.47231970229772824,0.3325080204677961,-62583.083427725265,139258.62595660856,164507.95157067277,6184.927622708668,68,0.04180674443510804,13251.478808695081
0.673539692794351,0.6563326198480545,0.02085691440303857,0.020776819665659647,0.15513140907670064,0.07979337995768374,0.11989499560070718,0.02816273029800231,0.5899674755170929,0.031892924820354475,0.2691765904591778,0.4597703675356515,0.2710530420051706,-115248.00008607295,145985.9945961536,122412.60172286445,14467.512430548873,72,0.03959577285353701,78157.15201397346
0.47357273435680264,0.46562779343718314,0.00322795454078997,0.010223906843895642,0.09829011567046582,0.011762314680326211,0.08407515226444451,0.02212205029950373,0.3409448515743228,0.03911089784180436,0.23564411429031928,0.40855812248316137,0.3557977632265195,-51825.85281308679,121843.4052221477,131765.41775051467,12699.349025939227,67,0.020217822251854804,32398.00082609909
0.45075226923950773,0.5725325767663646,0.004909007350506358,0.02773094550028936,0.11637743046539624,0.08134963754703294,0.03358635601682082,0.03889036348822699,0.6144167853165401,0.03219061314273498,0.2120455034743169,0.6149317112409408,0.17302278528474233,-86295.4742704874,100668.38500217962,173881.98583143062,7513.032465692603,69,0.020734511310100456,145417.83898446112
0.5665456023421376,0.6544109226383289,0.024617779094312103,0.0070864286170578975,0.13888884210212624,0.07697581417934765,0.1124703025337539,0.01577081397674952,0.7296492669077707,0.017912674541592975,0.2975911782566635,0.3951706647865253,0.30723815695681117,-97850.44623602851,139358.9186758377,122084.76063632313,1947.8745109318984,70,0.02281561043281494,153311.35805279596
0.5222743132445512,0.4666317166788942,0.020102415806781404,0.01744048577261097,0.11768530358998111,0.02013564068183085,0.15823150033852804,0.006317983490179729,0.4662058180807991,0.029924542313787113,0.24101358524121183,0.38688326324345657,0.37210315151533163,-80241.69298895085,152133.79426482515,151471.21759654072,10026.42167831827,69,0.03539440555224116,18173.051207660883
0.4972729842855767,0.37974478120782423,0.005550325737651335,0.028069003305526852,0.035629785888485456,0.0555636372425019,0.10468487844389547,0.026951272480616476,0.6591276976628574,0.04600233959904446,0.16941291611225945,0.4130151083653807,0.41757197552236,-31926.252603499193,116953.35374346179,166189.69467604495,6472.091470615806,71,0.028642720021745057,42108.98667595985
0.4149178766495407,0.5541851689708207,0.011519552876143176,0.014161830956926764,0.0657304853556077,0.052073907957738134,0.1146734165857006,2.2434215798639025e-05,0.6260104449444727,0.04611038597685622,0.04474458010277416,0.6515138003576628,0.303741619539563,-27786.378413538936,104356.97501867703,138814.069213607,8409.595350992233,72,0.04936751746241395,12080.088891621666
0.6170425998486251,0.507507640367733,0.0018912953540881597,0.018063897997286457,0.11864451463170216,0.025332136287280038,0.16115397106157972,0.01975654207295855,0.5721261905291439,0.03234627387301492,0.20301450695092288,0.45913793534416614,0.337847557704911,-106526.10909511437,159995.65861268705,120902.76785952768,10736.006656648928,69,0.023763306601253996,31566.83714856522
0.5970338197932762,0.48169550105300735,0.001677217499697049,0.01787102965468746,0.12557265636789902,0.04180003175102319,0.1143072082846389,0.039887094125922874,0.5532037053794663,0.03252710003356594,0.16615735977467033,0.5264353400574212,0.30740730016790846,-51673.93891054281,118725.99281902605,110251.22490087846,5797.8952722962,71,0.031046564699601067,55503.700721315094
0.5360405254027589,0.3131705827923442,0.025850477780234162,0.022852949077225952,0.11944381257913665,0.07250993170215995,0.060639205442913416,0.00853242530183002,0.8067856253511604,0.07092617439083913,0.12579559710301666,0.4704051899365743,0.40379921296040894,-79467.1649642419,96594.61764073158,170655.49548783235,19417.153801123815,71,0.04171315688170654,5889.246750344583
0.5143176599290281,0.5053848246485463,0.01453970924753147,0.02207360969539238,0.13809944565790536,0.017607313380213093,0.036653194412475575,0.012064431284362916,0.680859032459743,0.044795236864451915,0.10823664068254737,0.5835904618863178,0.30817289743113485,-112646.47169662995,129333.72984470848,184542.16893169752,7218.173468997931,69,0.04582931055380269,8400.64503449937
0.47881272770352756,0.477528155584344,0.01954278690630965,0.011775627389115634,0.15133218900921494,0.08984575594438392,0.1185536679344922,0.0013686004675206587,0.5160144541951197,0.02460003924046278,0.09533474146394985,0.44123330918713394,0.4634319493489162,-79529.61198570383,103654.15840512159,145192.0880258537,9251.361585374818,67,0.028511005116143316,36441.3964152031
0.46352118970563255,0.5875070916190273,0.04888524938392495,0.005940802264995586,0.12431224882526902,0.022936121353087025,0.16414074351994318,0.0028806549228507674,0.7067747491739336,0.0638797244003546,0.1964941797014938,0.26974402409164355,0.5337617962068625,-38910.09742338135,113678.56441262271,156470.13141956617,6953.718235910671,69,0.04532166769335249,-1024.2188573952828
0.5722111162895105,0.4095172657000409,0.007149409941464544,0.011459029035283761,0.09685485434463152,0.08696940343996129,0.061960892786518534,0.04323115504463581,0.5618608203906564,0.03932823649884837,0.09495031487433228,0.36394059326955086,0.5411090918561169,-53006.4780836636,108285.77858483551,146134.38716862368,14335.246044302701,72,0.031457004339867305,16187.973305846543
0.48971822575811325,0.4626573261008693,0.01735562522833277,0.012040469574627694,0.07021689605699032,0.021585822175951206,0.05764593501181407,0.04318860231141022,0.6625492937152405,0.0301992521207005,0.1286472373270819,0.47131740028962765,0.4000353623832904,-51356.477467880475,126285.14905482884,166300.0805428363,10097.351694560886,68,0.033450490273076235,9566.116312599559
0.6107671115282116,0.5740269522088207,0.009654224414225063,0.02967523136947059,0.0919636729651037,0.07168951335905177,0.16293216205628638,0.03461975313811781,0.46813917261226023,0.03250437107964629,0.1935918773407774,0.38889239237181406,0.4175157302874085,-102357.63631887878,103306.8385719489,136577.45582422725,9292.222064516203,67,0.022998067500286788,100985.54813767462
0.5577786427994906,0.6191590444605068,0.019315877460703425,0.015379723626859007,0.15275528906275904,0.07936161059304744,0.047917944348976664,0.006644994996594933,0.7217342672656825,0.043199765479657044,0.18227789396647923,0.3101979730116669,0.5075241330218537,-119972.06035399425,113030.40063972065,156959.06212743704,3368.9190676782355,68,0.04574822568814604,33191.310166506555
0.7765297828371199,0.49574273421916615,0.007041752154776084,0.028280737275937218,0.09513623445222186,0.08334924662884716,0.08965404416737173,0.013714835037305957,0.4983935817384191,0.01710428680696169,0.21823369269532214,0.39059426803998143,0.3911720392646965,-32592.046735645563,118754.42872890757,181624.27405250093,16730.046825804264,67,0.040903661602063476,14102.017909650049
0.42410003444735644,0.38575713283284985,0.011268492912201996,0.017504215132988766,0.05726140931992255,0.02126799577439133,0.14447536811660683,0.037889488406125965,0.43696270794219944,0.030858486170497815,0.2278776832240919,0.4388215840130359,0.3333007327628722,-83344.4180131885,116732.40781470231,162914.11821590152,15585.681294203336,69,0.029279770478673656,46026.406286287005
0.6998838468168069,0.37449893693268377,0.006484095449941116,0.007115238813574974,0.06085139207479681,0.07758873615484119,0.10165746511398505,0.049105939404680395,0.7487145270534389,0.08492042071170289,0.2750466825990839,0.4501172594178147,0.2748360579831014,-54601.945000517066,140972.77325215712,153479.65569577663,8974.550045221777,71,0.03683985155652229,17133.841127568936
0.5074618864748325,0.6052549021879475,0.0016632999359204351,0.010208605575766694,0.13832774839097142,0.04246081845361669,0.08630467612799751,0.020060711084661526,0.5841688626894644,0.04134578858206329,0.16798711297305086,0.391767112791057,0.4402457742358923,-48299.233848069656,156960.38167339723,181071.93548280103,8633.298328835243,69,0.028977544611817573,-5763.578251611527
0.5423225593954657,0.30431572623396597,0.008336426980431473,0.023253633190820206,0.17267647318231757,0.08095247241386054,0.08699399315937112,0.02627200612062104,0.5352259677921691,0.037645915538352843,0.19307161265344697,0.40545084481290117,0.4014775425336519,-36144.23949430051,163683.963463104,153912.8642211192,13874.234512680625,71,0.04321536167535203,2476.2782807416734
0.6276080770523029,0.4901372072680513,0.019727031800997368,0.015588752587033334,0.0950595643363738,0.05544036337461319,0.11110960507199535,0.04713589792522977,0.3862007599810917,0.022865433003823248,0.12980931764650042,0.5602180707190215,0.30997261163447803,-77292.68448611679,57829.15844237376,139385.17753335097,9428.149729117387,70,0.042802103217380996,63285.04429874117
0.663462542552528,0.5872560464139708,0.0014253333859573357,0.023232575326910247,0.03316630180668355,0.0824283212347692,0.09939169721588414,0.01929202754587785,0.4859481827308553,0.028476601661022827,0.0636050727670316,0.515234243656209,0.4211606835767594,-93523.58876594676,115046.23538868089,154271.3499187999,8276.593336852739,68,0.03196799441083781,24337.94624832664
0.3639902969478902,0.47004390072676727,0.014227744469889447,0.011187852086253844,0.12525562197827197,0.019943025641477315,0.05502928891483492,0.0076909049633767995,0.5676143782921614,0.061022865141799956,0.23561493825303179,0.43674313007162463,0.32764193167534356,-61945.11088489073,120516.07885490273,155406.72334963613,5848.7799322421215,68,0.048298088008579855,10499.119181090318
0.43844092969053944,0.5698671433195095,0.007658296198140742,0.02351464027825989,0.12147208745940621,0.017747612848835245,0.09294815711009467,0.04776147918927018,0.5117887066696406,0.04585940655832068,0.1949854773943534,0.4313315101852242,0.3736830124204225,-102989.2023395711,146972.72193784924,124454.67072434736,3195.7224006966267,69,0.034424763533247145,59696.04464784421
0.4033402619219381,0.5866926333403512,0.009470431712388979,0.008401655357220154,0.1420384840108919,0.06115238471191417,0.09363783422158338,0.012723658519655769,0.5687227516258616,0.015226546046845776,0.30735038186718927,0.3561225695283542,0.3365270486044566,-80324.27656506326,142146.07536657233,125150.31287948841,7193.327818655291,69,0.024474085941858622,88429.58088598066
0.6196393744710024,0.45984857366886867,0.026190841021376303,0.02714248867534855,0.08447314085860512,0.06449470462920345,0.1169851998566157,0.022168012740467924,0.497428788266998,0.03574915815627037,0.2938022771666622,0.4186374154928414,0.28756030734049653,-20067.1077277691,66077.60341567824,141783.65560191125,9694.627738737732,69,0.03540288317209173,85473.58926592156
0.5327746985769953,0.5138552617793404,0.009750302835063254,0.007412301798354275,0.1166256638412871,0.06239374433149796,0.07932678994063942,0.03921060850022032,0.5305534729206589,0.02860576899029778,0.2258576332323094,0.38689884211341513,0.38724352465427536,-81582.6773243752,175972.08954029626,149719.68330657494,16474.841020299322,69,0.04187983267096208,14152.798853722788
0.6557316798378074,0.5266132122366807,0.013907296648710552,0.019907843264858793,0.09673641733883535,0.025743032404777058,0.11113089510756007,0.034080657918782994,0.7329076068615634,0.03902761229672227,0.20298993664285814,0.4851450909147497,0.311864972442392,-99277.71730095788,133325.34568619213,157591.31906235305,16609.061394563625,67,0.043203278747749874,20367.18914604229
0.3955770522339935,0.5240686605828235,0.016254142153037034,0.019054852070220833,0.06774818448904926,0.05666811876175059,0.1493336473003789,0.04163011802618725,0.8865853789047259,0.03314852526192124,0.12153700117798105,0.47736381423946944,0.40109918458254945,-13939.423125246336,139726.83319938276,151443.2001010292,10526.565890874508,68,0.03358065689484065,14642.238008097982
0.5769553160338529,0.5391258770398094,0.004599329604081976,0.018109836085837133,0.04901541939222844,0.05947670651512678,0.09933220381441799,0.029248261222687633,0.6713929802056366,0.00753596069627958,0.12593271995304753,0.2376510594116534,0.636416220635299,-44194.50285194457,120445.34109607578,149830.61520255244,12850.401936094871,70,0.022348022749707062,37766.392305576446
0.6474983382070438,0.3771463461515588,0.027527142469154973,0.022343503497660365,0.0937808675774185,0.028387969019172923,0.0652075819414941,0.03876750075453709,0.40699409743442294,0.06476482473493511,0.17720686272548836,0.44182805375597295,0.3809650835185388,-47375.00283890118,120004.53927758668,179611.0500188373,10781.407680082686,68,0.03416011375381868,10441.80708391571
0.5206948166903869,0.41785126541324324,0.0045935554964109514,0.005868539262556495,0.16877430565321366,0.08949423532754942,0.034720545000044685,0.008097468390999651,0.34798803904957265,0.04522051775865198,0.11574156029085944,0.5859104169103458,0.2983480227987947,-61479.44148844568,87820.15317751828,179419.3646097964,5615.969924891447,71,0.040588042077666274,10855.766490162336
0.6079982954582164,0.3572058625363196,0.006500429157730751,0.018679337517941173,0.09679949169296717,0.038611853959567295,0.11310755156073972,0.03720783108826166,0.65490162353456,0.03906839958215952,0.2554429670542248,0.4796461151675527,0.2649109177782226,-66920.69268796635,136445.45775161168,154011.94711214033,9826.437122480842,69,0.04589485544023892,24170.51319420929
0.4933631518550783,0.4284841397400053,0.0019973342602307353,0.012325576570106331,0.07902605472923538,0.049381325853232204,0.10164080965107868,0.029218193177330605,0.5750435743117912,0.029795605787346306,0.3021892654305631,0.3976879556673977,0.30012277890203926,-112146.80321101975,145190.68106939638,152611.90121482714,17611.360297470117,69,0.033034886996130775,82276.31138146322
0.6637443570641743,0.522726427455022,0.03308580311868454,0.017043917980846274,0.07293033150579384,0.057526419427497526,0.08370448753545928,0.04782859621801546,0.4329742958265345,0.031497408270447814,0.18910238103748844,0.3037560157902752,0.5071416031722363,-78177.78945553684,126175.36241711641,145877.582634685,16800.56542131763,69,0.026581168463911866,42545.82539552975
0.7358310706743956,0.4752215977934673,0.01400694612996022,0.026366525192003127,0.07762695615630638,0.04148273656130329,0.09417040425000096,0.012275926311658969,0.45890365986083453,0.031365298598870925,0.2044316640323131,0.46576086686859514,0.3298074690990917,-56891.72289062497,148461.45737793396,155333.01308627156,13046.533916687358,69,0.04644494459453811,2151.4750422903467
0.4727702263408955,0.5618988177730988,0.02496971328369149,0.007289599248773494,0.02407441813788637,0.026238766300206093,0.05141674807497908,0.0062602339066000715,0.695104561166729,0.06313474926689915,0.22873136893319412,0.3768737686518142,0.39439486241499183,-17499.746902664796,136788.88123754857,130478.84420267568,13032.457819477562,69,0.0265639326484641,1659.1861668364736
0.6865020414523959,0.6380117529066957,0.00963464255600614,0.01919883867117951,0.048526314620661586,0.027343173602954716,0.06406265651604613,0.00954319755721898,0.5797684038292297,0.022105854667279254,0.061131536580130784,0.39634592014813674,0.5425225432717324,-98926.71464068943,132315.57626275963,142023.6527905989,2763.035751941506,70,0.03544798210904263,14929.969886157814
0.4006524728816945,0.5194361401409027,0.004774578215991694,0.009624870993410466,0.08712574251108172,0.062104682664819055,0.06458564597467135,0.03209373989877149,0.5198672983853746,0.0515261513386799,0.17003159041124602,0.33363615587943335,0.49633225370932066,-114886.5059265371,111775.73888036037,177773.08422811775,10468.73051035651,70,0.040630896073023184,18912.654506135164
0.5120850068638573,0.5862207596440407,0.015961439810711044,0.006174298279810309,0.12476479402235398,0.06228805549108019,0.17318752255098674,0.030438575308009194,0.5393314398070981,0.05165751288625669,0.38640583935585304,0.3946254412489711,0.21896871939517587,-69845.38204113989,117288.30891151619,118524.241873877,15705.064722360188,68,0.04620999409660599,46411.62756532753
0.7299455342876704,0.5884260649955108,0.00236794246321199,0.016846592081156853,0.16192361094947028,0.08074484711492252,0.05555664771900677,0.041807274249706,0.6864103782746672,0.054721347240028556,0.14794529742037474,0.5231350804754894,0.3289196221041359,-55561.28514705347,110600.2762912465,123557.69632064043,6495.611294819373,71,0.023566348544164745,43907.77337453633
0.6813770000097328,0.6084560794589727,0.003842015530935057,0.01910152680369709,0.12062493344116026,0.07761418428402973,0.10535994275058724,0.01252705427337425,0.6991034288410646,0.026742489367344503,0.17128729551108027,0.4950471435745625,0.3336655609143574,-76808.37566920402,108011.56079881462,132266.01804151761,1000.0,72,0.042379267390034364,84014.58194608256
0.5438338122285556,0.5115902838135332,0.005171287391244547,0.010615858109154995,0.1335262791834825,0.010062996545094184,0.04548741677251914,0.016587626018165807,0.623863457310928,0.08410378626964785,0.20291165944458056,0.5096343151875842,0.28745402536783526,-69789.1708571865,101102.23338094827,134620.22720393442,7794.950710815418,72,0.039829440619563054,7711.30171594038
0.5005558428405738,0.2863248768873108,0.002543283874699137,0.008228002453512693,0.07624049563788365,0.026774867881862424,0.06385842245247052,0.03327691434605925,0.6916927455458327,0.05432957479937841,0.14251022356770923,0.48120613871148066,0.37628363772081025,-58162.84272859949,117198.28495212406,143680.01324330765,6504.413987521241,68,0.03372292356480854,13043.555858365911
0.5739040305570239,0.27541202363928513,0.00774833712508743,0.008353340405975147,0.15914737259475856,0.06706371079679342,0.0959837480572565,0.005401815694595641,0.6295296261672798,0.0068713713926737505,0.22477266428383624,0.4547188596765517,0.3205084760396122,-73406.25079851224,112147.55762226206,169105.21392554892,10766.116725811022,72,0.03878599140412631,26852.030893464158
0.5418463724154777,0.34013039481441687,0.03437958227915213,0.018227388743763805,0.1386348308994691,0.06712927398126606,0.13069584667336195,0.02086428102195116,0.4970638251537828,0.08653463863395076,0.17723811493111263,0.4982666444559889,0.3244952406128985,-89325.04589256752,54333.15699291073,153064.60199994143,5833.97999848676,67,0.036369895593960505,43016.55258520466
0.4381638332956737,0.5204705892686025,0.004295944395756366,0.022959639771869923,0.05608291929399597,0.01647556800366133,0.1008085511983766,0.026009489366124808,0.6061030971346245,0.03871925861499898,0.11431601504107128,0.4229863146545995,0.46269767030432923,-32410.65185426305,122700.05234734183,153486.60697731774,9350.25231796426,71,0.037574536800935164,8912.942246776955
0.635588888342153,0.4650399824135389,0.009884787324716532,0.0210144556171326,0.07525264160722227,0.08790824766636882,0.19632115057690316,0.037501851351888424,0.663370168174741,0.0731422848798613,0.18886589361494852,0.42918052312628674,0.3819535832587647,-65938.91928837298,135143.6054337007,150614.81551938097,17749.153999229133,67,0.02107595124208697,28953.320716433645
0.4718591061401496,0.6158422244424434,0.004743195540818316,0.013758751045032746,0.047635853148242695,0.05306612263580994,0.06898368063780143,0.026592763444144976,0.6352287848140559,0.02495599434586834,0.14816633867388213,0.5984366862501423,0.25339697507597564,-55159.418154423416,100408.48799605167,144954.44601973536,10273.651120465072,70,0.040136059758870135,71618.45932407829
0.3634602792584132,0.4921879285193341,0.0024417570331501394,0.018439160390649134,0.10106145769003252,0.0862201038119044,0.08177595757731669,0.022051162890360923,0.7785446154711861,0.04769143987008639,0.2713649670534659,0.422890427113524,0.3057446058330101,-98004.5818437046,118327.45237448017,171715.39335535458,17741.893615647783,67,0.04586262502187584,46176.00801988323
0.616122988907336,0.7011365670436455,0.006549644443874974,0.006777101902827799,0.044220898159645056,0.01790709138358019,0.11604672407921156,0.008871423277036461,0.6641067313237191,0.09909636501898925,0.1587232437314151,0.49524108093326746,0.34603567533531737,-62714.2567900998,120055.19795608116,160538.0337764312,12271.975847847829,68,0.03974054119568908,3648.4982734095306
0.471353338620484,0.46209096325571375,0.01850924178297918,0.007731587131256622,0.13980644451243412,0.08511988410567377,0.07916478439183972,0.030118368230906956,0.550726629291177,0.06241409576595798,0.23336544466462125,0.43996252898018356,0.32667202635519516,-47457.56507707033,150984.35341132456,134799.78554664287,9091.708379312471,67,0.031378831309893704,27499.956319062047
0.5862720211960758,0.5966731761625336,0.005469436023248857,0.029218840251673192,0.06005654667487875,0.031479431349659824,0.07079968331485581,0.02619087217887571,0.7121733316213339,0.0555132625664247,0.1460353164810723,0.6488245393318813,0.20514014418704646,-60998.71347519611,109745.8570773041,154104.07207183968,10246.474254171364,67,0.023466611016670406,43613.125532142374
0.5132314079663215,0.4466905894432921,0.01428291867346663,0.015773345163620105,0.054839135937519747,0.013740895225670187,0.11955988217378218,0.01422498793976294,0.5023184858551598,0.07730367492164927,0.2149990935007266,0.48502982637756575,0.2999710801217076,-53510.335779121895,126881.12054465793,185772.04872535137,15301.921748190902,70,0.04231039095441814,-4148.056986226057
0.5243008357551974,0.4520110133945329,0.01607890598020346,0.01793837612835992,0.14663715354890555,0.022492757079103285,0.09048562013892426,0.044033418994902214,0.6360721401761876,0.07645171310621483,0.23003513117741997,0.34650328811490766,0.4234615807076723,-30727.206093556375,100798.7583556323,158409.05877731423,18605.19070317325,71,0.029797214364339537,12036.205753272154
0.5994081680927068,0.543973569994661,0.03569252070266022,0.009373945840450499,0.09981033845853894,0.08060904114823565,0.1267895045988434,0.04741380928679345,0.4860870237672035,0.04182881444289684,0.20326799851116895,0.46827813998878265,0.32845386150004835,-39830.729730354666,83792.04966364581,147876.19567818433,10693.71943127779,69,0.042258109453006135,39797.19701715973
0.4971099963560885,0.4259684370921354,0.025282773313166463,0.018703394066165432,0.10492450183929636,0.010372354097888944,0.16203168041604682,0.006400385116431162,0.6707849315417951,0.011029321153462491,0.2511950340700758,0.5463495427710924,0.20245542315883186,-42611.25510998508,124626.60508374551,143510.8438495366,11349.336664170009,67,0.02894092180665977,33319.64660967604
0.5764149269826735,0.5387261177611395,0.020905039798536553,0.018404600457717912,0.07758736304382999,0.025087187765742425,0.0855325912157211,0.021522898887877492,0.6378759115881762,0.015853878171240798,0.16159059819572782,0.5785866553175663,0.2598227464867059,-64066.87502897049,99388.40381344745,187053.17388618793,11324.183424384504,72,0.04053389313452503,21592.359757434293
0.523123508517994,0.545028972818207,0.00856988554175195,0.013909437121839022,0.04769462968972342,0.04139891071956189,0.0920368925563479,0.03146596031590827,0.5362585829112405,0.044562333228763525,0.22210119696209002,0.29759379890180987,0.4803050041361002,-125122.32479606355,141492.07282805862,139995.74384510893,14455.123390105244,71,0.04064219389753817,39681.90856009668
0.34712582704494416,0.5869137868669988,0.013657827522706976,0.028189965991932065,0.06007620941319819,0.025847717175897955,0.09188486952796238,0.03816536496927308,0.7759571214348064,0.06625102871124595,0.41561140935059426,0.3538799673966625,0.2305086232527431,-42562.39743037721,119264.84795087809,163940.71991199043,13997.2254392816,72,0.0259763872178306,97915.82610677513
0.65116491594904,0.5396190759264187,0.018129263674834226,0.014491682305511849,0.05168139431939374,0.0707680248168982,0.07983860046464397,0.04484643671838126,0.4084480357745276,0.018318146614791177,0.18829046088195758,0.5009376439051435,0.31077189521289883,-76398.0783858264,114243.26871953797,130505.30400619074,1575.0307758475678,70,0.0349374159491108,78886.19301881987
0.5947793429987432,0.5021495711992008,0.0343494510737929,0.024393178064067135,0.04595035409688226,0.01405020729572252,0.14389533999004306,0.021727517236363944,0.6759452430763985,0.023417718310769987,0.1571502628768345,0.4929129219273292,0.3499368151958363,-71116.0052663298,63463.78282815012,128356.94808485144,6421.838502120396,67,0.04993764290339324,47067.012758685785
0.6264236064100089,0.4657935919001328,0.021289093912024767,0.015993774375239668,0.09071059479969304,0.034687534474826635,0.1412247346986799,0.0032481174486709953,0.8212491137590072,0.027291346358886574,0.11832856174305385,0.5631966837533108,0.3184747545036356,-66016.19123071419,125581.35148589702,158796.4107403067,8287.151103607046,67,0.029296624137930567,15840.157548898183
0.5166303913549964,0.4329283331230227,0.007189291306143542,0.021636635116039596,0.028597830510912407,0.057826363195029436,0.12944257744030463,0.017838319795111225,0.4647264916677218,0.026274026353412788,0.16705559306964854,0.48657346556434306,0.3463709413660083,-28320.063399669274,89453.15668813806,122375.6486566276,19496.530916635314,69,0.030552343922156666,59771.98970685149
0.6313733072996233,0.4174237689360929,0.006367197357917812,0.007678040441873899,0.047606940886601674,0.08622752465153705,0.11141884221222176,0.023016442445811913,0.4914283768888014,0.023012007179856533,0.15137523316655532,0.6159807914456024,0.23264397538784232,-99517.01386572167,160797.71243158221,123960.53894677976,21205.254294827897,67,0.04767638332240759,7035.209722084223
0.574259404231519,0.5295731536671294,0.018128240319482906,0.012349304318249597,0.09796944400746213,0.018015600936641122,0.09206860488963735,0.0014909277410258327,0.6391740392343963,0.02400081177186373,0.19144125395184938,0.5008665403182007,0.30769220572995015,-50140.646977992845,133518.44260990992,147447.98839753232,9806.416719133313,67,0.04915869348984742,837.2569086050847
0.5352986662603665,0.4152196962652395,0.029254345907262877,0.009410500844320453,0.0971854960480726,0.02577374798971427,0.06133522636174042,0.019704103210452246,0.7421364689197093,0.10287129755184389,0.11669108988660848,0.5416881396328326,0.34162077048055894,-64447.90554631198,120697.16887364804,159778.21859491116,3058.0379603281517,72,0.045811043006306874,5536.476734897917
0.3658693339362748,0.4128386656019431,0.0037927246434377587,0.007330200072674651,0.10725157873037583,0.05936552280766205,0.08847830379823263,0.005774808341961518,0.6880456097943973,0.04521152417850693,0.18256609071359328,0.46635312569128823,0.3510807835951184,-29120.188954409092,102967.94566555116,150591.2523469983,4442.226534792647,70,0.04190724460464902,21088.484073630065
0.4957123435804825,0.397575190264294,0.011639776972681039,0.029430111685215633,0.09715156609837133,0.0294260345543199,0.14847903521681788,0.005844036431568767,0.6147132962384857,0.013832631672795461,0.28748973087558927,0.484758785997175,0.22775148312723592,-55483.414533244184,129225.7355492046,130372.93819701193,9630.366460803201,72,0.042848798539562444,70486.59592033678
0.5282930247687342,0.37095447093799017,0.019993446098988846,0.009635535329086951,0.08272379421341539,0.0412339745488044,0.05660805259908779,0.0002515293487767578,0.6102653288760943,0.0366332377725916,0.28850320564510323,0.42046886728817856,0.29102792706671826,-93368.09936193413,105679.48723985415,156255.24989615488,10587.53516171975,68,0.037459067473114296,19809.3118817769
0.613702389986887,0.5279812628209056,0.005845161755055296,0.01114352032830174,0.07185333759982408,0.07552913550062704,0.06378499963415832,0.024677101644915607,0.595134112793532,0.04992201877868051,0.25135047310780523,0.5272384662921072,0.22141106060008758,-63991.79126517992,76784.19848488881,138463.31940688705,12117.633339548685,69,0.04588167341528641,56290.36218947185
0.7356081804569229,0.5033483781756325,0.017243291815449546,0.021437498920135755,0.047619282863028536,0.0231666200602582,0.11290604327679186,0.00328881225901681,0.4301796880262872,0.024068000344252875,0.1510093297520383,0.3980179361479352,0.45097273410002653,-76824.58396129834,124554.81810819764,133592.0341381694,7621.892473141115,68,0.0325538728093215,12758.042129603133
0.6064870898507326,0.6338965397206615,0.005255292099131744,0.022257227819080475,0.10917799523749523,0.07756481207711194,0.13583878919400363,0.0034008289342600364,0.5529441078468705,0.02624497035535327,0.3504351030183464,0.3530660252549803,0.2964988717266733,-35565.924838319894,162639.16631215892,159409.5067756739,8569.174895783564,70,0.04953571708774362,43891.836725868976
0.6001481634107374,0.41257725023588593,0.008805867028457504,0.006132754047010761,0.15481020753516644,0.08781985272890197,0.09180246920983434,0.04573362841609191,0.6751549406590871,0.019844775721456334,0.06585479003275589,0.5409571848279169,0.3931880251393272,-68382.8720351576,119981.10101004623,119034.10484593401,11677.450310297509,69,0.04459104680456626,20323.844520157145
0.49904481659939504,0.5150007419259117,0.01309360722792058,0.0295795522520798,0.17283062430828755,0.07142103689023423,0.07650259816985155,0.0011127592196151503,0.5228922328590198,0.10434571765666943,0.3272094714513374,0.3409502914773137,0.33184023707134896,-122454.18190200218,133287.874122247,155691.33516013002,8899.217370990495,71,0.0469956519322047,48073.832056511535
0.3655580444722451,0.3991926874560509,0.007545374995365107,0.014272195888759031,0.055144426670636036,0.061429042887130345,0.10884180531256611,0.04450734851354187,0.6821061167394552,0.01855344006818859,0.19833638586913072,0.5097815971983106,0.2918820169325587,-81180.65116661944,119547.27373715141,132232.41671641785,1080.8226407812472,72,0.04932797423587716,76364.5511392356
0.5880580870032946,0.38917319438451087,0.0014111584559527753,0.017136779543528012,0.060383091487083436,0.039303419487429,0.05688625670241017,0.03219188275994192,0.6467307476313529,0.03186628419959576,0.22443195063242252,0.5161529647424458,0.2594150846251317,-48496.00414804726,123013.45639462519,135842.08664852555,14614.550352750144,70,0.02137255645390796,57489.07695783713
0.6376935559185971,0.46523924855165555,0.017717659511684893,0.009165212797825154,0.058607825011254895,0.03823749344498193,0.0718871670351612,0.037195928714607966,0.5036401322468319,0.03008002385188005,0.1705818570998441,0.32219946889165896,0.507218674008497,-39571.00947937402,103620.92817071482,147437.09503735421,6292.495870954893,70,0.02627801583890691,39210.520887003884
0.5206099149243507,0.39976061287755593,0.01234270580454472,0.0050838291434471316,0.08218039083263368,0.06194456784868314,0.07386575709470566,0.01698755395794932,0.6197191637116851,0.04613448003485144,0.19159933558935366,0.5199559664902751,0.2884446979203711,-69207.33905107011,158499.72418411513,165193.31497541224,8161.639254995926,69,0.030462006773425514,2609.565636220724
0.5486059690762166,0.6074640989576703,0.015901132473414566,0.010378543191093707,0.20916513750603463,0.08418008200212128,0.060159288244755894,0.028008422748685754,0.686706315855773,0.03695915844473877,0.18823112127977004,0.38851576379816377,0.4232531149220664,-32689.351224363465,123992.79729741641,154357.45276442578,2192.712750461213,67,0.02842674832046081,25641.787538787023
0.4721637194690498,0.41061870574259285,0.012552591960280374,0.014895611464431927,0.022403614077296703,0.043470351161395214,0.11422704383976014,0.0030226235499694835,0.6062360771828342,0.033109341039713344,0.19753309020369889,0.4124640861297824,0.3900028236665188,-39380.09113826325,126726.02637492366,181394.92552462808,8582.519434652133,69,0.04855932269093869,4645.393245904274
0.5023633795930255,0.2898926784524421,0.001132738057197853,0.015653404940736262,0.11798624145725715,0.044680558347860416,0.09150947912301279,0.04595574174468092,0.7724254583298371,0.06387661028829666,0.20886775412015166,0.3505827469382271,0.4405494989416214,-62506.592986123,79824.0846528402,179323.62269448795,10883.195991155568,68,0.034335428159680256,17162.86072742329
0.6506630193527526,0.39896346158235246,0.005549888296464653,0.021685701993984154,0.17106718099260543,0.07046386972181383,0.12911489966230832,0.009956067360898258,0.5098258068228596,0.02166003941545104,0.20820471398458773,0.4494617648373991,0.34233352117801324,-16230.46889461837,141533.13590795925,179908.28371129386,12528.890791973152,67,0.034177853786401015,8499.7936870947
0.5204187368421648,0.4442029556505042,0.013331743628343579,0.014647932600357978,0.10698629813107048,0.04362849789621007,0.08725791636100196,0.020982856367254256,0.6866755843966803,0.051266512920259535,0.16367605620133524,0.3863250058828463,0.44999893791581846,-46268.12747654248,138185.6029266148,167291.9418614957,16588.780194053197,69,0.047066258792553405,1451.042496527878
0.5258592298944974,0.5740097035501716,0.01955594457586138,0.01586303012445086,0.06737533666790277,0.07944816976320877,0.08135309488443125,0.03842652119274728,0.5739392691431267,0.058119570469343663,0.35434572397952774,0.4820771512380427,0.16357712478242958,-62059.110560727364,156496.2500426196,163720.9910190093,9535.616565143755,68,0.049559156327652114,41076.78986644353
0.42826316992556956,0.4894068949623321,0.011934138936540429,0.025841124874017324,0.07876449183319256,0.023176525885377962,0.08138193463739324,0.024300988567002708,0.6278767884501074,0.026752633586771424,0.35885955598926444,0.420591015037856,0.22054942897287952,-83653.98345930538,79642.6456247964,133450.26290974955,16830.989439729896,71,0.04125477390543658,121935.80805948818
0.5154421368402333,0.33211291639319795,0.006638510266504649,0.01685200202515947,0.08493996354072403,0.06729485364437544,0.07757736477173535,0.005285000081633568,0.7670872071525828,0.014082214140071625,0.13915147320191654,0.482854651879381,0.3779938749187025,-51687.16760236887,91121.74847544546,129768.34441514425,5587.382482788867,71,0.028062747395087087,79002.0528716
0.5045091536045632,0.485475417462775,0.014478407118981202,0.029390438549024296,0.13916183239971933,0.06619578697738872,0.094628983687053,0.041911164070164285,0.6859008606288272,0.0803397463781517,0.29867280348269093,0.4031669481421463,0.29816024837516275,-104892.14594912075,92776.16335056224,169644.64292410828,10418.731852352434,69,0.04138730855873251,70333.66091349104
0.576207880250202,0.5378414456175613,0.014402166349666514,0.014462736043805902,0.10488134227128561,0.06908033761529193,0.106978532776113,0.018171570897531915,0.5148578897165967,0.029337805146529346,0.200536744245056,0.4841976489873825,0.31526560676756155,-28688.53123067353,109166.89922328437,142537.00345403084,12463.124120745468,67,0.03180399053941249,46439.918245130524
0.5673643975218373,0.4588688816961182,0.005459482238082104,0.023856969948630485,0.11250344212560072,0.06787106985850326,0.14379438319595728,0.035130365122932036,0.5456104550557861,0.009999436906785236,0.34445947860674025,0.2837508555217421,0.37178966587151774,-73992.6970574792,110938.43224848193,164993.4256459904,5875.634491159887,69,0.04465880468575169,97847.39646198365
0.5030021637139498,0.5873685484266347,0.009856803683200145,0.007810178376991998,0.09058005135744393,0.011620408403423302,0.06522534678953984,0.049700185130265626,0.5063993723322103,0.010192088693228796,0.16171069285686704,0.4641693384809215,0.3741199686622116,-70059.94879171107,111498.52357879939,158900.18839031976,14586.939256961943,72,0.02697007359811208,24668.37114205185
0.5136177679292923,0.6130305817022923,0.02421220977031021,0.008159511703678375,0.09706204984070271,0.06357210123411523,0.11637620133678094,0.02010468448978439,0.5865535471669412,0.0356173638667365,0.14793332603525552,0.6022836178639275,0.24978305610081708,-79918.8201490979,116722.23466985063,162765.11261119333,2535.585663362513,69,0.025510125567252916,52684.90617605087
0.46200041246396517,0.43526255840606315,0.010264475280266631,0.007423286097140248,0.11190565378663218,0.05006627257962621,0.10777029283211616,0.02884348995163314,0.43186558256661317,0.045952857819999374,0.1381241266247559,0.5407050502288938,0.32117082314635026,-83124.5052420248,77151.42432714222,140580.93572772518,1631.1634069965087,69,0.02463685773809599,44541.83589177488
0.5515582961551374,0.49512340434121643,0.003427521756252463,0.01893309557124839,0.07501369133988185,0.07366046731330064,0.10431443850352642,0.0019314641273567746,0.7646012133346137,0.032234887017082554,0.29008932348627653,0.38104250689952573,0.32886816961419774,-19734.697695377694,133747.24695873377,164154.88085419562,10657.286816903003,69,0.02038766048424401,70064.63213430968
0.3243802984530418,0.5333448023161096,0.025891947141049105,0.005193178478774747,0.0904729225661442,0.07996971049359035,0.07755021887409677,0.01665750516509575,0.6206845663265816,0.06310955786207674,0.23951591643807987,0.4445527636078511,0.3159313199540691,-99597.75947194014,119728.4917893096,150027.4274450995,9473.366738112876,68,0.04031911966057673,30866.304058856105
0.616160093312711,0.4804761649394595,0.015259244875699456,0.011948649838287098,0.1575517067422498,0.015092287608478392,0.13457567771522888,0.0497968363087022,0.5295039050379272,0.05880687600999683,0.20451955139299918,0.3923549118563955,0.40312553675060536,-78400.3099543309,105878.1892903236,127314.09604733366,13170.35587371282,68,0.04931923238087951,17956.18860808888
0.5329790610102065,0.41131129797224575,0.023339498663834828,0.02524451717313695,0.09955578579493037,0.0554999772546414,0.08810614245690264,0.04027399431864564,0.3852767944566377,0.08585455142455058,0.14954206149185062,0.605546902169435,0.24491103633871433,-64427.13215071973,132233.5510923893,153006.5861283061,12054.437923536161,70,0.02184616487640039,26451.765756356395
0.3542204400645538,0.39269557294194485,0.004491205966621938,0.014084997819429707,0.05634675766263629,0.07788163137202042,0.09367374342065733,0.03623837515305186,0.5426478525198901,0.024351459015097658,0.1633547731600108,0.5258999725284514,0.3107452543115377,-146861.47440004183,111089.13466825138,161919.54893990586,15245.718011256002,67,0.049505315292483205,47405.5823030844
0.5606788671287557,0.6405041294403289,0.006478528255880667,0.01842679138181876,0.1402059393600751,0.06778571742190287,0.06348071306162134,0.040620833779272114,0.555302834656256,0.03636484397454864,0.1711106300338998,0.441021441811589,0.3878679281545112,-37261.444139087376,116219.22600962898,156617.67622542716,9407.034594083627,69,0.029154257384273276,53186.885668915944
0.4563288873192333,0.5539505635229923,0.003083540092790712,0.027185338202007837,0.11877942879579242,0.07104114355109407,0.08068693159887584,0.015611401605249032,0.5457294702782209,0.025273913822716317,0.22520475993060396,0.3725671593077005,0.40222808076169553,-67250.47961164394,130262.76935292267,156499.95921793906,13513.99931515531,72,0.047950417734027105,34375.6905004699
0.6511651319160321,0.4370148041915771,0.03988129403676045,0.01982260099597815,0.10681235221110896,0.024162458261178712,0.1136641805954674,0.03163806415867734,0.7280043674910364,0.06643002315466545,0.19143026262847737,0.36206971450852227,0.4465000228630004,-64863.73674566936,124282.34188478721,109161.19015122576,16941.990837950205,68,0.0362323886873255,22809.01890917477
0.5676957626680907,0.4613247880004198,0.005208809262036287,0.012790193055607767,0.0854201902670061,0.06677378575100289,0.04064740743276658,0.019916180446411566,0.44791903347631357,0.01686218109664624,0.24527975662191265,0.43976396432951553,0.3149562790485719,-81022.9587858865,117767.56866059225,156527.25170118618,5784.409801374493,70,0.036689896650687205,69774.36794986352
0.4304875277200301,0.6457670472558883,0.01861090544918022,0.014559947109728298,0.07646198652530276,0.08899210529691706,0.09752938137283751,0.006440532583845121,0.6641064357919536,0.0307318784531455,0.07716235073293752,0.4677540757140176,0.4550835735530449,-38470.545827234804,124863.22376614744,167802.2502048615,16092.695809618364,68,0.04905253763690931,-9423.863284378318
0.5388045276680271,0.586384376540323,0.018904499659736906,0.015187714951339469,0.11333566300255918,0.026829738624196908,0.09258729113728208,0.01543413634003405,0.4541260036571411,0.0342979638066616,0.1253817576501558,0.3928860061576119,0.4817322361922322,-58177.29105033852,117809.44356839912,136042.62807703702,7125.363925378919,69,0.020204320971999395,25425.527191667334
0.5374521381764857,0.6377481907493693,0.014978089941546787,0.015132402352951602,0.034910417948160494,0.014874934091059356,0.08186600065202729,0.002233491418966671,0.5207282328189414,0.04115640460617136,0.26251171780989807,0.4984327655398555,0.23905551665024632,-13258.896662922496,115438.22589981754,123556.28500900902,7472.094650737489,72,0.04610493269152878,14431.516394807317
0.3814903095351677,0.478241264900017,0.017416077167933326,0.012552429833388366,0.10966352902972418,0.05753143595187086,0.0935576433307992,0.0216436985760212,0.47023982226693445,0.033717651719287346,0.15848394816864567,0.5078857440001082,0.33363030783124614,-61769.5312403675,76300.90476858224,138506.77828318393,17849.407828516418,69,0.02431661187133919,55200.035655344545
0.6345533889424435,0.3960674206790734,0.0038841405138416276,0.025958677463208676,0.0704224201257519,0.042207732042207895,0.10525993100230954,0.008119258412303825,0.6014762195413057,0.030934608046246218,0.2118251895323732,0.5067456146684329,0.28142919579919395,-76779.67998768837,114191.87333561917,125183.31979382278,6227.165740891276,68,0.03826159665459796,53776.13300410756
0.5328453262701754,0.4504587911083585,0.006417018755558995,0.01629977839741689,0.06589886938274264,0.03148106403139599,0.09303120679814736,0.03268447409418508,0.40684214374655736,0.05885796905547414,0.19955445232740185,0.37737342667856216,0.423072120994036,-68405.1150729782,109220.58540786151,159025.7043251187,1000.0,71,0.04463069560574997,21997.850194654264
0.46890110149795056,0.5123549743529183,0.016825583935993444,0.012384077316822194,0.14403932749277581,0.08888185195376011,0.07841060044745322,0.04687892404408202,0.38851161221387326,0.059252738937575156,0.13821595862201067,0.5455520639482174,0.3162319774297718,-76938.44345829429,125657.75066145082,124627.51548937571,10482.704506989852,70,0.02596136633666972,32590.995765773485
0.5749951383562418,0.47208007723327944,0.00600651805393869,0.011756976112962923,0.022695432688550003,0.047899155738496076,0.10761855975247686,0.02912901683246957,0.6656903060301554,0.026798112592158745,0.07249206148773239,0.5004293225859698,0.4270786159262978,-98561.88588910784,114696.24566958354,179192.13572731626,9342.041906825065,72,0.03935528509864844,3531.715518692597
0.4002516432708454,0.5545019498463979,0.01065018292823953,0.018883225997726568,0.09127734447947077,0.026551958885103505,0.10890189623590664,0.002356141984422333,0.7441472046931298,0.016149216341984778,0.1964775939447069,0.31441213548295166,0.4891102705723413,-85816.16180228598,137138.71198142582,125167.45423243921,10572.74478436478,70,0.04531528854014491,41054.82505519967
0.5804088205162381,0.5856835958491887,0.02119750265809998,0.010445610649310835,0.09149858756879847,0.06164034533891049,0.08407308695449531,0.04689992883327754,0.4821404838551759,0.02820433742797384,0.13497301057857636,0.3878880480076559,0.4771389414137676,-72471.35669288345,117816.585941991,149860.85673190936,15947.660754941491,67,0.04441353100414506,17689.44842778098
0.6566815347483305,0.4598111917519687,0.010188470582408045,0.013288318683758227,0.11059967860512054,0.022999249468589146,0.1385993844168134,0.00808888285143089,0.5037478929460577,0.03579593390453677,0.21188927018886347,0.44155001977532127,0.3465607100358152,-65788.49589264527,103649.64761678192,137410.81775165038,2020.3449282370646,72,0.03041668634106111,28476.375152850782
0.4348383460777281,0.6388700808016992,0.033953624519385245,0.027462853896040407,0.1156656617513029,0.013097679366249669,0.030680823159032273,0.04292676525869482,0.6224201163515724,0.016739070518427882,0.28014969463561834,0.3344141396036773,0.3854361657607045,-82469.83607251682,107133.63838646533,148751.44125566515,9601.00216186269,67,0.03858283269979737,50236.068253550104
0.49117568253672944,0.5200148861139574,0.011115201395240217,0.022095237585546774,0.03364975183553033,0.048880511353221405,0.07292920865093257,0.02978352785420392,0.6637158225148393,0.037664604643714246,0.28770839254356906,0.45002759775687656,0.2622640096995544,-42344.41354744086,134260.194184891,169016.66894951617,11901.03138818985,67,0.026299974982384372,57989.74185892768
0.5522846456020778,0.5313036999971817,0.025001790466997634,0.024946741265621956,0.08472146880876194,0.02218413986073208,0.10961111409099733,0.0343804100830774,0.5421563979167825,0.09741187238750697,0.21733114714560037,0.38219422881313375,0.40047462404126594,-74527.2160749506,97406.92215445722,159632.32179814758,13781.81109537027,70,0.04011465920837945,19029.3689461948
0.5161274209115795,0.5297534077366828,0.025847166057685722,0.018179257415771838,0.08430816216130249,0.0444293269389497,0.09397526046534642,0.0160089321005639,0.7901094818260549,0.032188963301780525,0.28733012419444576,0.3580119533180238,0.35465792248753036,-74813.79193371722,104282.33418442443,137467.22450739253,14074.183770308,67,0.022056327326032008,85436.9358126477
0.4935745241910018,0.5146980937896604,0.0013802923295363394,0.015577250479018838,0.11276995417175353,0.022237229093667227,0.11813131468314875,0.000817894971354094,0.6317358534128533,0.043780625283058226,0.1847979006413841,0.40356639392328447,0.4116357054353315,-95738.54353744684,92731.86714493726,159833.1487304423,8531.579133260542,68,0.022469261818452217,42460.48502445058
0.35120861922209057,0.5590964101223842,0.029447739055159888,0.008182349982823122,0.1717026859428195,0.045882887669123476,0.07152034864678222,0.022396065286444358,0.7132060245111344,0.05203727784879902,0.12067776199513584,0.4170620989552942,0.46226013904957,-98094.19964392747,77107.44414772191,150569.53928151954,7480.077723587239,71,0.03550172168172143,15211.72067107144
0.5309574175687941,0.4437704609418479,0.007477580574458074,0.02102365244468635,0.10464386357959607,0.045944543947685476,0.0636039320124837,0.015488314542507703,0.7940358449451861,0.047378681022926764,0.1881551767889974,0.5375903074647919,0.2742545157462107,-89967.42833768227,115380.7437714267,122040.31746426944,4091.3882175266826,72,0.04502777430939215,43680.275549600156
0.38881920749006144,0.5332832873093745,0.03664570600045389,0.006347525479240275,0.06666618861655622,0.06894196467518839,0.13518608361686832,0.008740770465358283,0.5382583159304429,0.019300322864412873,0.21602844185371217,0.4481170110094211,0.33585454713686674,-97108.08718465477,159671.94379726608,156048.6282771068,11026.482099800884,68,0.025991215134955194,24896.30524774256
0.5989213004019815,0.68203218872575,0.06998752012126111,0.024633715630250137,0.1400897093052429,0.01130727385306158,0.1017173398540037,0.007535444808868009,0.42555924104089565,0.051865865553602605,0.19477679621226926,0.29615334341538235,0.5090698603723486,-83412.66211499523,112591.80782353415,184182.84953848305,11427.057812558847,70,0.026168648787668735,-391.7616862102132
0.45324507539068215,0.4364195257725636,0.011073234545490186,0.006914787740955565,0.13258597896740404,0.07063655056667185,0.11616451125819167,0.03111029658173647,0.7103709241694799,0.05129262631024897,0.36033663366729524,0.29158459348028226,0.34807877285242245,-56061.53375326745,114555.52257165805,144649.62367628567,5178.32574865637,71,0.045958693334395166,36750.25273433808
0.6555010104009691,0.6183772562357593,0.026648745748648072,0.02123753600228126,0.1979265264346472,0.06269249207531234,0.057487238610311166,0.04687724048939747,0.8299597208028829,0.05802876864027516,0.07987211562338008,0.5567893155319673,0.36333856884465265,-53375.40100902702,114004.94876450421,142395.19372996863,12989.095130791098,72,0.020614516158244185,24088.59694194752
0.5097589740179503,0.5191857335422982,0.05262960712976061,0.014398922625999589,0.1151618482674836,0.011632463318239186,0.08646137160271315,0.01560055558493554,0.3130644160307782,0.041718628625116126,0.2142094528822136,0.3516876173962038,0.43410292972158265,-38319.15988165686,102556.4752984435,118614.36573557397,14638.680797454615,70,0.04203689519542039,10776.774547739755
0.5815414669589861,0.4254714203725594,0.02671847706805397,0.026080211452872662,0.07829972343215007,0.03853981034138994,0.06478145661737562,0.013437047870551978,0.599865751666074,0.05053799331294734,0.15851484154793527,0.45762703699979296,0.3838581214522717,-67812.77704424033,158460.93065719216,136877.68863339938,4066.6153577599207,72,0.020167428873404135,30768.26490673951
0.5432623841696425,0.5087498542775125,0.005367322089147699,0.027376950695156877,0.0714598292002673,0.07550558229966071,0.0476568196151058,0.02604136413600207,0.80938230870861,0.05299583591083378,0.2756875874010019,0.483342003357894,0.24097040924110416,-49736.686899654305,114642.5716307649,152595.45966760963,15699.151378098191,70,0.0333113179148879,76454.17776996059
0.5716219386729985,0.631092343155855,0.013574811642855704,0.009828494652732467,0.09414612405821066,0.045375301484739686,0.15348546605050936,0.0031129970439104926,0.6225016861179855,0.03018151799159466,0.23433669115578606,0.36560527981541985,0.4000580290287941,-83843.61026763153,95697.70776864258,154899.3468257969,14694.9948280003,72,0.024982549279890177,55702.473639410404
0.45650222321249523,0.6575230310760504,0.01858908413137694,0.01229891084492344,0.12911227077052123,0.020551295594619486,0.09400802458898065,0.023704724316139437,0.5414695561025725,0.039039915737409614,0.08971494207178488,0.5117790633966721,0.39850599453154295,-50019.22240111591,131742.35068925045,149458.0252349227,17699.188430855385,71,0.03456177883348866,-6712.3315362023595
0.5302594154061502,0.552145475889254,0.003424350368209474,0.028165404295507058,0.10992308065659584,0.08719168744429787,0.08754240605997267,0.04986831275848515,0.6851571749367591,0.06603670377478454,0.10907862581134299,0.5762378096341246,0.3146835645545324,-64926.66682956774,115254.47419035593,134889.8995269256,16337.434923498673,69,0.039621952359883805,25135.35145096136
0.5478623186637969,0.36410906563842793,0.02082645464014267,0.02083438933816502,0.12177041044493779,0.010679811564004816,0.08887930630269887,0.011750059795953383,0.6933025951940556,0.04579764742239511,0.3216367155345631,0.4527304347182204,0.2256328497472163,-24721.727538748237,108163.11631515999,173142.06787883118,3786.5124531900583,72,0.024851825946908965,53909.26207830477
0.5562754744846599,0.6201453752462974,0.032352853701785506,0.026989019489572445,0.08000236007914785,0.01885247928914441,0.06414628489171757,0.04962534679159,0.29544985683411856,0.0506690475602447,0.15422270192960122,0.4705662291697439,0.375211068900655,-94812.91242839598,118960.68101408733,137425.36359726227,12055.302004296434,71,0.04931749553652244,39948.207123337714
0.5959662465412463,0.44480585391084654,0.0050199803875490955,0.028285046683367513,0.10286149473802583,0.060826830616520916,0.06816047417173464,0.010963818327998387,0.812169437044226,0.02151625558264286,0.3242268084015148,0.43253375902647795,0.24323943257200736,-58829.30038920992,102508.90215675758,143143.40505579175,8482.870312018062,69,0.04149448008507366,87599.26398890017
0.40396604419275456,0.47176659076353905,0.0013751403401488743,0.027764769013150947,0.1350678316784152,0.04466194997094317,0.09375839715178323,0.02884693944516083,0.7653600574066116,0.03753351889808587,0.21050501346875905,0.3929420719309885,0.3965529146002524,-73963.31567168022,52737.99886752572,178755.8142453452,11932.2253206858,69,0.028525573801790986,109712.86288860565
0.6558692969065332,0.5394113523544112,0.025784070461554592,0.005269722274939097,0.10296421644159126,0.07879416957724271,0.08395449553772015,0.032413754791835774,0.7506472351670719,0.054379097199582706,0.1210536255543967,0.4894123613757799,0.38953401306982327,-48778.46416579439,117675.54664797995,145118.52462726049,11505.719798313217,69,0.021366297474362705,14054.76189876632
0.4584391658890734,0.44595275414199037,0.010780015112776058,0.029310986381473204,0.09038223304590592,0.08435057914311649,0.08993590737827221,0.03560009550951034,0.670940830410257,0.05745409709461835,0.33160816871615034,0.33145113755521655,0.336940693728633,-91240.3966149774,88987.21556408454,190034.8452167523,8268.34278138829,67,0.027634059140619078,98720.2685311586
0.5739246070087913,0.5657519299821521,0.011912124493273769,0.020340120834932855,0.09701927122262884,0.06842283241178121,0.09347761722333602,0.022789227430326756,0.260272467777678,0.0298889966142195,0.18320521300560264,0.49028096463061077,0.3265138223637865,-64994.807962815285,143472.87828646274,119597.38920213003,10751.103848061872,68,0.026821921305674415,40708.36737362227
0.6284661483679769,0.43214866027699456,0.01882051010488011,0.02421863823790736,0.050272303343412345,0.0739456977853287,0.12058495140156407,0.01813468109478635,0.7075203286933186,0.033857193546379845,0.2521490746011451,0.5513109812096775,0.19653994418917742,-68029.45461006394,135205.52113918398,150130.0085677429,4878.996190717066,67,0.0466596905254731,54959.18487807068
0.6116153667009484,0.5007385808947734,0.04204585651713537,0.014601088090518853,0.08524391061435624,0.06899754892554204,0.08180795704792457,0.013423419755033106,0.5889645342258174,0.033281029395744545,0.21833275816656014,0.5210705765753443,0.26059666525809555,-52673.47971946853,92882.06252874923,163229.60193293917,11497.792064083487,68,0.027950194455766846,49277.1272250237
0.5547579227365387,0.4319597500920707,0.024242014637589026,0.027300618874779154,0.12477652625931229,0.030199028045216344,0.0824798948022769,0.0004800215212456105,0.7723907546950269,0.017312707140858124,0.1445830562077756,0.5128506099986347,0.3425663337935897,-52873.36195325721,87914.55703440795,153264.10095362924,10973.321883935858,72,0.03853893111881345,44306.430046473324
0.46594807856126835,0.6285059764414374,0.041087461188955746,0.019839179688855173,0.11216559098136256,0.01123287591451205,0.12870442932118856,0.023299713823990594,0.7741025701852453,0.0348666285688898,0.11057159486440928,0.6023852367126626,0.287043168422928,-77907.31032972064,110493.17513740227,168982.36704221077,8785.3744889812,68,0.02622042246176929,26458.799916407057
0.467393456461073,0.486162049381587,0.01134777765277371,0.013474015129379844,0.08740371998246868,0.02993514113365933,0.12202313575823184,0.012734272352810895,0.6960622773315513,0.06411046598403702,0.20687761163889942,0.41341420820769287,0.3797081801534077,-96093.44805732179,118018.78077742964,157242.29724560023,7409.040021566647,69,0.046294547245558024,22400.711534428327
0.6412149095152752,0.44968687031909504,0.01269747765020837,0.010516551283510402,0.08967439174072016,0.05442427872956605,0.09233932408773103,0.010702620621427123,0.7001559064509656,0.02473406436735182,0.18875439881697648,0.3597806571555479,0.4514649440274756,-77536.29762686645,113894.63223337624,132075.64761726285,15537.477892867388,67,0.02601927474019888,35274.5690463993
0.6218416254664024,0.5479907515589169,0.004715895120468882,0.014499645680001094,0.07691913538840409,0.011634017462791144,0.07044656922377342,0.01690026428941537,0.4243768963297205,0.014548935996003832,0.2593086193576226,0.42271316109466667,0.3179782195477107,-71339.3443893481,126252.50037595126,137007.52834713057,7913.794441727971,72,0.03826211743387016,37967.177656376036
0.5520763247299825,0.4716470608376427,0.013305332761725136,0.021359699133802958,0.09789249497854174,0.08906129160070546,0.10728635136441451,0.00823464530495785,0.4688128075587582,0.01863458406592116,0.19507109454436675,0.48600053382015956,0.31892837163547383,-51346.807543085466,116022.05274936129,138782.9570043951,10530.542937910326,69,0.023932536186987742,81332.39493794643
0.5313328091158025,0.4739870244020923,0.007465272463490128,0.018994765010097663,0.12311078127933886,0.0733792521979272,0.04357503743200276,0.03358236664385313,0.5711977869714554,0.07089590671431595,0.37949691226695886,0.32511704523265494,0.29538604250038614,-59748.9848243181,158189.19959207103,149123.52123270926,5174.6218761863365,69,0.04434205953817402,39271.35334249501
0.5558933877821064,0.44935608330522325,0.03151138887406411,0.008470542814122094,0.0868116989530362,0.08646586339043025,0.032992231493436525,0.019421779727498107,0.5913018334489063,0.01533641747400458,0.24681810826155848,0.47480501266276726,0.27837687907567416,-71678.24217917715,77784.18827197445,155888.143594105,14620.56671240986,68,0.03519368022949432,66424.44481295884
0.47561646909444955,0.6396525856869949,0.010257639475132228,0.007561673594145611,0.06127270508161766,0.054264809092673776,0.0756426545033507,0.008248710290949497,0.7405134739096222,0.023063471278494386,0.23259013034606643,0.3734165731181645,0.3939932965357691,-28105.86158511162,86128.54589020378,160707.74482258776,8993.367216898832,70,0.04729269681431204,48096.49425110841
0.3835338741994234,0.45518614114558553,0.0024373576602741754,0.024853420623917283,0.09540813129991672,0.06323358111963749,0.10864698909796461,0.018182576604311818,0.5634608418297099,0.03433902485062623,0.20192003012211243,0.6235705538168712,0.17450941606101644,-77865.21540367682,89828.36692024535,138682.34651308018,3987.7462214483803,68,0.029209026559165224,116676.20766765108
0.5805378219218055,0.3754331351880226,0.025232571706483478,0.005037873244441597,0.12362923679481812,0.050855789665451984,0.14625692425315742,0.010225474701312754,0.5583791408670948,0.035771502433822516,0.1629655630627729,0.4546467361325868,0.38238770080464024,-29108.122265774655,117935.54961523617,135502.613059934,17982.431213919233,72,0.028246366402668848,-1833.5495016704012
0.39627830087821714,0.3876425721986233,0.019937768497398523,0.01320788969320752,0.0953188895431583,0.03245971133601541,0.08143802458315373,0.04718743150592722,0.4971643018953023,0.022384991678905695,0.2388869294801449,0.5488175266378956,0.21229554388195943,-131439.6856391525,116418.92970322409,164151.45966661203,5114.167579315173,71,0.03483929491189274,103091.55470377453
