pnr_synth,age,civilstatus,track,benefit_gross_dkk,net_annual_cost_dkk,fp_responsive,res_years_left,years_to_folkepension,npv_saving_dkk
SYN42000000,28,samlevende,foertidspension,208000,128960,0,0,42,-10000
SYN42000001,25,samlevende,foertidspension,208000,128960,1,0,45,143540
SYN42000002,29,enlig,ressourceforloeb,145000,101500,1,1,41,23940
SYN42000003,28,enlig,foertidspension,245000,151900,1,0,42,206063
SYN42000004,19,samlevende,ressourceforloeb,110000,77000,0,3,51,-15654
SYN42000005,30,enlig,foertidspension,245000,151900,0,0,40,-10000
SYN42000006,28,samlevende,foertidspension,208000,128960,0,0,42,-10000
SYN42000007,28,enlig,ressourceforloeb,145000,101500,0,1,42,-85982
SYN42000008,20,enlig,ressourceforloeb,145000,101500,1,3,50,364654
SYN42000009,25,samlevende,foertidspension,208000,128960,0,0,45,-10000
SYN42000010,24,enlig,ressourceforloeb,145000,101500,1,1,46,385417
SYN42000011,30,enlig,foertidspension,245000,151900,1,0,40,282629
SYN42000012,27,samlevende,foertidspension,208000,128960,1,0,43,142641
SYN42000013,29,samlevende,foertidspension,208000,128960,0,0,41,-10000
SYN42000014,25,samlevende,ressourceforloeb,110000,77000,0,5,45,-43244
SYN42000015,22,enlig,foertidspension,245000,151900,0,0,48,-10000
SYN42000016,26,enlig,foertidspension,245000,151900,0,0,44,-10000
SYN42000017,19,samlevende,ressourceforloeb,110000,77000,0,4,51,346801
SYN42000018,29,enlig,ressourceforloeb,145000,101500,1,1,41,45183
SYN42000019,27,enlig,ressourceforloeb,145000,101500,0,5,43,191782
SYN42000020,28,enlig,ressourceforloeb,145000,101500,0,2,42,156494
SYN42000021,24,enlig,foertidspension,245000,151900,0,0,46,-10000
SYN42000022,30,samlevende,ressourceforloeb,110000,77000,1,5,40,93544
SYN42000023,30,samlevende,foertidspension,208000,128960,1,0,40,224403
SYN42000024,28,samlevende,ressourceforloeb,110000,77000,1,5,42,287605
SYN42000025,21,enlig,ressourceforloeb,145000,101500,1,1,49,230634
SYN42000026,25,enlig,ressourceforloeb,145000,101500,1,1,45,153632
SYN42000027,18,enlig,foertidspension,245000,151900,1,0,52,157900
SYN42000028,21,enlig,foertidspension,245000,151900,0,0,49,-10000
SYN42000029,27,enlig,ressourceforloeb,145000,101500,1,1,43,-21859
SYN42000030,28,enlig,foertidspension,245000,151900,1,0,42,159338
SYN42000031,30,enlig,ressourceforloeb,145000,101500,0,1,40,-212888
SYN42000032,23,samlevende,ressourceforloeb,110000,77000,1,5,47,198740
SYN42000033,24,samlevende,ressourceforloeb,110000,77000,1,1,46,225083
SYN42000034,25,enlig,foertidspension,245000,151900,1,0,45,95310
SYN42000035,21,enlig,foertidspension,245000,151900,0,0,49,-10000
SYN42000036,20,samlevende,foertidspension,208000,128960,1,0,50,246611
SYN42000037,25,samlevende,ressourceforloeb,110000,77000,1,4,45,108689
SYN42000038,22,samlevende,ressourceforloeb,110000,77000,0,4,48,-66583
SYN42000039,27,enlig,foertidspension,245000,151900,0,0,43,-10000
SYN42000040,25,samlevende,ressourceforloeb,110000,77000,0,3,45,69582
SYN42000041,29,enlig,foertidspension,245000,151900,0,0,41,-10000
SYN42000042,28,enlig,foertidspension,245000,151900,1,0,42,259108
SYN42000043,23,enlig,ressourceforloeb,145000,101500,1,5,47,316889
SYN42000044,29,enlig,foertidspension,245000,151900,0,0,41,-10000
SYN42000045,29,enlig,foertidspension,245000,151900,0,0,41,-10000
SYN42000046,24,enlig,ressourceforloeb,145000,101500,1,4,46,81659
SYN42000047,23,samlevende,foertidspension,208000,128960,0,0,47,-10000
SYN42000048,27,enlig,foertidspension,245000,151900,1,0,43,198942
SYN42000049,20,enlig,ressourceforloeb,145000,101500,0,5,50,145757
SYN42000050,21,enlig,foertidspension,245000,151900,0,0,49,-10000
SYN42000051,18,enlig,ressourceforloeb,145000,101500,1,5,52,490174
SYN42000052,28,enlig,foertidspension,245000,151900,0,0,42,-10000
SYN42000053,27,enlig,foertidspension,245000,151900,1,0,43,137453
SYN42000054,28,enlig,foertidspension,245000,151900,0,0,42,-10000
SYN42000055,28,samlevende,ressourceforloeb,110000,77000,1,1,42,152359
SYN42000056,25,samlevende,foertidspension,208000,128960,1,0,45,246888
SYN42000057,26,enlig,ressourceforloeb,145000,101500,1,5,44,111681
SYN42000058,20,samlevende,ressourceforloeb,110000,77000,0,2,50,36557
SYN42000059,20,samlevende,ressourceforloeb,110000,77000,1,1,50,510688
SYN42000060,27,samlevende,foertidspension,208000,128960,1,0,43,219285
SYN42000061,25,samlevende,ressourceforloeb,110000,77000,0,2,45,162013
SYN42000062,26,samlevende,ressourceforloeb,110000,77000,0,1,44,166013
SYN42000063,28,samlevende,foertidspension,208000,128960,1,0,42,207232
SYN42000064,27,samlevende,ressourceforloeb,110000,77000,0,2,43,118976
SYN42000065,26,enlig,ressourceforloeb,145000,101500,1,1,44,236331
SYN42000066,26,enlig,ressourceforloeb,145000,101500,1,2,44,448084
SYN42000067,23,enlig,ressourceforloeb,145000,101500,0,1,47,-75033
SYN42000068,18,enlig,foertidspension,245000,151900,1,0,52,265942
SYN42000069,25,enlig,ressourceforloeb,145000,101500,1,5,45,352202
SYN42000070,21,enlig,ressourceforloeb,145000,101500,0,2,49,223686
SYN42000071,24,samlevende,foertidspension,208000,128960,1,0,46,186700
SYN42000072,29,samlevende,foertidspension,208000,128960,0,0,41,-10000
SYN42000073,22,samlevende,foertidspension,208000,128960,0,0,48,-10000
SYN42000074,19,enlig,foertidspension,245000,151900,1,0,51,146166
SYN42000075,22,enlig,foertidspension,245000,151900,0,0,48,-10000
SYN42000076,23,samlevende,ressourceforloeb,110000,77000,1,4,47,269038
SYN42000077,27,samlevende,foertidspension,208000,128960,0,0,43,-10000
SYN42000078,26,samlevende,foertidspension,208000,128960,1,0,44,198967
SYN42000079,28,samlevende,ressourceforloeb,110000,77000,0,3,42,105293
SYN42000080,27,samlevende,ressourceforloeb,110000,77000,1,3,43,312999
SYN42000081,24,enlig,ressourceforloeb,145000,101500,1,3,46,309745
SYN42000082,29,enlig,foertidspension,245000,151900,1,0,41,185822
SYN42000083,21,enlig,foertidspension,245000,151900,1,0,49,260748
SYN42000084,18,samlevende,foertidspension,208000,128960,1,0,52,131600
SYN42000085,19,samlevende,ressourceforloeb,110000,77000,1,4,51,356085
SYN42000086,28,enlig,ressourceforloeb,145000,101500,1,5,42,191072
SYN42000087,25,samlevende,ressourceforloeb,110000,77000,1,5,45,281348
SYN42000088,21,enlig,foertidspension,245000,151900,1,0,49,129865
SYN42000089,25,enlig,foertidspension,245000,151900,1,0,45,246824
SYN42000090,20,enlig,foertidspension,245000,151900,0,0,50,-10000
SYN42000091,28,enlig,foertidspension,245000,151900,1,0,42,154972
SYN42000092,25,samlevende,foertidspension,208000,128960,1,0,45,91814
SYN42000093,24,enlig,foertidspension,245000,151900,0,0,46,-10000
SYN42000094,23,samlevende,ressourceforloeb,110000,77000,0,3,47,126814
SYN42000095,27,samlevende,ressourceforloeb,110000,77000,1,1,43,6241
SYN42000096,24,enlig,ressourceforloeb,145000,101500,0,2,46,73072
SYN42000097,19,enlig,ressourceforloeb,145000,101500,0,2,51,201542
SYN42000098,20,samlevende,ressourceforloeb,110000,77000,0,3,50,-40489
SYN42000099,30,enlig,ressourceforloeb,145000,101500,0,3,40,142210
SYN42000100,30,samlevende,foertidspension,208000,128960,1,0,40,63654
SYN42000101,28,enlig,ressourceforloeb,145000,101500,1,3,42,301638
SYN42000102,22,samlevende,foertidspension,208000,128960,1,0,48,288765
SYN42000103,30,samlevende,foertidspension,208000,128960,1,0,40,290957
SYN42000104,28,enlig,foertidspension,245000,151900,1,0,42,124146
SYN42000105,28,enlig,foertidspension,245000,151900,0,0,42,-10000
SYN42000106,25,samlevende,ressourceforloeb,110000,77000,1,4,45,265792
SYN42000107,22,enlig,foertidspension,245000,151900,0,0,48,-10000
SYN42000108,19,enlig,ressourceforloeb,145000,101500,0,2,51,60537
SYN42000109,30,enlig,foertidspension,245000,151900,1,0,40,136125
SYN42000110,25,enlig,ressourceforloeb,145000,101500,1,2,45,498878
SYN42000111,21,samlevende,ressourceforloeb,110000,77000,0,1,49,56094
SYN42000112,23,samlevende,foertidspension,208000,128960,1,0,47,207109
SYN42000113,26,enlig,foertidspension,245000,151900,1,0,44,397908
SYN42000114,21,samlevende,ressourceforloeb,110000,77000,0,4,49,187491
SYN42000115,29,enlig,foertidspension,245000,151900,0,0,41,-10000
SYN42000116,28,enlig,ressourceforloeb,145000,101500,0,2,42,-143264
SYN42000117,28,samlevende,foertidspension,208000,128960,1,0,42,117914
SYN42000118,25,samlevende,ressourceforloeb,110000,77000,0,1,45,130866
SYN42000119,27,enlig,ressourceforloeb,145000,101500,1,5,43,340287
SYN42000120,26,enlig,ressourceforloeb,145000,101500,0,4,44,449012
SYN42000121,27,enlig,ressourceforloeb,145000,101500,1,4,43,441834
SYN42000122,19,samlevende,ressourceforloeb,110000,77000,1,5,51,226441
SYN42000123,24,enlig,ressourceforloeb,145000,101500,1,3,46,494273
SYN42000124,18,enlig,ressourceforloeb,145000,101500,0,2,52,126336
SYN42000125,25,samlevende,ressourceforloeb,110000,77000,1,1,45,26195
SYN42000126,23,enlig,foertidspension,245000,151900,1,0,47,236609
SYN42000127,20,enlig,ressourceforloeb,145000,101500,0,3,50,428774
SYN42000128,20,enlig,foertidspension,245000,151900,0,0,50,-10000
SYN42000129,26,enlig,foertidspension,245000,151900,0,0,44,-10000
SYN42000130,21,enlig,ressourceforloeb,145000,101500,0,5,49,108589
SYN42000131,30,samlevende,foertidspension,208000,128960,0,0,40,-10000
SYN42000132,26,samlevende,ressourceforloeb,110000,77000,0,2,44,46638
SYN42000133,23,samlevende,ressourceforloeb,110000,77000,0,3,47,125215
SYN42000134,26,samlevende,foertidspension,208000,128960,1,0,44,53116
SYN42000135,18,enlig,foertidspension,245000,151900,0,0,52,-10000
SYN42000136,30,enlig,foertidspension,245000,151900,0,0,40,-10000
SYN42000137,25,samlevende,ressourceforloeb,110000,77000,1,2,45,248597
SYN42000138,28,enlig,foertidspension,245000,151900,0,0,42,-10000
SYN42000139,19,samlevende,ressourceforloeb,110000,77000,0,1,51,-20164
SYN42000140,25,samlevende,ressourceforloeb,110000,77000,0,2,45,173656
SYN42000141,25,enlig,ressourceforloeb,145000,101500,0,5,45,436613
SYN42000142,30,enlig,foertidspension,245000,151900,1,0,40,183934
SYN42000143,26,enlig,ressourceforloeb,145000,101500,0,1,44,-218834
SYN42000144,25,enlig,foertidspension,245000,151900,0,0,45,-10000
SYN42000145,22,enlig,foertidspension,245000,151900,1,0,48,220645
SYN42000146,23,enlig,foertidspension,245000,151900,1,0,47,171335
SYN42000147,26,samlevende,foertidspension,208000,128960,0,0,44,-10000
SYN42000148,25,samlevende,foertidspension,208000,128960,0,0,45,-10000
SYN42000149,18,samlevende,ressourceforloeb,110000,77000,1,5,52,408313
SYN42000150,29,enlig,ressourceforloeb,145000,101500,1,1,41,-97584
SYN42000151,30,enlig,foertidspension,245000,151900,1,0,40,32938
SYN42000152,20,enlig,ressourceforloeb,145000,101500,0,4,50,-53022
SYN42000153,26,enlig,ressourceforloeb,145000,101500,0,4,44,89178
SYN42000154,20,samlevende,ressourceforloeb,110000,77000,0,4,50,256366
SYN42000155,27,enlig,ressourceforloeb,145000,101500,1,2,43,142205
SYN42000156,22,enlig,ressourceforloeb,145000,101500,1,5,48,310837
SYN42000157,27,samlevende,ressourceforloeb,110000,77000,0,1,43,-63628
SYN42000158,28,enlig,foertidspension,245000,151900,1,0,42,183851
SYN42000159,28,enlig,ressourceforloeb,145000,101500,0,5,42,-23082
SYN42000160,20,enlig,foertidspension,245000,151900,1,0,50,198384
SYN42000161,30,samlevende,foertidspension,208000,128960,1,0,40,107236
SYN42000162,22,samlevende,ressourceforloeb,110000,77000,1,1,48,338676
SYN42000163,18,enlig,foertidspension,245000,151900,0,0,52,-10000
SYN42000164,26,samlevende,foertidspension,208000,128960,1,0,44,312603
SYN42000165,24,samlevende,foertidspension,208000,128960,0,0,46,-10000
SYN42000166,29,samlevende,ressourceforloeb,110000,77000,1,4,41,139721
SYN42000167,29,enlig,ressourceforloeb,145000,101500,0,1,41,36351
SYN42000168,23,enlig,ressourceforloeb,145000,101500,1,5,47,338739
SYN42000169,30,samlevende,foertidspension,208000,128960,0,0,40,-10000
SYN42000170,23,enlig,foertidspension,245000,151900,0,0,47,-10000
SYN42000171,26,samlevende,foertidspension,208000,128960,0,0,44,-10000
SYN42000172,22,samlevende,foertidspension,208000,128960,0,0,48,-10000
SYN42000173,30,enlig,foertidspension,245000,151900,0,0,40,-10000
SYN42000174,21,samlevende,foertidspension,208000,128960,1,0,49,243651
SYN42000175,18,samlevende,ressourceforloeb,110000,77000,0,2,52,183275
SYN42000176,25,samlevende,foertidspension,208000,128960,0,0,45,-10000
SYN42000177,30,enlig,ressourceforloeb,145000,101500,0,2,40,236060
SYN42000178,29,samlevende,ressourceforloeb,110000,77000,0,1,41,-29701
SYN42000179,28,enlig,foertidspension,245000,151900,1,0,42,171884
SYN42000180,29,samlevende,foertidspension,208000,128960,1,0,41,171327
SYN42000181,30,samlevende,ressourceforloeb,110000,77000,0,1,40,293605
SYN42000182,26,samlevende,ressourceforloeb,110000,77000,1,1,44,70342
SYN42000183,23,enlig,ressourceforloeb,145000,101500,1,1,47,-167892
SYN42000184,28,enlig,ressourceforloeb,145000,101500,1,1,42,39268
SYN42000185,27,enlig,ressourceforloeb,145000,101500,0,4,43,54907
SYN42000186,24,enlig,foertidspension,245000,151900,0,0,46,-10000
SYN42000187,19,enlig,foertidspension,245000,151900,1,0,51,112195
SYN42000188,28,samlevende,ressourceforloeb,110000,77000,1,1,42,56381
SYN42000189,22,enlig,ressourceforloeb,145000,101500,1,5,48,258160
SYN42000190,30,samlevende,ressourceforloeb,110000,77000,1,4,40,354300
SYN42000191,22,samlevende,ressourceforloeb,110000,77000,0,2,48,254851
SYN42000192,20,enlig,foertidspension,245000,151900,1,0,50,148624
SYN42000193,29,samlevende,foertidspension,208000,128960,1,0,41,136398
SYN42000194,20,samlevende,foertidspension,208000,128960,0,0,50,-10000
SYN42000195,21,enlig,ressourceforloeb,145000,101500,1,3,49,490600
SYN42000196,26,enlig,foertidspension,245000,151900,0,0,44,-10000
SYN42000197,29,samlevende,ressourceforloeb,110000,77000,1,4,41,106518
SYN42000198,21,samlevende,ressourceforloeb,110000,77000,1,2,49,384702
SYN42000199,23,samlevende,foertidspension,208000,128960,1,0,47,349265
SYN42000200,28,samlevende,foertidspension,208000,128960,1,0,42,98817
SYN42000201,30,samlevende,foertidspension,208000,128960,0,0,40,-10000
SYN42000202,25,enlig,foertidspension,245000,151900,0,0,45,-10000
SYN42000203,20,samlevende,foertidspension,208000,128960,0,0,50,-10000
SYN42000204,18,enlig,foertidspension,245000,151900,0,0,52,-10000
SYN42000205,22,samlevende,ressourceforloeb,110000,77000,0,5,48,345895
SYN42000206,20,enlig,ressourceforloeb,145000,101500,0,2,50,69965
SYN42000207,27,enlig,ressourceforloeb,145000,101500,0,5,43,341073
SYN42000208,20,samlevende,ressourceforloeb,110000,77000,0,4,50,105741
SYN42000209,25,enlig,ressourceforloeb,145000,101500,0,3,45,-24278
SYN42000210,28,samlevende,ressourceforloeb,110000,77000,1,5,42,422683
SYN42000211,26,enlig,foertidspension,245000,151900,0,0,44,-10000
SYN42000212,21,samlevende,foertidspension,208000,128960,1,0,49,194751
SYN42000213,29,samlevende,foertidspension,208000,128960,1,0,41,112089
SYN42000214,28,enlig,ressourceforloeb,145000,101500,1,1,42,272089
SYN42000215,28,samlevende,foertidspension,208000,128960,0,0,42,-10000
SYN42000216,20,enlig,ressourceforloeb,145000,101500,0,1,50,14445
SYN42000217,20,samlevende,ressourceforloeb,110000,77000,1,2,50,410361
SYN42000218,30,samlevende,ressourceforloeb,110000,77000,1,5,40,13718
SYN42000219,24,samlevende,ressourceforloeb,110000,77000,0,4,46,395579
SYN42000220,23,enlig,ressourceforloeb,145000,101500,0,4,47,179306
SYN42000221,25,enlig,foertidspension,245000,151900,1,0,45,134787
SYN42000222,27,samlevende,foertidspension,208000,128960,0,0,43,-10000
SYN42000223,30,samlevende,foertidspension,208000,128960,1,0,40,210795
SYN42000224,23,enlig,ressourceforloeb,145000,101500,0,3,47,55605
SYN42000225,30,enlig,foertidspension,245000,151900,0,0,40,-10000
SYN42000226,18,enlig,foertidspension,245000,151900,1,0,52,184987
SYN42000227,26,samlevende,ressourceforloeb,110000,77000,0,5,44,4411
SYN42000228,27,enlig,foertidspension,245000,151900,1,0,43,197364
SYN42000229,20,enlig,ressourceforloeb,145000,101500,0,3,50,111801
SYN42000230,20,samlevende,ressourceforloeb,110000,77000,0,1,50,177770
SYN42000231,24,enlig,ressourceforloeb,145000,101500,1,4,46,277176
SYN42000232,30,samlevende,foertidspension,208000,128960,0,0,40,-10000
SYN42000233,26,enlig,ressourceforloeb,145000,101500,0,2,44,-176456
SYN42000234,30,samlevende,ressourceforloeb,110000,77000,1,4,40,374032
SYN42000235,29,samlevende,ressourceforloeb,110000,77000,1,1,41,61609
SYN42000236,25,samlevende,foertidspension,208000,128960,1,0,45,225531
SYN42000237,28,enlig,ressourceforloeb,145000,101500,0,5,42,201247
SYN42000238,18,enlig,ressourceforloeb,145000,101500,0,3,52,-145562
SYN42000239,20,samlevende,ressourceforloeb,110000,77000,1,1,50,106123
SYN42000240,29,enlig,foertidspension,245000,151900,0,0,41,-10000
SYN42000241,29,enlig,foertidspension,245000,151900,0,0,41,-10000
SYN42000242,22,enlig,foertidspension,245000,151900,1,0,48,201081
SYN42000243,26,samlevende,ressourceforloeb,110000,77000,0,2,44,131090
SYN42000244,27,samlevende,ressourceforloeb,110000,77000,0,1,43,256778
SYN42000245,29,samlevende,foertidspension,208000,128960,0,0,41,-10000
SYN42000246,27,samlevende,ressourceforloeb,110000,77000,0,1,43,70546
SYN42000247,24,enlig,foertidspension,245000,151900,1,0,46,284288
SYN42000248,24,enlig,foertidspension,245000,151900,1,0,46,172013
SYN42000249,24,enlig,ressourceforloeb,145000,101500,0,1,46,-51548
SYN42000250,27,samlevende,foertidspension,208000,128960,0,0,43,-10000
SYN42000251,29,enlig,foertidspension,245000,151900,1,0,41,199846
SYN42000252,25,samlevende,ressourceforloeb,110000,77000,0,3,45,-45290
SYN42000253,22,samlevende,ressourceforloeb,110000,77000,1,2,48,168164
SYN42000254,22,enlig,ressourceforloeb,145000,101500,1,5,48,432750
SYN42000255,28,samlevende,foertidspension,208000,128960,1,0,42,81583
SYN42000256,29,enlig,ressourceforloeb,145000,101500,0,5,41,161830
SYN42000257,20,samlevende,ressourceforloeb,110000,77000,1,3,50,453071
SYN42000258,19,samlevende,foertidspension,208000,128960,0,0,51,-10000
SYN42000259,26,samlevende,ressourceforloeb,110000,77000,1,1,44,-19469
SYN42000260,20,enlig,ressourceforloeb,145000,101500,1,1,50,415757
SYN42000261,29,enlig,foertidspension,245000,151900,1,0,41,147529
SYN42000262,23,enlig,ressourceforloeb,145000,101500,1,2,47,285061
SYN42000263,20,enlig,ressourceforloeb,145000,101500,1,4,50,62897
SYN42000264,30,enlig,ressourceforloeb,145000,101500,0,2,40,107548
SYN42000265,21,enlig,ressourceforloeb,145000,101500,0,4,49,-5513
SYN42000266,23,samlevende,ressourceforloeb,110000,77000,1,2,47,276814
SYN42000267,20,enlig,foertidspension,245000,151900,1,0,50,211568
SYN42000268,20,enlig,foertidspension,245000,151900,0,0,50,-10000
SYN42000269,18,samlevende,ressourceforloeb,110000,77000,1,2,52,161709
SYN42000270,19,samlevende,foertidspension,208000,128960,1,0,51,178453
SYN42000271,21,samlevende,foertidspension,208000,128960,0,0,49,-10000
SYN42000272,19,samlevende,foertidspension,208000,128960,0,0,51,-10000
SYN42000273,26,samlevende,foertidspension,208000,128960,0,0,44,-10000
SYN42000274,27,samlevende,foertidspension,208000,128960,0,0,43,-10000
SYN42000275,24,enlig,foertidspension,245000,151900,0,0,46,-10000
SYN42000276,23,samlevende,ressourceforloeb,110000,77000,0,5,47,158921
SYN42000277,25,enlig,foertidspension,245000,151900,0,0,45,-10000
SYN42000278,29,enlig,ressourceforloeb,145000,101500,0,1,41,-110753
SYN42000279,29,enlig,ressourceforloeb,145000,101500,1,3,41,435592
SYN42000280,18,enlig,foertidspension,245000,151900,0,0,52,-10000
SYN42000281,21,samlevende,ressourceforloeb,110000,77000,1,1,49,-32879
SYN42000282,22,enlig,ressourceforloeb,145000,101500,1,4,48,374300
SYN42000283,22,enlig,ressourceforloeb,145000,101500,1,1,48,187874
SYN42000284,26,enlig,ressourceforloeb,145000,101500,1,4,44,209194
SYN42000285,24,samlevende,foertidspension,208000,128960,1,0,46,150942
SYN42000286,19,enlig,foertidspension,245000,151900,0,0,51,-10000
SYN42000287,24,samlevende,ressourceforloeb,110000,77000,1,4,46,190504
SYN42000288,26,samlevende,ressourceforloeb,110000,77000,0,2,44,106530
SYN42000289,20,enlig,ressourceforloeb,145000,101500,1,4,50,251271
SYN42000290,29,samlevende,ressourceforloeb,110000,77000,1,4,41,266249
SYN42000291,19,enlig,foertidspension,245000,151900,0,0,51,-10000
SYN42000292,30,enlig,foertidspension,245000,151900,0,0,40,-10000
SYN42000293,20,samlevende,ressourceforloeb,110000,77000,1,4,50,294805
SYN42000294,29,samlevende,ressourceforloeb,110000,77000,0,4,41,304171
SYN42000295,30,enlig,foertidspension,245000,151900,0,0,40,-10000
SYN42000296,30,samlevende,foertidspension,208000,128960,0,0,40,-10000
SYN42000297,29,enlig,ressourceforloeb,145000,101500,1,5,41,391932
SYN42000298,28,samlevende,ressourceforloeb,110000,77000,1,5,42,239379
SYN42000299,27,samlevende,ressourceforloeb,110000,77000,1,4,43,209607
SYN42000300,28,samlevende,foertidspension,208000,128960,0,0,42,-10000
SYN42000301,20,samlevende,ressourceforloeb,110000,77000,0,5,50,287267
SYN42000302,26,enlig,ressourceforloeb,145000,101500,0,2,44,-25238
SYN42000303,26,samlevende,foertidspension,208000,128960,1,0,44,225851
SYN42000304,29,samlevende,foertidspension,208000,128960,1,0,41,221138
SYN42000305,25,samlevende,ressourceforloeb,110000,77000,1,2,45,88344
SYN42000306,24,enlig,ressourceforloeb,145000,101500,0,5,46,119411
SYN42000307,27,enlig,ressourceforloeb,145000,101500,1,2,43,-73143
SYN42000308,22,enlig,foertidspension,245000,151900,0,0,48,-10000
SYN42000309,20,enlig,ressourceforloeb,145000,101500,1,3,50,227115
SYN42000310,25,enlig,foertidspension,245000,151900,1,0,45,256775
SYN42000311,24,enlig,foertidspension,245000,151900,1,0,46,223193
SYN42000312,22,samlevende,foertidspension,208000,128960,1,0,48,102378
SYN42000313,24,enlig,foertidspension,245000,151900,1,0,46,318187
SYN42000314,24,samlevende,ressourceforloeb,110000,77000,0,3,46,129115
SYN42000315,23,enlig,ressourceforloeb,145000,101500,0,1,47,167413
SYN42000316,24,samlevende,foertidspension,208000,128960,0,0,46,-10000
SYN42000317,27,enlig,ressourceforloeb,145000,101500,1,1,43,84778
SYN42000318,23,enlig,ressourceforloeb,145000,101500,1,2,47,489523
SYN42000319,30,samlevende,ressourceforloeb,110000,77000,1,5,40,263753
SYN42000320,30,samlevende,ressourceforloeb,110000,77000,1,1,40,386179
SYN42000321,25,enlig,ressourceforloeb,145000,101500,0,4,45,299033
SYN42000322,23,enlig,foertidspension,245000,151900,1,0,47,145969
SYN42000323,26,samlevende,foertidspension,208000,128960,1,0,44,205242
SYN42000324,29,samlevende,foertidspension,208000,128960,0,0,41,-10000
SYN42000325,27,enlig,foertidspension,245000,151900,0,0,43,-10000
SYN42000326,29,enlig,ressourceforloeb,145000,101500,0,1,41,137296
SYN42000327,26,enlig,foertidspension,245000,151900,0,0,44,-10000
SYN42000328,27,samlevende,foertidspension,208000,128960,1,0,43,36397
SYN42000329,23,enlig,ressourceforloeb,145000,101500,1,5,47,358020
SYN42000330,28,enlig,foertidspension,245000,151900,1,0,42,334593
SYN42000331,21,samlevende,ressourceforloeb,110000,77000,0,4,49,185265
SYN42000332,28,enlig,ressourceforloeb,145000,101500,1,4,42,262781
SYN42000333,29,enlig,ressourceforloeb,145000,101500,1,4,41,251911
SYN42000334,20,enlig,ressourceforloeb,145000,101500,0,4,50,-147131
SYN42000335,27,enlig,ressourceforloeb,145000,101500,1,3,43,99681
SYN42000336,19,enlig,foertidspension,245000,151900,0,0,51,-10000
SYN42000337,28,enlig,foertidspension,245000,151900,0,0,42,-10000
SYN42000338,19,samlevende,ressourceforloeb,110000,77000,0,1,51,-151740
SYN42000339,30,samlevende,foertidspension,208000,128960,0,0,40,-10000
SYN42000340,20,enlig,ressourceforloeb,145000,101500,1,4,50,260166
SYN42000341,30,samlevende,foertidspension,208000,128960,0,0,40,-10000
SYN42000342,29,enlig,ressourceforloeb,145000,101500,0,2,41,382475
SYN42000343,26,samlevende,ressourceforloeb,110000,77000,0,3,44,204872
SYN42000344,28,enlig,foertidspension,245000,151900,0,0,42,-10000
SYN42000345,29,samlevende,foertidspension,208000,128960,0,0,41,-10000
SYN42000346,30,enlig,foertidspension,245000,151900,0,0,40,-10000
SYN42000347,22,samlevende,foertidspension,208000,128960,1,0,48,167482
SYN42000348,26,enlig,foertidspension,245000,151900,0,0,44,-10000
SYN42000349,19,samlevende,ressourceforloeb,110000,77000,1,3,51,214715
SYN42000350,27,enlig,ressourceforloeb,145000,101500,0,2,43,102296
SYN42000351,21,samlevende,ressourceforloeb,110000,77000,1,5,49,486857
SYN42000352,26,enlig,ressourceforloeb,145000,101500,1,3,44,240234
SYN42000353,26,samlevende,ressourceforloeb,110000,77000,0,4,44,367405
SYN42000354,25,samlevende,ressourceforloeb,110000,77000,0,3,45,167310
SYN42000355,26,samlevende,ressourceforloeb,110000,77000,1,2,44,442393
SYN42000356,28,enlig,foertidspension,245000,151900,1,0,42,179890
SYN42000357,29,enlig,ressourceforloeb,145000,101500,1,2,41,306501
SYN42000358,25,enlig,foertidspension,245000,151900,0,0,45,-10000
SYN42000359,26,enlig,foertidspension,245000,151900,0,0,44,-10000
SYN42000360,30,samlevende,ressourceforloeb,110000,77000,1,1,40,281646
SYN42000361,20,samlevende,ressourceforloeb,110000,77000,1,1,50,52248
SYN42000362,20,samlevende,foertidspension,208000,128960,0,0,50,-10000
SYN42000363,19,enlig,foertidspension,245000,151900,1,0,51,245554
SYN42000364,27,samlevende,ressourceforloeb,110000,77000,1,2,43,209800
SYN42000365,24,samlevende,ressourceforloeb,110000,77000,0,5,46,-27358
SYN42000366,28,samlevende,foertidspension,208000,128960,0,0,42,-10000
SYN42000367,27,enlig,foertidspension,245000,151900,0,0,43,-10000
SYN42000368,23,enlig,ressourceforloeb,145000,101500,0,4,47,183636
SYN42000369,30,samlevende,ressourceforloeb,110000,77000,1,1,40,143064
SYN42000370,28,enlig,foertidspension,245000,151900,0,0,42,-10000
SYN42000371,22,enlig,ressourceforloeb,145000,101500,0,4,48,90831
SYN42000372,24,samlevende,foertidspension,208000,128960,1,0,46,114704
SYN42000373,23,samlevende,ressourceforloeb,110000,77000,1,4,47,117990
SYN42000374,21,samlevende,foertidspension,208000,128960,1,0,49,57748
SYN42000375,20,samlevende,ressourceforloeb,110000,77000,1,2,50,457543
SYN42000376,30,enlig,ressourceforloeb,145000,101500,0,4,40,212065
SYN42000377,25,enlig,foertidspension,245000,151900,1,0,45,119310
SYN42000378,24,enlig,ressourceforloeb,145000,101500,0,4,46,176971
SYN42000379,28,samlevende,foertidspension,208000,128960,0,0,42,-10000
SYN42000380,26,enlig,ressourceforloeb,145000,101500,0,1,44,140415
SYN42000381,30,samlevende,foertidspension,208000,128960,1,0,40,209636
SYN42000382,28,enlig,foertidspension,245000,151900,1,0,42,169374
SYN42000383,25,samlevende,foertidspension,208000,128960,0,0,45,-10000
SYN42000384,24,enlig,ressourceforloeb,145000,101500,1,5,46,195727
SYN42000385,30,enlig,foertidspension,245000,151900,1,0,40,327398
SYN42000386,28,enlig,foertidspension,245000,151900,0,0,42,-10000
SYN42000387,30,enlig,foertidspension,245000,151900,1,0,40,107493
SYN42000388,20,samlevende,ressourceforloeb,110000,77000,0,4,50,48847
SYN42000389,29,enlig,ressourceforloeb,145000,101500,1,1,41,227406
SYN42000390,27,enlig,ressourceforloeb,145000,101500,0,1,43,272469
SYN42000391,20,samlevende,foertidspension,208000,128960,0,0,50,-10000
SYN42000392,26,samlevende,foertidspension,208000,128960,0,0,44,-10000
SYN42000393,27,enlig,ressourceforloeb,145000,101500,0,4,43,461902
SYN42000394,18,enlig,foertidspension,245000,151900,1,0,52,114770
SYN42000395,25,enlig,foertidspension,245000,151900,1,0,45,155706
SYN42000396,29,samlevende,ressourceforloeb,110000,77000,0,5,41,163647
SYN42000397,23,enlig,ressourceforloeb,145000,101500,1,3,47,89988
SYN42000398,25,enlig,foertidspension,245000,151900,1,0,45,49697
SYN42000399,25,enlig,foertidspension,245000,151900,1,0,45,287543
SYN42000400,23,samlevende,ressourceforloeb,110000,77000,1,1,47,288991
SYN42000401,30,enlig,foertidspension,245000,151900,0,0,40,-10000
SYN42000402,28,samlevende,foertidspension,208000,128960,0,0,42,-10000
SYN42000403,20,enlig,foertidspension,245000,151900,1,0,50,240160
SYN42000404,30,samlevende,foertidspension,208000,128960,1,0,40,164138
SYN42000405,29,enlig,foertidspension,245000,151900,1,0,41,146314
SYN42000406,23,enlig,foertidspension,245000,151900,1,0,47,330110
SYN42000407,29,enlig,ressourceforloeb,145000,101500,0,1,41,-69700
SYN42000408,20,samlevende,foertidspension,208000,128960,1,0,50,216364
SYN42000409,30,samlevende,ressourceforloeb,110000,77000,0,1,40,-137423
SYN42000410,27,enlig,foertidspension,245000,151900,0,0,43,-10000
SYN42000411,27,enlig,ressourceforloeb,145000,101500,1,4,43,45345
SYN42000412,19,samlevende,foertidspension,208000,128960,0,0,51,-10000
SYN42000413,30,enlig,ressourceforloeb,145000,101500,1,2,40,253830
SYN42000414,18,enlig,ressourceforloeb,145000,101500,0,1,52,26823
SYN42000415,22,enlig,ressourceforloeb,145000,101500,1,2,48,418275
SYN42000416,20,samlevende,foertidspension,208000,128960,1,0,50,178853
SYN42000417,28,samlevende,foertidspension,208000,128960,1,0,42,199402
SYN42000418,21,samlevende,ressourceforloeb,110000,77000,1,1,49,166794
SYN42000419,30,samlevende,foertidspension,208000,128960,0,0,40,-10000
SYN42000420,27,enlig,foertidspension,245000,151900,0,0,43,-10000
SYN42000421,18,enlig,ressourceforloeb,145000,101500,0,1,52,-83261
SYN42000422,18,enlig,foertidspension,245000,151900,0,0,52,-10000
SYN42000423,19,enlig,ressourceforloeb,145000,101500,1,4,51,497260
SYN42000424,27,enlig,ressourceforloeb,145000,101500,1,2,43,312558
SYN42000425,29,enlig,foertidspension,245000,151900,0,0,41,-10000
SYN42000426,22,enlig,ressourceforloeb,145000,101500,0,4,48,171030
SYN42000427,29,samlevende,foertidspension,208000,128960,1,0,41,169973
SYN42000428,19,enlig,foertidspension,245000,151900,1,0,51,293419
SYN42000429,29,enlig,foertidspension,245000,151900,0,0,41,-10000
SYN42000430,30,samlevende,foertidspension,208000,128960,1,0,40,120614
SYN42000431,28,samlevende,foertidspension,208000,128960,1,0,42,131848
SYN42000432,28,samlevende,foertidspension,208000,128960,1,0,42,247484
SYN42000433,29,samlevende,ressourceforloeb,110000,77000,0,3,41,129153
SYN42000434,18,samlevende,ressourceforloeb,110000,77000,1,2,52,376599
SYN42000435,21,enlig,foertidspension,245000,151900,0,0,49,-10000
SYN42000436,20,enlig,ressourceforloeb,145000,101500,0,2,50,343304
SYN42000437,25,samlevende,ressourceforloeb,110000,77000,1,1,45,53611
SYN42000438,28,enlig,ressourceforloeb,145000,101500,1,3,42,200223
SYN42000439,27,enlig,foertidspension,245000,151900,0,0,43,-10000
SYN42000440,29,enlig,ressourceforloeb,145000,101500,1,3,41,144612
SYN42000441,21,enlig,ressourceforloeb,145000,101500,0,3,49,135156
SYN42000442,28,enlig,ressourceforloeb,145000,101500,1,5,42,46762
SYN42000443,21,enlig,ressourceforloeb,145000,101500,1,2,49,437313
SYN42000444,22,samlevende,foertidspension,208000,128960,1,0,48,293981
SYN42000445,28,samlevende,ressourceforloeb,110000,77000,1,3,42,161327
SYN42000446,30,enlig,foertidspension,245000,151900,1,0,40,242734
SYN42000447,27,samlevende,foertidspension,208000,128960,1,0,43,137881
SYN42000448,19,enlig,ressourceforloeb,145000,101500,1,3,51,343023
SYN42000449,27,samlevende,foertidspension,208000,128960,1,0,43,60733
SYN42000450,18,samlevende,foertidspension,208000,128960,0,0,52,-10000
SYN42000451,29,enlig,foertidspension,245000,151900,1,0,41,185670
SYN42000452,28,samlevende,ressourceforloeb,110000,77000,0,5,42,165811
SYN42000453,21,samlevende,ressourceforloeb,110000,77000,1,3,49,400143
SYN42000454,19,samlevende,foertidspension,208000,128960,0,0,51,-10000
SYN42000455,21,samlevende,foertidspension,208000,128960,0,0,49,-10000
SYN42000456,30,samlevende,foertidspension,208000,128960,1,0,40,159758
SYN42000457,25,enlig,foertidspension,245000,151900,0,0,45,-10000
SYN42000458,28,samlevende,ressourceforloeb,110000,77000,0,3,42,-89653
SYN42000459,27,samlevende,foertidspension,208000,128960,1,0,43,123099
SYN42000460,26,samlevende,ressourceforloeb,110000,77000,0,3,44,149190
SYN42000461,20,enlig,foertidspension,245000,151900,0,0,50,-10000
SYN42000462,30,samlevende,ressourceforloeb,110000,77000,1,5,40,252069
SYN42000463,23,enlig,ressourceforloeb,145000,101500,0,3,47,169298
SYN42000464,26,samlevende,foertidspension,208000,128960,0,0,44,-10000
SYN42000465,28,enlig,foertidspension,245000,151900,0,0,42,-10000
SYN42000466,27,samlevende,foertidspension,208000,128960,0,0,43,-10000
SYN42000467,30,samlevende,ressourceforloeb,110000,77000,0,2,40,211729
SYN42000468,20,enlig,ressourceforloeb,145000,101500,0,3,50,328440
SYN42000469,25,enlig,foertidspension,245000,151900,1,0,45,175618
SYN42000470,24,enlig,ressourceforloeb,145000,101500,1,1,46,173340
SYN42000471,25,samlevende,ressourceforloeb,110000,77000,0,1,45,237002
SYN42000472,20,samlevende,foertidspension,208000,128960,0,0,50,-10000
SYN42000473,20,enlig,ressourceforloeb,145000,101500,1,3,50,417781
SYN42000474,22,enlig,foertidspension,245000,151900,1,0,48,151228
SYN42000475,23,enlig,ressourceforloeb,145000,101500,0,4,47,392806
SYN42000476,24,enlig,foertidspension,245000,151900,1,0,46,140395
SYN42000477,27,samlevende,foertidspension,208000,128960,0,0,43,-10000
SYN42000478,27,samlevende,foertidspension,208000,128960,1,0,43,123794
SYN42000479,24,enlig,foertidspension,245000,151900,1,0,46,240578
SYN42000480,24,samlevende,ressourceforloeb,110000,77000,1,5,46,326717
SYN42000481,22,enlig,foertidspension,245000,151900,0,0,48,-10000
SYN42000482,26,samlevende,foertidspension,208000,128960,0,0,44,-10000
SYN42000483,23,enlig,foertidspension,245000,151900,0,0,47,-10000
SYN42000484,18,samlevende,foertidspension,208000,128960,0,0,52,-10000
SYN42000485,24,samlevende,foertidspension,208000,128960,0,0,46,-10000
SYN42000486,25,enlig,foertidspension,245000,151900,1,0,45,111781
SYN42000487,22,samlevende,foertidspension,208000,128960,0,0,48,-10000
SYN42000488,26,samlevende,ressourceforloeb,110000,77000,1,1,44,36406
SYN42000489,26,enlig,ressourceforloeb,145000,101500,0,1,44,-83627
SYN42000490,28,enlig,foertidspension,245000,151900,0,0,42,-10000
SYN42000491,27,samlevende,ressourceforloeb,110000,77000,1,1,43,416090
SYN42000492,27,enlig,foertidspension,245000,151900,1,0,43,232867
SYN42000493,23,enlig,foertidspension,245000,151900,0,0,47,-10000
SYN42000494,28,enlig,ressourceforloeb,145000,101500,1,4,42,-28393
SYN42000495,26,samlevende,foertidspension,208000,128960,0,0,44,-10000
SYN42000496,25,enlig,foertidspension,245000,151900,0,0,45,-10000
SYN42000497,27,enlig,foertidspension,245000,151900,1,0,43,181900
SYN42000498,24,samlevende,ressourceforloeb,110000,77000,0,2,46,-67458
SYN42000499,25,enlig,foertidspension,245000,151900,1,0,45,280141
SYN42000500,28,samlevende,ressourceforloeb,110000,77000,0,1,42,331658
SYN42000501,29,enlig,foertidspension,245000,151900,1,0,41,301319
SYN42000502,30,samlevende,ressourceforloeb,110000,77000,1,1,40,208115
SYN42000503,25,samlevende,foertidspension,208000,128960,0,0,45,-10000
SYN42000504,26,enlig,foertidspension,245000,151900,0,0,44,-10000
SYN42000505,29,samlevende,foertidspension,208000,128960,0,0,41,-10000
SYN42000506,23,enlig,ressourceforloeb,145000,101500,1,2,47,120876
SYN42000507,29,enlig,foertidspension,245000,151900,1,0,41,167672
SYN42000508,25,enlig,foertidspension,245000,151900,1,0,45,189342
SYN42000509,20,samlevende,ressourceforloeb,110000,77000,0,5,50,78811
SYN42000510,19,enlig,foertidspension,245000,151900,0,0,51,-10000
SYN42000511,29,enlig,foertidspension,245000,151900,1,0,41,214951
SYN42000512,19,enlig,foertidspension,245000,151900,0,0,51,-10000
SYN42000513,22,enlig,foertidspension,245000,151900,1,0,48,54507
SYN42000514,23,enlig,foertidspension,245000,151900,0,0,47,-10000
SYN42000515,21,enlig,foertidspension,245000,151900,0,0,49,-10000
SYN42000516,23,enlig,foertidspension,245000,151900,1,0,47,257850
SYN42000517,28,enlig,ressourceforloeb,145000,101500,1,3,42,-114565
SYN42000518,18,samlevende,foertidspension,208000,128960,1,0,52,228876
SYN42000519,29,enlig,foertidspension,245000,151900,0,0,41,-10000
SYN42000520,29,samlevende,foertidspension,208000,128960,1,0,41,190166
SYN42000521,24,enlig,foertidspension,245000,151900,1,0,46,207444
SYN42000522,20,enlig,ressourceforloeb,145000,101500,1,3,50,157867
SYN42000523,27,enlig,ressourceforloeb,145000,101500,1,1,43,-169378
SYN42000524,20,enlig,foertidspension,245000,151900,1,0,50,79249
SYN42000525,24,enlig,ressourceforloeb,145000,101500,1,1,46,264073
SYN42000526,30,samlevende,ressourceforloeb,110000,77000,0,3,40,157557
SYN42000527,30,enlig,ressourceforloeb,145000,101500,0,4,40,42875
SYN42000528,28,enlig,foertidspension,245000,151900,1,0,42,248791
SYN42000529,23,samlevende,ressourceforloeb,110000,77000,0,3,47,258004
SYN42000530,27,enlig,ressourceforloeb,145000,101500,0,2,43,171670
SYN42000531,28,enlig,ressourceforloeb,145000,101500,1,5,42,406077
SYN42000532,24,enlig,ressourceforloeb,145000,101500,0,1,46,-86994
SYN42000533,27,enlig,ressourceforloeb,145000,101500,1,1,43,320978
SYN42000534,18,enlig,foertidspension,245000,151900,1,0,52,318008
SYN42000535,21,samlevende,foertidspension,208000,128960,0,0,49,-10000
SYN42000536,26,samlevende,ressourceforloeb,110000,77000,1,3,44,124439
SYN42000537,21,enlig,foertidspension,245000,151900,0,0,49,-10000
SYN42000538,21,samlevende,ressourceforloeb,110000,77000,1,1,49,-34543
SYN42000539,29,samlevende,ressourceforloeb,110000,77000,1,1,41,-22994
SYN42000540,30,enlig,foertidspension,245000,151900,0,0,40,-10000
SYN42000541,26,samlevende,foertidspension,208000,128960,0,0,44,-10000
SYN42000542,29,samlevende,foertidspension,208000,128960,0,0,41,-10000
SYN42000543,30,samlevende,ressourceforloeb,110000,77000,0,2,40,198083
SYN42000544,20,samlevende,ressourceforloeb,110000,77000,0,4,50,117544
SYN42000545,25,enlig,ressourceforloeb,145000,101500,1,3,45,290636
SYN42000546,24,enlig,ressourceforloeb,145000,101500,0,5,46,178375
SYN42000547,19,enlig,foertidspension,245000,151900,1,0,51,211313
SYN42000548,28,enlig,ressourceforloeb,145000,101500,0,1,42,45263
SYN42000549,25,enlig,foertidspension,245000,151900,1,0,45,185202
SYN42000550,25,samlevende,foertidspension,208000,128960,0,0,45,-10000
SYN42000551,20,enlig,foertidspension,245000,151900,0,0,50,-10000
SYN42000552,21,enlig,ressourceforloeb,145000,101500,1,4,49,209186
SYN42000553,30,samlevende,foertidspension,208000,128960,0,0,40,-10000
SYN42000554,18,enlig,ressourceforloeb,145000,101500,1,4,52,290433
SYN42000555,22,enlig,foertidspension,245000,151900,0,0,48,-10000
SYN42000556,23,samlevende,ressourceforloeb,110000,77000,1,1,47,223141
SYN42000557,25,enlig,foertidspension,245000,151900,1,0,45,141106
SYN42000558,26,enlig,foertidspension,245000,151900,1,0,44,162510
SYN42000559,25,enlig,foertidspension,245000,151900,0,0,45,-10000
SYN42000560,19,samlevende,foertidspension,208000,128960,0,0,51,-10000
SYN42000561,22,enlig,foertidspension,245000,151900,0,0,48,-10000
SYN42000562,29,enlig,foertidspension,245000,151900,0,0,41,-10000
SYN42000563,27,enlig,ressourceforloeb,145000,101500,0,2,43,12008
SYN42000564,27,enlig,foertidspension,245000,151900,1,0,43,243532
SYN42000565,27,samlevende,foertidspension,208000,128960,1,0,43,199641
SYN42000566,28,enlig,foertidspension,245000,151900,1,0,42,74193
SYN42000567,19,samlevende,ressourceforloeb,110000,77000,0,1,51,45955
SYN42000568,24,enlig,foertidspension,245000,151900,0,0,46,-10000
SYN42000569,26,enlig,ressourceforloeb,145000,101500,1,5,44,249524
SYN42000570,23,samlevende,foertidspension,208000,128960,0,0,47,-10000
SYN42000571,29,enlig,ressourceforloeb,145000,101500,0,3,41,-76054
SYN42000572,25,enlig,ressourceforloeb,145000,101500,1,4,45,-2320
SYN42000573,28,samlevende,ressourceforloeb,110000,77000,1,3,42,216647
SYN42000574,29,enlig,ressourceforloeb,145000,101500,1,2,41,332090
SYN42000575,25,enlig,ressourceforloeb,145000,101500,0,5,45,247167
SYN42000576,30,samlevende,foertidspension,208000,128960,1,0,40,175122
SYN42000577,26,enlig,ressourceforloeb,145000,101500,0,2,44,225775
SYN42000578,29,enlig,foertidspension,245000,151900,0,0,41,-10000
SYN42000579,23,enlig,ressourceforloeb,145000,101500,1,5,47,549076
SYN42000580,25,enlig,foertidspension,245000,151900,0,0,45,-10000
SYN42000581,26,enlig,foertidspension,245000,151900,1,0,44,83481
SYN42000582,20,samlevende,ressourceforloeb,110000,77000,0,5,50,-17756
SYN42000583,24,enlig,foertidspension,245000,151900,0,0,46,-10000
SYN42000584,30,samlevende,foertidspension,208000,128960,1,0,40,207023
SYN42000585,27,enlig,foertidspension,245000,151900,0,0,43,-10000
SYN42000586,21,enlig,ressourceforloeb,145000,101500,1,5,49,71846
SYN42000587,23,enlig,ressourceforloeb,145000,101500,0,5,47,287169
SYN42000588,21,samlevende,foertidspension,208000,128960,1,0,49,224634
SYN42000589,18,enlig,ressourceforloeb,145000,101500,0,1,52,316278
SYN42000590,30,enlig,foertidspension,245000,151900,0,0,40,-10000
SYN42000591,25,samlevende,ressourceforloeb,110000,77000,1,4,45,423086
SYN42000592,23,samlevende,foertidspension,208000,128960,0,0,47,-10000
SYN42000593,26,enlig,ressourceforloeb,145000,101500,0,5,44,-6952
SYN42000594,18,samlevende,ressourceforloeb,110000,77000,1,5,52,-15866
SYN42000595,22,enlig,foertidspension,245000,151900,1,0,48,58759
SYN42000596,28,enlig,foertidspension,245000,151900,1,0,42,121357
SYN42000597,27,enlig,foertidspension,245000,151900,1,0,43,244967
SYN42000598,30,enlig,foertidspension,245000,151900,1,0,40,185472
SYN42000599,27,enlig,ressourceforloeb,145000,101500,1,5,43,199582
SYN42000600,25,samlevende,ressourceforloeb,110000,77000,1,5,45,169559
SYN42000601,28,enlig,ressourceforloeb,145000,101500,0,2,42,330766
SYN42000602,30,samlevende,foertidspension,208000,128960,0,0,40,-10000
SYN42000603,28,samlevende,ressourceforloeb,110000,77000,1,3,42,302416
SYN42000604,30,samlevende,foertidspension,208000,128960,1,0,40,270356
SYN42000605,28,samlevende,ressourceforloeb,110000,77000,1,3,42,197576
SYN42000606,29,samlevende,ressourceforloeb,110000,77000,0,4,41,119008
SYN42000607,20,samlevende,ressourceforloeb,110000,77000,0,1,50,16800
SYN42000608,28,enlig,ressourceforloeb,145000,101500,1,2,42,7940
SYN42000609,25,enlig,ressourceforloeb,145000,101500,1,4,45,515007
SYN42000610,26,enlig,foertidspension,245000,151900,0,0,44,-10000
SYN42000611,27,enlig,ressourceforloeb,145000,101500,1,1,43,-41278
SYN42000612,30,enlig,foertidspension,245000,151900,1,0,40,176199
SYN42000613,30,samlevende,foertidspension,208000,128960,1,0,40,149641
SYN42000614,23,enlig,foertidspension,245000,151900,0,0,47,-10000
SYN42000615,28,samlevende,foertidspension,208000,128960,1,0,42,257915
SYN42000616,28,enlig,ressourceforloeb,145000,101500,1,1,42,-75564
SYN42000617,23,enlig,ressourceforloeb,145000,101500,1,2,47,-4298
SYN42000618,20,enlig,ressourceforloeb,145000,101500,0,1,50,-57601
SYN42000619,18,enlig,foertidspension,245000,151900,1,0,52,228588
SYN42000620,28,enlig,foertidspension,245000,151900,1,0,42,155913
SYN42000621,25,enlig,ressourceforloeb,145000,101500,0,1,45,178194
SYN42000622,30,enlig,ressourceforloeb,145000,101500,0,2,40,106568
SYN42000623,25,enlig,foertidspension,245000,151900,1,0,45,86154
SYN42000624,30,enlig,foertidspension,245000,151900,1,0,40,150214
SYN42000625,24,enlig,foertidspension,245000,151900,0,0,46,-10000
SYN42000626,29,enlig,foertidspension,245000,151900,0,0,41,-10000
SYN42000627,19,enlig,foertidspension,245000,151900,0,0,51,-10000
SYN42000628,26,enlig,foertidspension,245000,151900,1,0,44,302748
SYN42000629,29,enlig,ressourceforloeb,145000,101500,1,4,41,50226
SYN42000630,30,enlig,ressourceforloeb,145000,101500,0,1,40,-11057
SYN42000631,29,samlevende,foertidspension,208000,128960,0,0,41,-10000
SYN42000632,18,samlevende,foertidspension,208000,128960,0,0,52,-10000
SYN42000633,24,samlevende,ressourceforloeb,110000,77000,1,3,46,160749
SYN42000634,19,enlig,foertidspension,245000,151900,1,0,51,232237
SYN42000635,20,enlig,ressourceforloeb,145000,101500,1,4,50,361584
SYN42000636,27,enlig,foertidspension,245000,151900,0,0,43,-10000
SYN42000637,28,samlevende,ressourceforloeb,110000,77000,0,3,42,54592
SYN42000638,28,samlevende,foertidspension,208000,128960,0,0,42,-10000
SYN42000639,29,samlevende,foertidspension,208000,128960,1,0,41,156430
SYN42000640,28,samlevende,ressourceforloeb,110000,77000,1,5,42,296601
SYN42000641,29,enlig,ressourceforloeb,145000,101500,1,2,41,201945
SYN42000642,19,samlevende,foertidspension,208000,128960,0,0,51,-10000
SYN42000643,22,samlevende,ressourceforloeb,110000,77000,1,2,48,402949
SYN42000644,27,enlig,ressourceforloeb,145000,101500,0,4,43,-77279
SYN42000645,29,samlevende,foertidspension,208000,128960,1,0,41,185488
SYN42000646,18,enlig,ressourceforloeb,145000,101500,1,2,52,336465
SYN42000647,26,samlevende,ressourceforloeb,110000,77000,1,1,44,339491
SYN42000648,27,samlevende,ressourceforloeb,110000,77000,1,4,43,409054
SYN42000649,18,enlig,foertidspension,245000,151900,0,0,52,-10000
SYN42000650,24,samlevende,ressourceforloeb,110000,77000,1,2,46,81173
SYN42000651,30,enlig,ressourceforloeb,145000,101500,0,1,40,-17135
SYN42000652,27,samlevende,ressourceforloeb,110000,77000,1,5,43,366114
SYN42000653,22,samlevende,ressourceforloeb,110000,77000,0,5,48,97530
SYN42000654,29,samlevende,ressourceforloeb,110000,77000,0,4,41,-149276
SYN42000655,23,samlevende,ressourceforloeb,110000,77000,0,3,47,232974
SYN42000656,29,enlig,ressourceforloeb,145000,101500,0,2,41,259447
SYN42000657,23,enlig,ressourceforloeb,145000,101500,1,3,47,310500
SYN42000658,26,enlig,foertidspension,245000,151900,1,0,44,165281
SYN42000659,24,enlig,ressourceforloeb,145000,101500,0,2,46,201391
SYN42000660,22,enlig,ressourceforloeb,145000,101500,1,3,48,387282
SYN42000661,29,enlig,foertidspension,245000,151900,1,0,41,23149
SYN42000662,21,enlig,foertidspension,245000,151900,0,0,49,-10000
SYN42000663,19,enlig,foertidspension,245000,151900,0,0,51,-10000
SYN42000664,23,samlevende,ressourceforloeb,110000,77000,1,2,47,220368
SYN42000665,28,enlig,ressourceforloeb,145000,101500,1,3,42,568572
SYN42000666,29,samlevende,ressourceforloeb,110000,77000,0,3,41,239725
SYN42000667,30,enlig,ressourceforloeb,145000,101500,1,3,40,-129038
SYN42000668,23,enlig,ressourceforloeb,145000,101500,0,5,47,153201
SYN42000669,24,enlig,foertidspension,245000,151900,0,0,46,-10000
SYN42000670,20,enlig,ressourceforloeb,145000,101500,1,5,50,403248
SYN42000671,26,enlig,foertidspension,245000,151900,1,0,44,35193
SYN42000672,30,enlig,ressourceforloeb,145000,101500,1,2,40,102240
SYN42000673,28,enlig,ressourceforloeb,145000,101500,0,3,42,247685
SYN42000674,26,enlig,foertidspension,245000,151900,0,0,44,-10000
SYN42000675,24,samlevende,foertidspension,208000,128960,0,0,46,-10000
SYN42000676,30,enlig,ressourceforloeb,145000,101500,0,3,40,-81192
SYN42000677,25,samlevende,foertidspension,208000,128960,0,0,45,-10000
SYN42000678,20,enlig,ressourceforloeb,145000,101500,1,3,50,213829
SYN42000679,24,samlevende,ressourceforloeb,110000,77000,1,4,46,256015
SYN42000680,19,samlevende,foertidspension,208000,128960,1,0,51,101711
SYN42000681,21,samlevende,ressourceforloeb,110000,77000,0,5,49,53254
SYN42000682,18,samlevende,ressourceforloeb,110000,77000,0,5,52,116633
SYN42000683,25,enlig,ressourceforloeb,145000,101500,1,5,45,259821
SYN42000684,27,enlig,ressourceforloeb,145000,101500,0,1,43,-7852
SYN42000685,23,enlig,ressourceforloeb,145000,101500,1,5,47,371971
SYN42000686,24,samlevende,ressourceforloeb,110000,77000,0,2,46,-198246
SYN42000687,30,samlevende,foertidspension,208000,128960,1,0,40,203302
SYN42000688,28,enlig,foertidspension,245000,151900,1,0,42,119055
SYN42000689,26,samlevende,ressourceforloeb,110000,77000,1,2,44,42927
SYN42000690,23,enlig,ressourceforloeb,145000,101500,1,5,47,242640
SYN42000691,30,samlevende,foertidspension,208000,128960,1,0,40,147648
SYN42000692,22,samlevende,ressourceforloeb,110000,77000,0,5,48,162050
SYN42000693,23,enlig,foertidspension,245000,151900,1,0,47,270976
SYN42000694,30,samlevende,foertidspension,208000,128960,1,0,40,263767
SYN42000695,26,samlevende,ressourceforloeb,110000,77000,1,4,44,44688
SYN42000696,28,enlig,ressourceforloeb,145000,101500,0,3,42,160587
SYN42000697,26,enlig,ressourceforloeb,145000,101500,0,3,44,131287
SYN42000698,27,enlig,ressourceforloeb,145000,101500,1,4,43,154835
SYN42000699,23,samlevende,ressourceforloeb,110000,77000,1,4,47,90686
SYN42000700,22,enlig,foertidspension,245000,151900,0,0,48,-10000
SYN42000701,23,samlevende,ressourceforloeb,110000,77000,0,4,47,-143720
SYN42000702,21,samlevende,foertidspension,208000,128960,0,0,49,-10000
SYN42000703,29,enlig,foertidspension,245000,151900,1,0,41,144627
SYN42000704,23,enlig,ressourceforloeb,145000,101500,0,1,47,-125694
SYN42000705,26,samlevende,ressourceforloeb,110000,77000,0,4,44,242831
SYN42000706,29,samlevende,ressourceforloeb,110000,77000,0,2,41,126381
SYN42000707,28,enlig,foertidspension,245000,151900,1,0,42,414438
SYN42000708,25,enlig,ressourceforloeb,145000,101500,0,4,45,192559
SYN42000709,25,enlig,foertidspension,245000,151900,0,0,45,-10000
SYN42000710,30,samlevende,foertidspension,208000,128960,1,0,40,47054
SYN42000711,27,enlig,foertidspension,245000,151900,0,0,43,-10000
SYN42000712,29,samlevende,foertidspension,208000,128960,1,0,41,289574
SYN42000713,30,enlig,foertidspension,245000,151900,1,0,40,145278
SYN42000714,28,samlevende,foertidspension,208000,128960,0,0,42,-10000
SYN42000715,21,enlig,foertidspension,245000,151900,0,0,49,-10000
SYN42000716,26,enlig,foertidspension,245000,151900,0,0,44,-10000
SYN42000717,20,samlevende,foertidspension,208000,128960,0,0,50,-10000
SYN42000718,27,samlevende,foertidspension,208000,128960,0,0,43,-10000
SYN42000719,30,enlig,ressourceforloeb,145000,101500,0,3,40,-40036
SYN42000720,25,enlig,foertidspension,245000,151900,0,0,45,-10000
SYN42000721,25,enlig,foertidspension,245000,151900,1,0,45,217948
SYN42000722,18,enlig,foertidspension,245000,151900,0,0,52,-10000
SYN42000723,30,enlig,ressourceforloeb,145000,101500,0,4,40,-93203
SYN42000724,20,samlevende,foertidspension,208000,128960,1,0,50,209576
SYN42000725,18,enlig,foertidspension,245000,151900,0,0,52,-10000
SYN42000726,22,samlevende,foertidspension,208000,128960,0,0,48,-10000
SYN42000727,19,enlig,ressourceforloeb,145000,101500,0,1,51,322450
SYN42000728,25,enlig,foertidspension,245000,151900,0,0,45,-10000
SYN42000729,26,samlevende,foertidspension,208000,128960,0,0,44,-10000
SYN42000730,23,enlig,foertidspension,245000,151900,1,0,47,231639
SYN42000731,19,samlevende,foertidspension,208000,128960,1,0,51,94267
SYN42000732,20,enlig,foertidspension,245000,151900,0,0,50,-10000
SYN42000733,24,samlevende,foertidspension,208000,128960,0,0,46,-10000
SYN42000734,19,samlevende,ressourceforloeb,110000,77000,1,2,51,108966
SYN42000735,28,samlevende,foertidspension,208000,128960,1,0,42,131617
SYN42000736,21,enlig,ressourceforloeb,145000,101500,0,2,49,304656
SYN42000737,23,enlig,foertidspension,245000,151900,0,0,47,-10000
SYN42000738,24,enlig,foertidspension,245000,151900,0,0,46,-10000
SYN42000739,24,enlig,ressourceforloeb,145000,101500,1,4,46,438385
SYN42000740,18,enlig,ressourceforloeb,145000,101500,0,3,52,357991
SYN42000741,20,enlig,ressourceforloeb,145000,101500,0,5,50,136052
SYN42000742,29,enlig,foertidspension,245000,151900,0,0,41,-10000
SYN42000743,18,enlig,foertidspension,245000,151900,0,0,52,-10000
SYN42000744,25,enlig,ressourceforloeb,145000,101500,1,2,45,409001
SYN42000745,25,enlig,foertidspension,245000,151900,1,0,45,118137
SYN42000746,23,enlig,ressourceforloeb,145000,101500,1,2,47,134981
SYN42000747,25,samlevende,foertidspension,208000,128960,0,0,45,-10000
SYN42000748,28,enlig,ressourceforloeb,145000,101500,0,5,42,136942
SYN42000749,29,enlig,ressourceforloeb,145000,101500,1,2,41,226894
SYN42000750,22,enlig,ressourceforloeb,145000,101500,1,4,48,293216
SYN42000751,23,samlevende,foertidspension,208000,128960,0,0,47,-10000
SYN42000752,22,enlig,ressourceforloeb,145000,101500,0,2,48,143093
SYN42000753,25,samlevende,foertidspension,208000,128960,1,0,45,122699
SYN42000754,27,samlevende,ressourceforloeb,110000,77000,1,4,43,95240
SYN42000755,22,enlig,ressourceforloeb,145000,101500,1,5,48,380847
SYN42000756,23,samlevende,ressourceforloeb,110000,77000,1,2,47,309827
SYN42000757,30,samlevende,ressourceforloeb,110000,77000,0,2,40,-37095
SYN42000758,19,enlig,foertidspension,245000,151900,0,0,51,-10000
SYN42000759,25,enlig,ressourceforloeb,145000,101500,0,3,45,100399
SYN42000760,28,samlevende,foertidspension,208000,128960,1,0,42,83377
SYN42000761,20,samlevende,ressourceforloeb,110000,77000,1,4,50,85741
SYN42000762,19,enlig,ressourceforloeb,145000,101500,0,1,51,298442
SYN42000763,20,enlig,ressourceforloeb,145000,101500,1,5,50,357929
SYN42000764,30,samlevende,ressourceforloeb,110000,77000,0,2,40,102116
SYN42000765,18,enlig,foertidspension,245000,151900,0,0,52,-10000
SYN42000766,21,samlevende,foertidspension,208000,128960,0,0,49,-10000
SYN42000767,18,enlig,ressourceforloeb,145000,101500,1,4,52,412426
SYN42000768,20,samlevende,foertidspension,208000,128960,1,0,50,274015
SYN42000769,27,samlevende,foertidspension,208000,128960,1,0,43,59241
SYN42000770,22,samlevende,foertidspension,208000,128960,1,0,48,244645
SYN42000771,26,samlevende,foertidspension,208000,128960,1,0,44,286457
SYN42000772,26,samlevende,foertidspension,208000,128960,1,0,44,108829
SYN42000773,29,samlevende,foertidspension,208000,128960,1,0,41,122197
SYN42000774,18,samlevende,foertidspension,208000,128960,0,0,52,-10000
SYN42000775,29,enlig,ressourceforloeb,145000,101500,1,1,41,434650
SYN42000776,27,samlevende,foertidspension,208000,128960,1,0,43,62072
SYN42000777,21,enlig,ressourceforloeb,145000,101500,1,5,49,141902
SYN42000778,28,samlevende,foertidspension,208000,128960,0,0,42,-10000
SYN42000779,29,samlevende,foertidspension,208000,128960,1,0,41,128854
SYN42000780,22,enlig,ressourceforloeb,145000,101500,1,3,48,241055
SYN42000781,30,enlig,foertidspension,245000,151900,0,0,40,-10000
SYN42000782,25,enlig,foertidspension,245000,151900,1,0,45,354866
SYN42000783,27,samlevende,ressourceforloeb,110000,77000,0,4,43,48853
SYN42000784,30,enlig,foertidspension,245000,151900,0,0,40,-10000
SYN42000785,24,enlig,foertidspension,245000,151900,0,0,46,-10000
SYN42000786,29,samlevende,foertidspension,208000,128960,1,0,41,359441
SYN42000787,23,samlevende,ressourceforloeb,110000,77000,1,1,47,68772
SYN42000788,29,enlig,ressourceforloeb,145000,101500,0,2,41,148329
SYN42000789,27,enlig,foertidspension,245000,151900,1,0,43,310874
SYN42000790,22,samlevende,ressourceforloeb,110000,77000,0,1,48,149641
SYN42000791,24,samlevende,ressourceforloeb,110000,77000,0,4,46,189139
SYN42000792,23,samlevende,ressourceforloeb,110000,77000,1,3,47,136181
SYN42000793,19,enlig,ressourceforloeb,145000,101500,1,4,51,263481
SYN42000794,18,enlig,foertidspension,245000,151900,1,0,52,252986
SYN42000795,23,enlig,foertidspension,245000,151900,1,0,47,380189
SYN42000796,18,samlevende,foertidspension,208000,128960,1,0,52,326014
SYN42000797,21,enlig,foertidspension,245000,151900,0,0,49,-10000
SYN42000798,28,enlig,ressourceforloeb,145000,101500,0,3,42,-5624
SYN42000799,28,samlevende,ressourceforloeb,110000,77000,0,5,42,62087
SYN42000800,28,samlevende,ressourceforloeb,110000,77000,1,5,42,95623
SYN42000801,23,samlevende,ressourceforloeb,110000,77000,1,1,47,148714
SYN42000802,29,enlig,ressourceforloeb,145000,101500,1,2,41,133298
SYN42000803,26,enlig,ressourceforloeb,145000,101500,0,2,44,-231381
SYN42000804,20,enlig,ressourceforloeb,145000,101500,0,1,50,200554
SYN42000805,20,enlig,ressourceforloeb,145000,101500,1,1,50,183362
SYN42000806,28,enlig,foertidspension,245000,151900,1,0,42,76671
SYN42000807,21,enlig,foertidspension,245000,151900,0,0,49,-10000
SYN42000808,25,samlevende,foertidspension,208000,128960,0,0,45,-10000
SYN42000809,30,samlevende,foertidspension,208000,128960,0,0,40,-10000
SYN42000810,18,samlevende,foertidspension,208000,128960,0,0,52,-10000
SYN42000811,18,enlig,ressourceforloeb,145000,101500,0,4,52,264666
SYN42000812,30,enlig,foertidspension,245000,151900,0,0,40,-10000
SYN42000813,26,enlig,ressourceforloeb,145000,101500,1,5,44,99879
SYN42000814,20,enlig,ressourceforloeb,145000,101500,0,1,50,-8876
SYN42000815,30,enlig,ressourceforloeb,145000,101500,0,2,40,-121321
SYN42000816,29,enlig,ressourceforloeb,145000,101500,0,3,41,386099
SYN42000817,26,samlevende,ressourceforloeb,110000,77000,1,4,44,188454
SYN42000818,27,enlig,foertidspension,245000,151900,0,0,43,-10000
SYN42000819,22,samlevende,foertidspension,208000,128960,0,0,48,-10000
SYN42000820,19,enlig,foertidspension,245000,151900,0,0,51,-10000
SYN42000821,26,enlig,foertidspension,245000,151900,1,0,44,133648
SYN42000822,23,enlig,foertidspension,245000,151900,1,0,47,200027
SYN42000823,27,enlig,ressourceforloeb,145000,101500,0,4,43,266492
SYN42000824,29,enlig,foertidspension,245000,151900,0,0,41,-10000
SYN42000825,18,samlevende,foertidspension,208000,128960,0,0,52,-10000
SYN42000826,26,enlig,ressourceforloeb,145000,101500,1,3,44,293793
SYN42000827,22,enlig,ressourceforloeb,145000,101500,1,5,48,1556
SYN42000828,29,samlevende,foertidspension,208000,128960,0,0,41,-10000
SYN42000829,22,enlig,foertidspension,245000,151900,0,0,48,-10000
SYN42000830,27,samlevende,ressourceforloeb,110000,77000,1,5,43,123985
SYN42000831,26,enlig,foertidspension,245000,151900,1,0,44,182880
SYN42000832,24,samlevende,ressourceforloeb,110000,77000,0,1,46,259027
SYN42000833,27,enlig,ressourceforloeb,145000,101500,0,3,43,106667
SYN42000834,28,enlig,ressourceforloeb,145000,101500,0,2,42,50196
SYN42000835,26,samlevende,ressourceforloeb,110000,77000,1,2,44,214810
SYN42000836,28,samlevende,foertidspension,208000,128960,1,0,42,42783
SYN42000837,30,enlig,ressourceforloeb,145000,101500,1,5,40,303062
SYN42000838,24,samlevende,foertidspension,208000,128960,1,0,46,267391
SYN42000839,26,enlig,ressourceforloeb,145000,101500,0,4,44,63713
SYN42000840,18,enlig,foertidspension,245000,151900,0,0,52,-10000
SYN42000841,29,enlig,foertidspension,245000,151900,0,0,41,-10000
SYN42000842,26,samlevende,foertidspension,208000,128960,1,0,44,67312
SYN42000843,24,enlig,foertidspension,245000,151900,1,0,46,231073
SYN42000844,19,samlevende,foertidspension,208000,128960,0,0,51,-10000
SYN42000845,29,enlig,foertidspension,245000,151900,0,0,41,-10000
SYN42000846,24,samlevende,foertidspension,208000,128960,1,0,46,189841
SYN42000847,27,samlevende,foertidspension,208000,128960,1,0,43,174363
SYN42000848,20,enlig,ressourceforloeb,145000,101500,1,2,50,313115
SYN42000849,30,enlig,ressourceforloeb,145000,101500,0,1,40,123679
SYN42000850,21,enlig,ressourceforloeb,145000,101500,1,5,49,344895
SYN42000851,21,samlevende,ressourceforloeb,110000,77000,1,1,49,-2756
SYN42000852,29,enlig,ressourceforloeb,145000,101500,1,2,41,108029
SYN42000853,30,enlig,ressourceforloeb,145000,101500,1,1,40,176012
SYN42000854,21,enlig,foertidspension,245000,151900,1,0,49,251109
SYN42000855,25,samlevende,ressourceforloeb,110000,77000,1,2,45,171873
SYN42000856,28,enlig,foertidspension,245000,151900,1,0,42,295702
SYN42000857,29,enlig,ressourceforloeb,145000,101500,0,3,41,7711
SYN42000858,24,samlevende,foertidspension,208000,128960,0,0,46,-10000
SYN42000859,26,enlig,ressourceforloeb,145000,101500,1,1,44,13554
SYN42000860,28,samlevende,ressourceforloeb,110000,77000,1,5,42,195117
SYN42000861,28,enlig,ressourceforloeb,145000,101500,0,3,42,221436
SYN42000862,28,enlig,foertidspension,245000,151900,0,0,42,-10000
SYN42000863,26,samlevende,ressourceforloeb,110000,77000,1,3,44,407347
SYN42000864,20,samlevende,foertidspension,208000,128960,1,0,50,320235
SYN42000865,30,samlevende,ressourceforloeb,110000,77000,1,1,40,72963
SYN42000866,29,enlig,foertidspension,245000,151900,0,0,41,-10000
SYN42000867,29,enlig,ressourceforloeb,145000,101500,1,5,41,87739
SYN42000868,20,enlig,foertidspension,245000,151900,1,0,50,316786
SYN42000869,21,enlig,ressourceforloeb,145000,101500,0,3,49,192950
SYN42000870,28,enlig,ressourceforloeb,145000,101500,0,4,42,419391
SYN42000871,18,enlig,ressourceforloeb,145000,101500,1,2,52,139601
SYN42000872,30,enlig,ressourceforloeb,145000,101500,0,1,40,171132
SYN42000873,24,enlig,ressourceforloeb,145000,101500,1,3,46,184914
SYN42000874,28,enlig,foertidspension,245000,151900,1,0,42,253459
SYN42000875,29,enlig,ressourceforloeb,145000,101500,1,2,41,-72477
SYN42000876,24,samlevende,ressourceforloeb,110000,77000,0,5,46,4655
SYN42000877,23,samlevende,foertidspension,208000,128960,1,0,47,228688
SYN42000878,27,enlig,ressourceforloeb,145000,101500,0,2,43,223128
SYN42000879,26,samlevende,ressourceforloeb,110000,77000,1,3,44,105150
SYN42000880,24,samlevende,foertidspension,208000,128960,0,0,46,-10000
SYN42000881,27,enlig,foertidspension,245000,151900,1,0,43,123175
SYN42000882,30,enlig,foertidspension,245000,151900,1,0,40,272470
SYN42000883,25,enlig,ressourceforloeb,145000,101500,0,5,45,325030
SYN42000884,21,enlig,foertidspension,245000,151900,0,0,49,-10000
SYN42000885,24,samlevende,ressourceforloeb,110000,77000,1,5,46,179679
SYN42000886,24,samlevende,foertidspension,208000,128960,0,0,46,-10000
SYN42000887,20,enlig,foertidspension,245000,151900,0,0,50,-10000
SYN42000888,21,samlevende,foertidspension,208000,128960,1,0,49,277931
SYN42000889,27,enlig,ressourceforloeb,145000,101500,1,2,43,105624
SYN42000890,23,samlevende,ressourceforloeb,110000,77000,1,1,47,29832
SYN42000891,30,samlevende,foertidspension,208000,128960,0,0,40,-10000
SYN42000892,22,enlig,foertidspension,245000,151900,1,0,48,192637
SYN42000893,20,enlig,foertidspension,245000,151900,1,0,50,301131
SYN42000894,28,samlevende,foertidspension,208000,128960,0,0,42,-10000
SYN42000895,29,samlevende,foertidspension,208000,128960,0,0,41,-10000
SYN42000896,22,enlig,ressourceforloeb,145000,101500,0,1,48,205575
SYN42000897,21,enlig,ressourceforloeb,145000,101500,0,4,49,163944
SYN42000898,21,enlig,ressourceforloeb,145000,101500,1,2,49,293690
SYN42000899,26,samlevende,ressourceforloeb,110000,77000,0,4,44,4883
SYN42000900,25,samlevende,ressourceforloeb,110000,77000,1,1,45,126154
SYN42000901,22,samlevende,foertidspension,208000,128960,0,0,48,-10000
SYN42000902,18,samlevende,foertidspension,208000,128960,0,0,52,-10000
SYN42000903,25,samlevende,foertidspension,208000,128960,0,0,45,-10000
SYN42000904,30,samlevende,ressourceforloeb,110000,77000,1,5,40,-136972
SYN42000905,27,enlig,foertidspension,245000,151900,1,0,43,134016
SYN42000906,25,samlevende,foertidspension,208000,128960,0,0,45,-10000
SYN42000907,20,enlig,foertidspension,245000,151900,0,0,50,-10000
SYN42000908,22,enlig,foertidspension,245000,151900,0,0,48,-10000
SYN42000909,23,samlevende,foertidspension,208000,128960,1,0,47,151201
SYN42000910,28,samlevende,foertidspension,208000,128960,0,0,42,-10000
SYN42000911,29,samlevende,ressourceforloeb,110000,77000,1,4,41,411278
SYN42000912,30,enlig,foertidspension,245000,151900,0,0,40,-10000
SYN42000913,30,enlig,ressourceforloeb,145000,101500,0,3,40,-24183
SYN42000914,30,enlig,ressourceforloeb,145000,101500,1,1,40,389369
SYN42000915,30,enlig,ressourceforloeb,145000,101500,1,4,40,301457
SYN42000916,19,enlig,foertidspension,245000,151900,0,0,51,-10000
SYN42000917,20,enlig,foertidspension,245000,151900,1,0,50,295462
SYN42000918,23,enlig,foertidspension,245000,151900,0,0,47,-10000
SYN42000919,26,samlevende,ressourceforloeb,110000,77000,0,4,44,270955
SYN42000920,19,enlig,ressourceforloeb,145000,101500,0,5,51,101992
SYN42000921,29,enlig,foertidspension,245000,151900,1,0,41,204645
SYN42000922,27,samlevende,ressourceforloeb,110000,77000,1,1,43,-16885
SYN42000923,26,enlig,foertidspension,245000,151900,0,0,44,-10000
SYN42000924,21,samlevende,ressourceforloeb,110000,77000,1,2,49,245029
SYN42000925,22,samlevende,foertidspension,208000,128960,1,0,48,222111
SYN42000926,21,enlig,foertidspension,245000,151900,1,0,49,226888
SYN42000927,29,samlevende,foertidspension,208000,128960,1,0,41,241539
SYN42000928,26,samlevende,ressourceforloeb,110000,77000,1,1,44,150970
SYN42000929,28,samlevende,foertidspension,208000,128960,1,0,42,155901
SYN42000930,23,samlevende,foertidspension,208000,128960,0,0,47,-10000
SYN42000931,24,samlevende,foertidspension,208000,128960,0,0,46,-10000
SYN42000932,24,samlevende,foertidspension,208000,128960,1,0,46,163903
SYN42000933,28,enlig,ressourceforloeb,145000,101500,0,2,42,186198
SYN42000934,28,samlevende,ressourceforloeb,110000,77000,1,5,42,240516
SYN42000935,21,samlevende,ressourceforloeb,110000,77000,0,4,49,87997
SYN42000936,30,samlevende,ressourceforloeb,110000,77000,1,4,40,326925
SYN42000937,20,samlevende,foertidspension,208000,128960,0,0,50,-10000
SYN42000938,30,enlig,ressourceforloeb,145000,101500,1,4,40,451903
SYN42000939,20,samlevende,ressourceforloeb,110000,77000,0,5,50,39477
SYN42000940,22,samlevende,ressourceforloeb,110000,77000,0,4,48,241645
SYN42000941,29,enlig,ressourceforloeb,145000,101500,1,3,41,133897
SYN42000942,21,enlig,ressourceforloeb,145000,101500,1,1,49,291500
SYN42000943,24,enlig,foertidspension,245000,151900,1,0,46,312438
SYN42000944,25,enlig,ressourceforloeb,145000,101500,1,4,45,407235
SYN42000945,22,samlevende,foertidspension,208000,128960,0,0,48,-10000
SYN42000946,28,enlig,ressourceforloeb,145000,101500,1,4,42,253615
SYN42000947,29,enlig,ressourceforloeb,145000,101500,0,3,41,330403
SYN42000948,29,samlevende,foertidspension,208000,128960,1,0,41,293089
SYN42000949,23,samlevende,ressourceforloeb,110000,77000,0,1,47,-47750
SYN42000950,26,samlevende,ressourceforloeb,110000,77000,0,1,44,65977
SYN42000951,22,samlevende,foertidspension,208000,128960,1,0,48,207215
SYN42000952,22,samlevende,foertidspension,208000,128960,1,0,48,159919
SYN42000953,21,samlevende,foertidspension,208000,128960,0,0,49,-10000
SYN42000954,30,samlevende,ressourceforloeb,110000,77000,1,2,40,304127
SYN42000955,29,enlig,foertidspension,245000,151900,1,0,41,217725
SYN42000956,28,samlevende,foertidspension,208000,128960,0,0,42,-10000
SYN42000957,26,enlig,foertidspension,245000,151900,1,0,44,317349
SYN42000958,25,enlig,ressourceforloeb,145000,101500,0,3,45,366882
SYN42000959,26,enlig,ressourceforloeb,145000,101500,0,2,44,208643
SYN42000960,26,samlevende,ressourceforloeb,110000,77000,1,4,44,382471
SYN42000961,25,samlevende,ressourceforloeb,110000,77000,0,4,45,54605
SYN42000962,20,enlig,foertidspension,245000,151900,0,0,50,-10000
SYN42000963,20,samlevende,ressourceforloeb,110000,77000,1,3,50,380469
SYN42000964,30,enlig,ressourceforloeb,145000,101500,0,5,40,177994
SYN42000965,25,samlevende,ressourceforloeb,110000,77000,1,5,45,57734
SYN42000966,30,samlevende,ressourceforloeb,110000,77000,1,4,40,125403
SYN42000967,21,samlevende,ressourceforloeb,110000,77000,0,4,49,245689
SYN42000968,26,samlevende,ressourceforloeb,110000,77000,1,1,44,137740
SYN42000969,21,enlig,ressourceforloeb,145000,101500,0,5,49,233625
SYN42000970,22,enlig,foertidspension,245000,151900,1,0,48,261959
SYN42000971,18,samlevende,ressourceforloeb,110000,77000,0,5,52,-8284
SYN42000972,20,samlevende,foertidspension,208000,128960,1,0,50,262608
SYN42000973,30,enlig,ressourceforloeb,145000,101500,0,2,40,-163404
SYN42000974,23,enlig,ressourceforloeb,145000,101500,1,1,47,270553
SYN42000975,27,enlig,ressourceforloeb,145000,101500,0,4,43,69255
SYN42000976,25,enlig,ressourceforloeb,145000,101500,0,3,45,24616
SYN42000977,24,enlig,ressourceforloeb,145000,101500,1,1,46,358095
SYN42000978,26,enlig,ressourceforloeb,145000,101500,1,2,44,-151847
SYN42000979,21,samlevende,foertidspension,208000,128960,1,0,49,171738
SYN42000980,30,enlig,ressourceforloeb,145000,101500,0,2,40,-25613
SYN42000981,29,enlig,ressourceforloeb,145000,101500,0,2,41,376102
SYN42000982,28,enlig,foertidspension,245000,151900,0,0,42,-10000
SYN42000983,25,enlig,ressourceforloeb,145000,101500,0,4,45,264675
SYN42000984,20,samlevende,ressourceforloeb,110000,77000,1,2,50,336111
SYN42000985,30,enlig,ressourceforloeb,145000,101500,1,5,40,413829
SYN42000986,23,samlevende,ressourceforloeb,110000,77000,1,3,47,1315
SYN42000987,19,samlevende,ressourceforloeb,110000,77000,0,1,51,185575
SYN42000988,23,enlig,foertidspension,245000,151900,0,0,47,-10000
SYN42000989,29,samlevende,foertidspension,208000,128960,1,0,41,140839
SYN42000990,27,samlevende,foertidspension,208000,128960,0,0,43,-10000
SYN42000991,28,enlig,ressourceforloeb,145000,101500,1,1,42,95852
SYN42000992,29,enlig,ressourceforloeb,145000,101500,0,4,41,283767
SYN42000993,21,samlevende,ressourceforloeb,110000,77000,0,3,49,-49250
SYN42000994,30,samlevende,ressourceforloeb,110000,77000,1,2,40,339469
SYN42000995,25,enlig,ressourceforloeb,145000,101500,0,3,45,276683
SYN42000996,27,samlevende,ressourceforloeb,110000,77000,1,1,43,360697
SYN42000997,18,enlig,ressourceforloeb,145000,101500,0,2,52,111895
SYN42000998,30,samlevende,ressourceforloeb,110000,77000,0,2,40,170283
SYN42000999,22,enlig,ressourceforloeb,145000,101500,0,3,48,72329
SYN42001000,19,enlig,foertidspension,245000,151900,0,0,51,-10000
SYN42001001,25,samlevende,ressourceforloeb,110000,77000,1,5,45,178627
SYN42001002,20,samlevende,foertidspension,208000,128960,0,0,50,-10000
SYN42001003,20,samlevende,ressourceforloeb,110000,77000,1,2,50,226289
SYN42001004,27,enlig,foertidspension,245000,151900,1,0,43,196834
SYN42001005,24,enlig,ressourceforloeb,145000,101500,0,3,46,144495
SYN42001006,30,samlevende,ressourceforloeb,110000,77000,0,3,40,173081
SYN42001007,23,samlevende,ressourceforloeb,110000,77000,0,5,47,-44544
SYN42001008,28,enlig,ressourceforloeb,145000,101500,1,5,42,198943
SYN42001009,25,samlevende,foertidspension,208000,128960,1,0,45,108844
SYN42001010,27,enlig,ressourceforloeb,145000,101500,0,1,43,-75538
SYN42001011,26,enlig,ressourceforloeb,145000,101500,1,1,44,74879
SYN42001012,25,enlig,foertidspension,245000,151900,1,0,45,348689
SYN42001013,30,enlig,ressourceforloeb,145000,101500,0,5,40,59328
SYN42001014,23,enlig,foertidspension,245000,151900,0,0,47,-10000
SYN42001015,21,samlevende,foertidspension,208000,128960,1,0,49,82697
SYN42001016,27,enlig,ressourceforloeb,145000,101500,0,4,43,198189
SYN42001017,29,enlig,ressourceforloeb,145000,101500,0,3,41,130041
SYN42001018,18,enlig,ressourceforloeb,145000,101500,0,5,52,277774
SYN42001019,25,enlig,foertidspension,245000,151900,1,0,45,180224
SYN42001020,30,enlig,ressourceforloeb,145000,101500,0,4,40,404682
SYN42001021,28,samlevende,ressourceforloeb,110000,77000,0,4,42,204288
SYN42001022,30,enlig,ressourceforloeb,145000,101500,0,1,40,-66873
SYN42001023,26,samlevende,foertidspension,208000,128960,1,0,44,38639
SYN42001024,27,samlevende,foertidspension,208000,128960,0,0,43,-10000
SYN42001025,23,enlig,foertidspension,245000,151900,1,0,47,268200
SYN42001026,30,samlevende,foertidspension,208000,128960,0,0,40,-10000
SYN42001027,24,samlevende,foertidspension,208000,128960,0,0,46,-10000
SYN42001028,28,samlevende,ressourceforloeb,110000,77000,1,2,42,74933
SYN42001029,24,samlevende,foertidspension,208000,128960,1,0,46,238568
SYN42001030,26,samlevende,foertidspension,208000,128960,0,0,44,-10000
SYN42001031,28,samlevende,ressourceforloeb,110000,77000,1,3,42,232666
SYN42001032,25,samlevende,foertidspension,208000,128960,1,0,45,267333
SYN42001033,30,enlig,foertidspension,245000,151900,0,0,40,-10000
SYN42001034,24,samlevende,ressourceforloeb,110000,77000,1,5,46,167339
SYN42001035,27,samlevende,ressourceforloeb,110000,77000,1,4,43,165918
SYN42001036,23,samlevende,ressourceforloeb,110000,77000,0,4,47,196785
SYN42001037,24,enlig,foertidspension,245000,151900,1,0,46,280632
SYN42001038,25,enlig,ressourceforloeb,145000,101500,0,2,45,-107370
SYN42001039,20,enlig,foertidspension,245000,151900,0,0,50,-10000
SYN42001040,19,enlig,ressourceforloeb,145000,101500,1,1,51,43074
SYN42001041,27,enlig,foertidspension,245000,151900,1,0,43,204905
SYN42001042,27,enlig,ressourceforloeb,145000,101500,1,2,43,-15795
SYN42001043,27,enlig,foertidspension,245000,151900,1,0,43,246309
SYN42001044,18,enlig,ressourceforloeb,145000,101500,1,2,52,468065
SYN42001045,23,enlig,ressourceforloeb,145000,101500,0,1,47,81285
SYN42001046,21,samlevende,ressourceforloeb,110000,77000,1,5,49,276233
SYN42001047,28,enlig,ressourceforloeb,145000,101500,1,2,42,214849
SYN42001048,29,enlig,ressourceforloeb,145000,101500,1,1,41,-52291
SYN42001049,22,enlig,foertidspension,245000,151900,1,0,48,183596
SYN42001050,27,enlig,foertidspension,245000,151900,0,0,43,-10000
SYN42001051,20,enlig,foertidspension,245000,151900,0,0,50,-10000
SYN42001052,22,samlevende,foertidspension,208000,128960,0,0,48,-10000
SYN42001053,20,samlevende,ressourceforloeb,110000,77000,0,2,50,109404
SYN42001054,23,enlig,foertidspension,245000,151900,1,0,47,163485
SYN42001055,27,samlevende,foertidspension,208000,128960,1,0,43,170545
SYN42001056,30,enlig,ressourceforloeb,145000,101500,0,1,40,-50498
SYN42001057,21,enlig,foertidspension,245000,151900,0,0,49,-10000
SYN42001058,26,enlig,ressourceforloeb,145000,101500,1,2,44,510288
SYN42001059,28,enlig,foertidspension,245000,151900,0,0,42,-10000
SYN42001060,30,samlevende,foertidspension,208000,128960,1,0,40,176664
SYN42001061,27,samlevende,foertidspension,208000,128960,0,0,43,-10000
SYN42001062,22,samlevende,ressourceforloeb,110000,77000,0,3,48,85222
SYN42001063,27,enlig,foertidspension,245000,151900,0,0,43,-10000
SYN42001064,23,samlevende,ressourceforloeb,110000,77000,1,2,47,399724
SYN42001065,30,enlig,foertidspension,245000,151900,0,0,40,-10000
SYN42001066,24,enlig,ressourceforloeb,145000,101500,1,4,46,472291
SYN42001067,27,enlig,foertidspension,245000,151900,0,0,43,-10000
SYN42001068,18,samlevende,foertidspension,208000,128960,0,0,52,-10000
SYN42001069,24,samlevende,ressourceforloeb,110000,77000,1,3,46,372508
SYN42001070,29,enlig,ressourceforloeb,145000,101500,0,3,41,140278
SYN42001071,27,samlevende,foertidspension,208000,128960,0,0,43,-10000
SYN42001072,25,samlevende,ressourceforloeb,110000,77000,1,3,45,127258
SYN42001073,30,samlevende,ressourceforloeb,110000,77000,1,1,40,122131
SYN42001074,29,enlig,ressourceforloeb,145000,101500,0,5,41,198501
SYN42001075,23,samlevende,ressourceforloeb,110000,77000,0,3,47,106197
SYN42001076,26,samlevende,foertidspension,208000,128960,1,0,44,21493
SYN42001077,25,samlevende,foertidspension,208000,128960,1,0,45,158213
SYN42001078,27,enlig,ressourceforloeb,145000,101500,1,5,43,172915
SYN42001079,23,samlevende,ressourceforloeb,110000,77000,1,4,47,355218
SYN42001080,22,enlig,ressourceforloeb,145000,101500,1,2,48,350857
SYN42001081,30,samlevende,ressourceforloeb,110000,77000,0,5,40,37151
SYN42001082,30,enlig,foertidspension,245000,151900,0,0,40,-10000
SYN42001083,29,enlig,ressourceforloeb,145000,101500,1,2,41,393542
SYN42001084,30,enlig,foertidspension,245000,151900,1,0,40,200663
SYN42001085,28,enlig,foertidspension,245000,151900,1,0,42,263043
SYN42001086,28,enlig,foertidspension,245000,151900,1,0,42,223584
SYN42001087,28,enlig,foertidspension,245000,151900,0,0,42,-10000
SYN42001088,25,enlig,ressourceforloeb,145000,101500,1,4,45,357232
SYN42001089,25,enlig,ressourceforloeb,145000,101500,1,2,45,319182
SYN42001090,22,samlevende,ressourceforloeb,110000,77000,0,1,48,-11208
SYN42001091,27,samlevende,foertidspension,208000,128960,1,0,43,104769
SYN42001092,23,samlevende,foertidspension,208000,128960,1,0,47,189116
SYN42001093,22,enlig,ressourceforloeb,145000,101500,0,1,48,64159
SYN42001094,26,enlig,ressourceforloeb,145000,101500,1,1,44,435211
SYN42001095,24,samlevende,ressourceforloeb,110000,77000,1,3,46,60836
SYN42001096,22,enlig,foertidspension,245000,151900,1,0,48,137556
SYN42001097,29,enlig,foertidspension,245000,151900,0,0,41,-10000
SYN42001098,29,samlevende,foertidspension,208000,128960,1,0,41,283389
SYN42001099,21,samlevende,foertidspension,208000,128960,1,0,49,138860
SYN42001100,18,enlig,ressourceforloeb,145000,101500,1,2,52,440692
SYN42001101,23,samlevende,foertidspension,208000,128960,0,0,47,-10000
SYN42001102,29,enlig,foertidspension,245000,151900,1,0,41,117365
SYN42001103,29,samlevende,ressourceforloeb,110000,77000,1,2,41,152520
SYN42001104,20,enlig,foertidspension,245000,151900,1,0,50,95221
SYN42001105,28,enlig,ressourceforloeb,145000,101500,1,5,42,185672
SYN42001106,20,samlevende,foertidspension,208000,128960,0,0,50,-10000
SYN42001107,24,enlig,foertidspension,245000,151900,1,0,46,160643
SYN42001108,30,samlevende,foertidspension,208000,128960,0,0,40,-10000
SYN42001109,21,enlig,foertidspension,245000,151900,1,0,49,398750
SYN42001110,21,samlevende,ressourceforloeb,110000,77000,0,1,49,-167322
SYN42001111,24,samlevende,foertidspension,208000,128960,1,0,46,274078
SYN42001112,27,enlig,foertidspension,245000,151900,0,0,43,-10000
SYN42001113,30,samlevende,foertidspension,208000,128960,1,0,40,199778
SYN42001114,30,enlig,foertidspension,245000,151900,1,0,40,158093
SYN42001115,19,enlig,ressourceforloeb,145000,101500,0,1,51,-246168
SYN42001116,20,enlig,foertidspension,245000,151900,0,0,50,-10000
SYN42001117,29,samlevende,foertidspension,208000,128960,1,0,41,151028
SYN42001118,22,samlevende,ressourceforloeb,110000,77000,1,4,48,106777
SYN42001119,29,samlevende,ressourceforloeb,110000,77000,0,2,41,31034
SYN42001120,27,samlevende,foertidspension,208000,128960,0,0,43,-10000
SYN42001121,20,samlevende,foertidspension,208000,128960,0,0,50,-10000
SYN42001122,29,enlig,foertidspension,245000,151900,1,0,41,243947
SYN42001123,21,samlevende,ressourceforloeb,110000,77000,1,2,49,139527
SYN42001124,24,samlevende,foertidspension,208000,128960,0,0,46,-10000
SYN42001125,26,enlig,ressourceforloeb,145000,101500,1,1,44,-41071
SYN42001126,25,samlevende,foertidspension,208000,128960,1,0,45,147555
SYN42001127,27,enlig,ressourceforloeb,145000,101500,1,5,43,767104
SYN42001128,27,enlig,foertidspension,245000,151900,0,0,43,-10000
SYN42001129,30,enlig,foertidspension,245000,151900,0,0,40,-10000
SYN42001130,30,enlig,foertidspension,245000,151900,0,0,40,-10000
SYN42001131,26,enlig,foertidspension,245000,151900,0,0,44,-10000
SYN42001132,19,samlevende,ressourceforloeb,110000,77000,0,4,51,78022
SYN42001133,28,samlevende,foertidspension,208000,128960,0,0,42,-10000
SYN42001134,30,enlig,foertidspension,245000,151900,0,0,40,-10000
SYN42001135,23,enlig,ressourceforloeb,145000,101500,1,3,47,283131
SYN42001136,25,enlig,foertidspension,245000,151900,0,0,45,-10000
SYN42001137,24,enlig,foertidspension,245000,151900,1,0,46,282617
SYN42001138,19,samlevende,foertidspension,208000,128960,0,0,51,-10000
SYN42001139,27,enlig,foertidspension,245000,151900,1,0,43,236870
SYN42001140,23,samlevende,ressourceforloeb,110000,77000,0,2,47,102360
SYN42001141,28,samlevende,foertidspension,208000,128960,1,0,42,144134
SYN42001142,29,samlevende,ressourceforloeb,110000,77000,1,1,41,382485
SYN42001143,29,samlevende,ressourceforloeb,110000,77000,0,3,41,49353
SYN42001144,24,enlig,ressourceforloeb,145000,101500,1,5,46,618567
SYN42001145,23,samlevende,ressourceforloeb,110000,77000,0,4,47,273181
SYN42001146,28,samlevende,ressourceforloeb,110000,77000,1,2,42,37667
SYN42001147,29,samlevende,foertidspension,208000,128960,0,0,41,-10000
SYN42001148,25,samlevende,ressourceforloeb,110000,77000,0,2,45,262444
SYN42001149,30,samlevende,ressourceforloeb,110000,77000,0,3,40,26072
SYN42001150,20,samlevende,ressourceforloeb,110000,77000,1,2,50,297639
SYN42001151,29,enlig,foertidspension,245000,151900,0,0,41,-10000
SYN42001152,19,samlevende,ressourceforloeb,110000,77000,1,1,51,175845
SYN42001153,20,samlevende,ressourceforloeb,110000,77000,0,3,50,224315
SYN42001154,26,enlig,foertidspension,245000,151900,0,0,44,-10000
SYN42001155,19,samlevende,ressourceforloeb,110000,77000,0,4,51,-45368
SYN42001156,19,enlig,foertidspension,245000,151900,1,0,51,301268
SYN42001157,18,samlevende,ressourceforloeb,110000,77000,1,5,52,183963
SYN42001158,25,enlig,ressourceforloeb,145000,101500,0,1,45,29271
SYN42001159,28,enlig,ressourceforloeb,145000,101500,1,5,42,-5778
SYN42001160,18,samlevende,foertidspension,208000,128960,0,0,52,-10000
SYN42001161,27,enlig,ressourceforloeb,145000,101500,0,5,43,72143
SYN42001162,29,enlig,foertidspension,245000,151900,1,0,41,193923
SYN42001163,21,enlig,ressourceforloeb,145000,101500,0,4,49,5580
SYN42001164,20,enlig,foertidspension,245000,151900,0,0,50,-10000
SYN42001165,29,samlevende,ressourceforloeb,110000,77000,1,4,41,173756
SYN42001166,29,samlevende,ressourceforloeb,110000,77000,0,2,41,38571
SYN42001167,26,enlig,ressourceforloeb,145000,101500,1,1,44,272773
SYN42001168,29,samlevende,foertidspension,208000,128960,1,0,41,71715
SYN42001169,19,enlig,ressourceforloeb,145000,101500,1,3,51,410776
SYN42001170,24,samlevende,foertidspension,208000,128960,1,0,46,171849
SYN42001171,28,enlig,foertidspension,245000,151900,1,0,42,85202
SYN42001172,22,enlig,foertidspension,245000,151900,0,0,48,-10000
SYN42001173,28,enlig,ressourceforloeb,145000,101500,1,1,42,409393
SYN42001174,25,samlevende,foertidspension,208000,128960,1,0,45,100741
SYN42001175,28,enlig,foertidspension,245000,151900,1,0,42,61076
SYN42001176,25,enlig,foertidspension,245000,151900,0,0,45,-10000
SYN42001177,24,samlevende,foertidspension,208000,128960,1,0,46,139020
SYN42001178,22,samlevende,foertidspension,208000,128960,1,0,48,209841
SYN42001179,21,enlig,foertidspension,245000,151900,0,0,49,-10000
SYN42001180,28,samlevende,foertidspension,208000,128960,1,0,42,38625
SYN42001181,20,samlevende,ressourceforloeb,110000,77000,0,2,50,169611
SYN42001182,19,enlig,foertidspension,245000,151900,0,0,51,-10000
SYN42001183,21,samlevende,ressourceforloeb,110000,77000,1,4,49,143349
SYN42001184,21,enlig,foertidspension,245000,151900,0,0,49,-10000
SYN42001185,29,samlevende,foertidspension,208000,128960,0,0,41,-10000
SYN42001186,24,enlig,ressourceforloeb,145000,101500,0,2,46,150492
SYN42001187,30,samlevende,ressourceforloeb,110000,77000,0,5,40,331405
SYN42001188,20,enlig,ressourceforloeb,145000,101500,1,5,50,304325
SYN42001189,27,enlig,ressourceforloeb,145000,101500,1,5,43,433737
SYN42001190,25,samlevende,ressourceforloeb,110000,77000,1,4,45,188828
SYN42001191,24,enlig,foertidspension,245000,151900,0,0,46,-10000
SYN42001192,29,samlevende,foertidspension,208000,128960,1,0,41,186235
SYN42001193,30,samlevende,foertidspension,208000,128960,1,0,40,237537
SYN42001194,29,samlevende,ressourceforloeb,110000,77000,1,5,41,337753
SYN42001195,21,enlig,foertidspension,245000,151900,0,0,49,-10000
SYN42001196,22,samlevende,ressourceforloeb,110000,77000,0,3,48,177217
SYN42001197,27,enlig,foertidspension,245000,151900,1,0,43,108629
SYN42001198,23,enlig,ressourceforloeb,145000,101500,1,1,47,224827
SYN42001199,28,samlevende,ressourceforloeb,110000,77000,0,2,42,-38996
SYN42001200,26,samlevende,ressourceforloeb,110000,77000,1,3,44,547445
SYN42001201,26,enlig,foertidspension,245000,151900,0,0,44,-10000
SYN42001202,29,enlig,ressourceforloeb,145000,101500,0,5,41,223855
SYN42001203,28,samlevende,foertidspension,208000,128960,1,0,42,155936
SYN42001204,18,samlevende,foertidspension,208000,128960,1,0,52,41801
SYN42001205,19,enlig,foertidspension,245000,151900,0,0,51,-10000
SYN42001206,27,samlevende,ressourceforloeb,110000,77000,1,2,43,112572
SYN42001207,25,enlig,ressourceforloeb,145000,101500,1,1,45,319209
SYN42001208,22,enlig,ressourceforloeb,145000,101500,0,5,48,175641
SYN42001209,24,samlevende,ressourceforloeb,110000,77000,1,4,46,717890
SYN42001210,28,samlevende,foertidspension,208000,128960,1,0,42,77737
SYN42001211,29,enlig,ressourceforloeb,145000,101500,1,1,41,-12611
SYN42001212,26,enlig,ressourceforloeb,145000,101500,1,4,44,119255
SYN42001213,24,enlig,ressourceforloeb,145000,101500,1,5,46,232245
SYN42001214,22,samlevende,foertidspension,208000,128960,0,0,48,-10000
SYN42001215,26,enlig,ressourceforloeb,145000,101500,0,2,44,-19496
SYN42001216,23,enlig,foertidspension,245000,151900,1,0,47,138717
SYN42001217,26,samlevende,ressourceforloeb,110000,77000,1,1,44,130156
SYN42001218,27,enlig,foertidspension,245000,151900,0,0,43,-10000
SYN42001219,19,samlevende,foertidspension,208000,128960,0,0,51,-10000
SYN42001220,18,enlig,ressourceforloeb,145000,101500,1,3,52,621770
SYN42001221,21,samlevende,ressourceforloeb,110000,77000,0,4,49,36703
SYN42001222,30,enlig,ressourceforloeb,145000,101500,0,3,40,322829
SYN42001223,27,enlig,ressourceforloeb,145000,101500,1,2,43,95404
SYN42001224,21,enlig,ressourceforloeb,145000,101500,1,3,49,76087
SYN42001225,29,samlevende,foertidspension,208000,128960,1,0,41,137060
SYN42001226,25,samlevende,foertidspension,208000,128960,1,0,45,79025
SYN42001227,25,enlig,ressourceforloeb,145000,101500,0,1,45,68183
SYN42001228,30,enlig,foertidspension,245000,151900,1,0,40,242840
SYN42001229,19,samlevende,ressourceforloeb,110000,77000,0,5,51,570090
SYN42001230,21,enlig,foertidspension,245000,151900,0,0,49,-10000
SYN42001231,26,enlig,ressourceforloeb,145000,101500,1,1,44,372258
SYN42001232,21,samlevende,foertidspension,208000,128960,1,0,49,210804
SYN42001233,27,enlig,foertidspension,245000,151900,1,0,43,130948
SYN42001234,21,enlig,ressourceforloeb,145000,101500,0,1,49,44076
SYN42001235,20,enlig,ressourceforloeb,145000,101500,1,5,50,166282
SYN42001236,21,enlig,ressourceforloeb,145000,101500,1,5,49,343777
SYN42001237,24,enlig,foertidspension,245000,151900,1,0,46,203695
SYN42001238,21,samlevende,foertidspension,208000,128960,1,0,49,85013
SYN42001239,20,samlevende,foertidspension,208000,128960,0,0,50,-10000
SYN42001240,29,enlig,foertidspension,245000,151900,1,0,41,119136
SYN42001241,23,samlevende,foertidspension,208000,128960,1,0,47,177333
SYN42001242,24,enlig,ressourceforloeb,145000,101500,1,2,46,374024
SYN42001243,19,samlevende,foertidspension,208000,128960,1,0,51,211660
SYN42001244,24,enlig,foertidspension,245000,151900,1,0,46,216979
SYN42001245,22,samlevende,ressourceforloeb,110000,77000,0,1,48,202097
SYN42001246,27,enlig,foertidspension,245000,151900,0,0,43,-10000
SYN42001247,21,enlig,ressourceforloeb,145000,101500,1,3,49,417136
SYN42001248,29,enlig,ressourceforloeb,145000,101500,1,4,41,57440
SYN42001249,30,enlig,foertidspension,245000,151900,1,0,40,53312
SYN42001250,20,enlig,ressourceforloeb,145000,101500,0,2,50,-487164
SYN42001251,20,samlevende,ressourceforloeb,110000,77000,0,5,50,385794
SYN42001252,20,samlevende,ressourceforloeb,110000,77000,1,5,50,75650
SYN42001253,27,enlig,foertidspension,245000,151900,1,0,43,199119
SYN42001254,20,samlevende,foertidspension,208000,128960,0,0,50,-10000
SYN42001255,29,samlevende,ressourceforloeb,110000,77000,1,3,41,292229
SYN42001256,28,samlevende,ressourceforloeb,110000,77000,0,2,42,107681
SYN42001257,29,samlevende,ressourceforloeb,110000,77000,1,2,41,229826
SYN42001258,26,samlevende,foertidspension,208000,128960,0,0,44,-10000
SYN42001259,30,enlig,ressourceforloeb,145000,101500,0,4,40,98509
SYN42001260,18,samlevende,foertidspension,208000,128960,0,0,52,-10000
SYN42001261,24,samlevende,foertidspension,208000,128960,1,0,46,113281
SYN42001262,23,enlig,ressourceforloeb,145000,101500,1,4,47,93838
SYN42001263,30,enlig,foertidspension,245000,151900,1,0,40,255212
SYN42001264,26,enlig,foertidspension,245000,151900,1,0,44,275319
SYN42001265,29,samlevende,foertidspension,208000,128960,0,0,41,-10000
SYN42001266,21,enlig,ressourceforloeb,145000,101500,0,4,49,88948
SYN42001267,30,samlevende,foertidspension,208000,128960,1,0,40,146174
SYN42001268,25,samlevende,foertidspension,208000,128960,0,0,45,-10000
SYN42001269,25,samlevende,foertidspension,208000,128960,1,0,45,296415
SYN42001270,30,enlig,foertidspension,245000,151900,1,0,40,42213
SYN42001271,24,samlevende,ressourceforloeb,110000,77000,1,2,46,241363
SYN42001272,24,samlevende,foertidspension,208000,128960,0,0,46,-10000
SYN42001273,26,enlig,foertidspension,245000,151900,1,0,44,289974
SYN42001274,20,samlevende,ressourceforloeb,110000,77000,0,5,50,59807
SYN42001275,23,enlig,ressourceforloeb,145000,101500,0,4,47,47298
SYN42001276,21,samlevende,ressourceforloeb,110000,77000,1,2,49,244717
SYN42001277,20,enlig,foertidspension,245000,151900,1,0,50,189565
SYN42001278,29,enlig,ressourceforloeb,145000,101500,1,1,41,285631
SYN42001279,26,enlig,foertidspension,245000,151900,0,0,44,-10000
SYN42001280,24,enlig,ressourceforloeb,145000,101500,1,4,46,369941
SYN42001281,24,enlig,ressourceforloeb,145000,101500,1,1,46,267403
SYN42001282,25,samlevende,foertidspension,208000,128960,1,0,45,310205
SYN42001283,27,enlig,ressourceforloeb,145000,101500,1,5,43,426630
SYN42001284,30,enlig,foertidspension,245000,151900,0,0,40,-10000
SYN42001285,30,samlevende,ressourceforloeb,110000,77000,1,2,40,-3394
SYN42001286,24,samlevende,foertidspension,208000,128960,1,0,46,336844
SYN42001287,23,enlig,ressourceforloeb,145000,101500,1,2,47,36115
SYN42001288,25,samlevende,foertidspension,208000,128960,1,0,45,-18524
SYN42001289,26,enlig,foertidspension,245000,151900,1,0,44,261294
SYN42001290,25,samlevende,ressourceforloeb,110000,77000,1,1,45,432665
SYN42001291,27,enlig,ressourceforloeb,145000,101500,1,1,43,-18331
SYN42001292,26,samlevende,ressourceforloeb,110000,77000,0,1,44,100487
SYN42001293,23,samlevende,foertidspension,208000,128960,0,0,47,-10000
SYN42001294,23,samlevende,foertidspension,208000,128960,1,0,47,169175
SYN42001295,24,samlevende,ressourceforloeb,110000,77000,1,1,46,114996
SYN42001296,19,samlevende,ressourceforloeb,110000,77000,1,5,51,532427
SYN42001297,21,enlig,foertidspension,245000,151900,1,0,49,331997
SYN42001298,28,samlevende,foertidspension,208000,128960,1,0,42,170239
SYN42001299,24,samlevende,foertidspension,208000,128960,0,0,46,-10000
SYN42001300,21,samlevende,ressourceforloeb,110000,77000,0,4,49,-4154
SYN42001301,26,enlig,foertidspension,245000,151900,1,0,44,152102
SYN42001302,28,enlig,foertidspension,245000,151900,1,0,42,196377
SYN42001303,22,samlevende,ressourceforloeb,110000,77000,1,5,48,76763
SYN42001304,29,enlig,ressourceforloeb,145000,101500,1,4,41,287487
SYN42001305,30,enlig,ressourceforloeb,145000,101500,1,4,40,324558
SYN42001306,26,enlig,foertidspension,245000,151900,1,0,44,150548
SYN42001307,27,samlevende,ressourceforloeb,110000,77000,1,3,43,421922
SYN42001308,19,enlig,foertidspension,245000,151900,0,0,51,-10000
SYN42001309,30,enlig,foertidspension,245000,151900,1,0,40,355421
SYN42001310,24,enlig,foertidspension,245000,151900,1,0,46,181255
SYN42001311,30,samlevende,foertidspension,208000,128960,0,0,40,-10000
SYN42001312,26,samlevende,ressourceforloeb,110000,77000,1,1,44,78296
SYN42001313,18,enlig,foertidspension,245000,151900,1,0,52,93918
SYN42001314,18,enlig,ressourceforloeb,145000,101500,1,4,52,669856
SYN42001315,27,samlevende,foertidspension,208000,128960,1,0,43,125531
SYN42001316,26,enlig,foertidspension,245000,151900,0,0,44,-10000
SYN42001317,18,samlevende,foertidspension,208000,128960,0,0,52,-10000
SYN42001318,28,enlig,foertidspension,245000,151900,0,0,42,-10000
SYN42001319,29,samlevende,ressourceforloeb,110000,77000,0,3,41,-143718
SYN42001320,25,enlig,foertidspension,245000,151900,1,0,45,197387
SYN42001321,25,samlevende,foertidspension,208000,128960,1,0,45,135546
SYN42001322,18,enlig,foertidspension,245000,151900,1,0,52,387490
SYN42001323,28,samlevende,ressourceforloeb,110000,77000,0,5,42,90171
SYN42001324,23,samlevende,ressourceforloeb,110000,77000,0,2,47,188453
SYN42001325,29,samlevende,foertidspension,208000,128960,0,0,41,-10000
SYN42001326,24,enlig,ressourceforloeb,145000,101500,1,5,46,521903
SYN42001327,26,enlig,foertidspension,245000,151900,0,0,44,-10000
SYN42001328,22,samlevende,foertidspension,208000,128960,1,0,48,155320
SYN42001329,21,samlevende,foertidspension,208000,128960,1,0,49,97582
SYN42001330,28,enlig,ressourceforloeb,145000,101500,1,4,42,178106
SYN42001331,25,enlig,foertidspension,245000,151900,0,0,45,-10000
SYN42001332,26,enlig,ressourceforloeb,145000,101500,0,4,44,230962
SYN42001333,30,samlevende,ressourceforloeb,110000,77000,1,5,40,255176
SYN42001334,30,samlevende,foertidspension,208000,128960,1,0,40,215931
SYN42001335,29,samlevende,ressourceforloeb,110000,77000,0,3,41,395552
SYN42001336,21,samlevende,ressourceforloeb,110000,77000,1,1,49,213696
SYN42001337,26,enlig,ressourceforloeb,145000,101500,1,1,44,56611
SYN42001338,29,enlig,foertidspension,245000,151900,1,0,41,257737
SYN42001339,24,enlig,foertidspension,245000,151900,0,0,46,-10000
SYN42001340,20,samlevende,ressourceforloeb,110000,77000,0,1,50,98307
SYN42001341,29,enlig,ressourceforloeb,145000,101500,0,2,41,105048
SYN42001342,25,enlig,foertidspension,245000,151900,0,0,45,-10000
SYN42001343,26,enlig,ressourceforloeb,145000,101500,1,2,44,163249
SYN42001344,30,enlig,foertidspension,245000,151900,1,0,40,199124
SYN42001345,27,samlevende,foertidspension,208000,128960,1,0,43,155833
SYN42001346,24,enlig,foertidspension,245000,151900,1,0,46,319173
SYN42001347,24,enlig,foertidspension,245000,151900,0,0,46,-10000
SYN42001348,24,samlevende,foertidspension,208000,128960,0,0,46,-10000
SYN42001349,20,enlig,foertidspension,245000,151900,1,0,50,224229
SYN42001350,29,enlig,ressourceforloeb,145000,101500,1,1,41,154400
SYN42001351,29,enlig,ressourceforloeb,145000,101500,1,1,41,256754
SYN42001352,23,samlevende,foertidspension,208000,128960,0,0,47,-10000
SYN42001353,23,enlig,ressourceforloeb,145000,101500,0,3,47,157545
SYN42001354,29,samlevende,foertidspension,208000,128960,0,0,41,-10000
SYN42001355,18,samlevende,foertidspension,208000,128960,1,0,52,140467
SYN42001356,26,samlevende,foertidspension,208000,128960,1,0,44,184263
SYN42001357,25,enlig,ressourceforloeb,145000,101500,1,1,45,60615
SYN42001358,27,samlevende,ressourceforloeb,110000,77000,1,1,43,61063
SYN42001359,21,enlig,foertidspension,245000,151900,0,0,49,-10000
SYN42001360,27,enlig,ressourceforloeb,145000,101500,1,3,43,197893
SYN42001361,24,enlig,foertidspension,245000,151900,0,0,46,-10000
SYN42001362,27,enlig,foertidspension,245000,151900,1,0,43,126548
SYN42001363,18,enlig,foertidspension,245000,151900,1,0,52,111984
SYN42001364,25,enlig,foertidspension,245000,151900,1,0,45,166954
SYN42001365,26,enlig,ressourceforloeb,145000,101500,0,3,44,162992
SYN42001366,21,enlig,ressourceforloeb,145000,101500,1,1,49,184042
SYN42001367,20,samlevende,foertidspension,208000,128960,1,0,50,120133
SYN42001368,21,samlevende,ressourceforloeb,110000,77000,0,3,49,89498
SYN42001369,23,enlig,ressourceforloeb,145000,101500,0,2,47,129328
SYN42001370,19,samlevende,ressourceforloeb,110000,77000,1,2,51,381486
SYN42001371,30,enlig,ressourceforloeb,145000,101500,0,2,40,184779
SYN42001372,24,enlig,foertidspension,245000,151900,0,0,46,-10000
SYN42001373,29,enlig,ressourceforloeb,145000,101500,0,5,41,386488
SYN42001374,30,enlig,foertidspension,245000,151900,0,0,40,-10000
SYN42001375,19,enlig,ressourceforloeb,145000,101500,1,5,51,485883
SYN42001376,27,enlig,foertidspension,245000,151900,1,0,43,159557
SYN42001377,29,enlig,ressourceforloeb,145000,101500,0,3,41,50570
SYN42001378,27,enlig,foertidspension,245000,151900,1,0,43,129243
SYN42001379,24,enlig,ressourceforloeb,145000,101500,0,3,46,-90153
SYN42001380,25,enlig,foertidspension,245000,151900,0,0,45,-10000
SYN42001381,18,enlig,ressourceforloeb,145000,101500,0,3,52,-107611
SYN42001382,26,enlig,ressourceforloeb,145000,101500,1,4,44,-70858
SYN42001383,30,enlig,ressourceforloeb,145000,101500,1,1,40,29816
SYN42001384,30,enlig,foertidspension,245000,151900,1,0,40,222055
SYN42001385,18,enlig,foertidspension,245000,151900,0,0,52,-10000
SYN42001386,28,enlig,ressourceforloeb,145000,101500,0,5,42,246615
SYN42001387,23,samlevende,ressourceforloeb,110000,77000,0,5,47,107324
SYN42001388,30,enlig,foertidspension,245000,151900,1,0,40,235657
SYN42001389,18,enlig,foertidspension,245000,151900,0,0,52,-10000
SYN42001390,30,enlig,ressourceforloeb,145000,101500,1,1,40,20349
SYN42001391,29,samlevende,foertidspension,208000,128960,1,0,41,222838
SYN42001392,20,samlevende,foertidspension,208000,128960,1,0,50,302522
SYN42001393,19,samlevende,foertidspension,208000,128960,1,0,51,67758
SYN42001394,29,samlevende,ressourceforloeb,110000,77000,0,3,41,127613
SYN42001395,21,enlig,ressourceforloeb,145000,101500,1,1,49,88546
SYN42001396,26,samlevende,ressourceforloeb,110000,77000,0,3,44,351231
SYN42001397,30,enlig,foertidspension,245000,151900,1,0,40,176936
SYN42001398,26,samlevende,ressourceforloeb,110000,77000,1,3,44,-23668
SYN42001399,24,enlig,foertidspension,245000,151900,0,0,46,-10000
SYN42001400,25,enlig,foertidspension,245000,151900,1,0,45,185936
SYN42001401,19,samlevende,foertidspension,208000,128960,0,0,51,-10000
SYN42001402,30,enlig,ressourceforloeb,145000,101500,0,2,40,317769
SYN42001403,23,samlevende,ressourceforloeb,110000,77000,1,4,47,296531
SYN42001404,21,enlig,ressourceforloeb,145000,101500,1,3,49,239943
SYN42001405,23,samlevende,foertidspension,208000,128960,1,0,47,129748
SYN42001406,30,samlevende,foertidspension,208000,128960,1,0,40,203991
SYN42001407,19,enlig,ressourceforloeb,145000,101500,1,1,51,320953
SYN42001408,29,samlevende,foertidspension,208000,128960,0,0,41,-10000
SYN42001409,28,samlevende,ressourceforloeb,110000,77000,0,3,42,276867
SYN42001410,29,samlevende,ressourceforloeb,110000,77000,1,5,41,334011
SYN42001411,30,enlig,ressourceforloeb,145000,101500,0,3,40,371489
SYN42001412,29,enlig,foertidspension,245000,151900,1,0,41,262652
SYN42001413,30,samlevende,ressourceforloeb,110000,77000,0,1,40,-85577
SYN42001414,20,enlig,ressourceforloeb,145000,101500,0,3,50,267668
SYN42001415,29,enlig,foertidspension,245000,151900,1,0,41,292434
SYN42001416,26,enlig,foertidspension,245000,151900,1,0,44,175553
SYN42001417,26,samlevende,ressourceforloeb,110000,77000,1,4,44,382134
SYN42001418,30,enlig,ressourceforloeb,145000,101500,1,3,40,349922
SYN42001419,30,samlevende,foertidspension,208000,128960,0,0,40,-10000
SYN42001420,28,samlevende,ressourceforloeb,110000,77000,1,1,42,-10185
SYN42001421,25,enlig,ressourceforloeb,145000,101500,0,1,45,153648
SYN42001422,25,enlig,foertidspension,245000,151900,1,0,45,213344
SYN42001423,24,samlevende,ressourceforloeb,110000,77000,0,5,46,179638
SYN42001424,24,enlig,foertidspension,245000,151900,1,0,46,256754
SYN42001425,24,samlevende,ressourceforloeb,110000,77000,0,2,46,168277
SYN42001426,19,samlevende,ressourceforloeb,110000,77000,1,1,51,320373
SYN42001427,19,samlevende,ressourceforloeb,110000,77000,1,4,51,225091
SYN42001428,28,enlig,ressourceforloeb,145000,101500,1,1,42,149166
SYN42001429,25,samlevende,ressourceforloeb,110000,77000,0,4,45,184626
SYN42001430,30,samlevende,ressourceforloeb,110000,77000,1,2,40,384469
SYN42001431,27,enlig,foertidspension,245000,151900,0,0,43,-10000
SYN42001432,18,samlevende,foertidspension,208000,128960,0,0,52,-10000
SYN42001433,21,samlevende,ressourceforloeb,110000,77000,0,4,49,27428
SYN42001434,21,samlevende,foertidspension,208000,128960,0,0,49,-10000
SYN42001435,30,enlig,foertidspension,245000,151900,1,0,40,261607
SYN42001436,22,enlig,foertidspension,245000,151900,0,0,48,-10000
SYN42001437,26,enlig,ressourceforloeb,145000,101500,0,4,44,367741
SYN42001438,30,enlig,ressourceforloeb,145000,101500,1,2,40,132979
SYN42001439,30,enlig,ressourceforloeb,145000,101500,1,3,40,395168
SYN42001440,22,samlevende,ressourceforloeb,110000,77000,1,5,48,262180
SYN42001441,19,enlig,ressourceforloeb,145000,101500,1,2,51,49251
SYN42001442,20,samlevende,foertidspension,208000,128960,0,0,50,-10000
SYN42001443,19,enlig,foertidspension,245000,151900,1,0,51,335511
SYN42001444,21,enlig,ressourceforloeb,145000,101500,0,2,49,239413
SYN42001445,26,enlig,ressourceforloeb,145000,101500,0,3,44,178579
SYN42001446,30,enlig,ressourceforloeb,145000,101500,0,1,40,58974
SYN42001447,26,samlevende,ressourceforloeb,110000,77000,1,1,44,56366
SYN42001448,27,samlevende,foertidspension,208000,128960,0,0,43,-10000
SYN42001449,21,samlevende,ressourceforloeb,110000,77000,1,3,49,363924
SYN42001450,29,enlig,foertidspension,245000,151900,0,0,41,-10000
SYN42001451,27,samlevende,foertidspension,208000,128960,1,0,43,40031
SYN42001452,29,enlig,foertidspension,245000,151900,1,0,41,223101
SYN42001453,30,samlevende,foertidspension,208000,128960,0,0,40,-10000
SYN42001454,23,enlig,foertidspension,245000,151900,0,0,47,-10000
SYN42001455,19,enlig,ressourceforloeb,145000,101500,1,2,51,668465
SYN42001456,22,enlig,ressourceforloeb,145000,101500,1,1,48,241684
SYN42001457,25,enlig,foertidspension,245000,151900,0,0,45,-10000
SYN42001458,30,enlig,ressourceforloeb,145000,101500,1,1,40,341810
SYN42001459,24,samlevende,foertidspension,208000,128960,0,0,46,-10000
SYN42001460,28,samlevende,ressourceforloeb,110000,77000,0,4,42,50742
SYN42001461,26,samlevende,ressourceforloeb,110000,77000,0,5,44,-930
SYN42001462,21,enlig,ressourceforloeb,145000,101500,1,3,49,275633
SYN42001463,23,samlevende,foertidspension,208000,128960,0,0,47,-10000
SYN42001464,27,enlig,ressourceforloeb,145000,101500,1,4,43,36615
SYN42001465,27,enlig,ressourceforloeb,145000,101500,0,5,43,158586
SYN42001466,25,enlig,ressourceforloeb,145000,101500,1,2,45,-7480
SYN42001467,22,enlig,foertidspension,245000,151900,0,0,48,-10000
SYN42001468,28,samlevende,foertidspension,208000,128960,1,0,42,12487
SYN42001469,21,enlig,ressourceforloeb,145000,101500,1,1,49,-122651
SYN42001470,30,enlig,foertidspension,245000,151900,0,0,40,-10000
SYN42001471,21,samlevende,ressourceforloeb,110000,77000,0,5,49,-35446
SYN42001472,20,enlig,foertidspension,245000,151900,1,0,50,200575
SYN42001473,25,samlevende,ressourceforloeb,110000,77000,1,1,45,68081
SYN42001474,26,enlig,ressourceforloeb,145000,101500,1,5,44,343432
SYN42001475,25,samlevende,foertidspension,208000,128960,0,0,45,-10000
SYN42001476,25,samlevende,foertidspension,208000,128960,1,0,45,169427
SYN42001477,30,samlevende,ressourceforloeb,110000,77000,0,4,40,-25414
SYN42001478,25,samlevende,foertidspension,208000,128960,0,0,45,-10000
SYN42001479,25,samlevende,foertidspension,208000,128960,1,0,45,95424
SYN42001480,24,samlevende,ressourceforloeb,110000,77000,1,2,46,307390
SYN42001481,19,enlig,foertidspension,245000,151900,1,0,51,184291
SYN42001482,26,enlig,foertidspension,245000,151900,1,0,44,335304
SYN42001483,22,samlevende,ressourceforloeb,110000,77000,0,2,48,193631
SYN42001484,27,enlig,foertidspension,245000,151900,1,0,43,234982
SYN42001485,19,enlig,ressourceforloeb,145000,101500,0,1,51,170014
SYN42001486,30,enlig,foertidspension,245000,151900,0,0,40,-10000
SYN42001487,25,enlig,ressourceforloeb,145000,101500,0,1,45,-202950
SYN42001488,30,enlig,ressourceforloeb,145000,101500,1,5,40,368302
SYN42001489,25,samlevende,foertidspension,208000,128960,1,0,45,184063
SYN42001490,19,samlevende,foertidspension,208000,128960,0,0,51,-10000
SYN42001491,29,samlevende,foertidspension,208000,128960,1,0,41,144984
SYN42001492,27,enlig,foertidspension,245000,151900,1,0,43,202849
SYN42001493,28,enlig,ressourceforloeb,145000,101500,1,4,42,229141
SYN42001494,24,samlevende,ressourceforloeb,110000,77000,1,1,46,142613
SYN42001495,27,enlig,ressourceforloeb,145000,101500,0,3,43,285191
SYN42001496,29,samlevende,ressourceforloeb,110000,77000,1,4,41,371631
SYN42001497,27,enlig,ressourceforloeb,145000,101500,1,3,43,384422
SYN42001498,23,samlevende,foertidspension,208000,128960,1,0,47,148718
SYN42001499,27,enlig,foertidspension,245000,151900,1,0,43,98942
